{"stats":{"minecraft:dropped":{"minecraft:iron_ingot":89,"minecraft:bread":6,"minecraft:wheat_seeds":6,"minecraft:glass_bottle":1,"minecraft:crafting_table":1,"pointblank:gunmetal_ingot":1,"minecraft:poisonous_potato":5,"minecraft:feather":1,"minecraft:cobblestone":9,"ecologics:walnut_sapling":4,"marbledsarsenal:swat_armor_boots":1,"minecraft:stick":2,"minecraft:dirt":148,"minecraft:torch":1,"projectvibrantjourneys:fallen_leaves":2,"minecraft:lily_pad":31,"minecraft:bone":1,"marbledsarsenal:swat_armor_helmet":1,"minecraft:sweet_berries":6,"marbledsarsenal:swat_armor_chestplate":1,"minecraft:coarse_dirt":2,"alexsmobs:animal_dictionary":1,"marbledsarsenal:swat_armor_leggings":1,"minecraft:chicken":1,"minecraft:rotten_flesh":34,"minecraft:azure_bluet":1,"minecraft:carrot":239,"projectvibrantjourneys:light_brown_bark_mushroom":1,"minecraft:potato":404,"ecologics:walnut":3,"ecologics:coconut_husk":2,"minecraft:oak_sapling":1,"minecraft:stone_pickaxe":2,"create:white_seat":1,"effortlessbuilding:muscles":1},"minecraft:killed":{"hordes:zombie_player":1,"alexsmobs:raccoon":1,"alexsmobs:seagull":1,"minecraft:zombie_horse":3,"minecraft:drowned":2,"alexsmobs:flying_fish":1,"minecraft:husk":2,"minecraft:pig":2,"minecraft:zombie_villager":1,"minecraft:zombie":14,"alexsmobs:crocodile":1,"alexsmobs:fly":1},"minecraft:used":{"minecraft:stone_sword":51,"minecraft:iron_shovel":1352,"minecraft:spruce_slab":34,"minecraft:ladder":20,"minecraft:chest":6,"minecraft:spruce_planks":22,"minecraft:iron_sword":15,"minecraft:wooden_shovel":71,"minecraft:bell":1,"minecraft:stone_hoe":74,"minecraft:dirt":554,"minecraft:white_carpet":24,"minecraft:hopper":3,"minecraft:cobblestone_wall":2,"minecraft:carrot":105,"marbledsarsenal:swat_armor_helmet":1,"marbledsarsenal:swat_armor_chestplate":1,"minecraft:glass":23,"minecraft:iron_hoe":167,"alexsmobs:maggot":1,"minecraft:lava_bucket":1,"minecraft:villager_spawn_egg":10,"minecraft:iron_axe":119,"minecraft:oak_stairs":3,"marbledsarsenal:police_baton":21,"minecraft:hay_block":2,"minecraft:sweet_berries":1,"projectvibrantjourneys:cattail":1,"ecologics:walnut":3,"minecraft:potato":106,"minecraft:water_bucket":13,"table_top_craft:chess_piece_figure":3,"minecraft:baked_potato":14,"minecraft:stone_pickaxe":26,"minecraft:powered_rail":3,"minecraft:oak_planks":25,"minecraft:wooden_pickaxe":15,"marbledsarsenal:swat_armor_boots":1,"minecraft:spruce_sign":12,"minecraft:cobblestone_slab":56,"immersive_aircraft:cargo_airship":1,"minecraft:sand":1,"minecraft:rail":95,"minecraft:crafting_table":7,"minecraft:blast_furnace":2,"minecraft:white_bed":7,"minecraft:redstone_torch":3,"minecraft:oak_log":5,"alexsmobs:flying_fish":1,"minecraft:bread":12,"minecraft:iron_pickaxe":473,"minecraft:string":24,"marbledsarsenal:swat_armor_leggings":1,"minecraft:spruce_trapdoor":1,"create:white_seat":1,"minecraft:stone_axe":14,"minecraft:cobblestone":60,"minecraft:potion":1,"minecraft:porkchop":3,"minecraft:cooked_porkchop":2,"minecraft:bucket":11,"minecraft:chain":8,"minecraft:yellow_bed":9,"alexsmobs:animal_dictionary":1,"minecraft:coarse_dirt":6,"minecraft:cobweb":26,"minecraft:bone_meal":3},"minecraft:crafted":{"minecraft:oak_planks":84,"minecraft:redstone":18,"minecraft:cobblestone_slab":54,"ecologics:walnut_planks":20,"minecraft:chain":4,"minecraft:stone":35,"minecraft:bone_meal":3,"minecraft:spruce_fence":132,"minecraft:white_carpet":24,"minecraft:iron_axe":1,"minecraft:ladder":21,"minecraft:iron_hoe":1,"minecraft:spruce_slab":192,"minecraft:stone_pickaxe":1,"minecraft:cobblestone_wall":6,"minecraft:chest":4,"minecraft:rail":208,"minecraft:stone_hoe":1,"minecraft:wheat":135,"minecraft:minecart":5,"minecraft:wooden_shovel":1,"minecraft:spruce_sign":15,"minecraft:crafting_table":2,"pointblank:gunmetal_ingot":1,"minecraft:spruce_planks":512,"minecraft:wooden_pickaxe":1,"minecraft:powered_rail":6,"minecraft:baked_potato":66,"minecraft:iron_sword":1,"minecraft:copper_ingot":90,"minecraft:bucket":2,"minecraft:stone_axe":1,"minecraft:bread":45,"minecraft:air":0,"minecraft:spruce_trapdoor":2,"minecraft:white_wool":16,"minecraft:stick":324,"minecraft:iron_ingot":112,"minecraft:iron_pickaxe":2,"minecraft:iron_shovel":8,"minecraft:redstone_torch":2,"minecraft:spruce_fence_gate":2},"minecraft:mined":{"minecraft:spruce_planks":12,"projectvibrantjourneys:rocks":5,"psg:sulphur_ore":1,"minecraft:grass_block":689,"minecraft:hopper":1,"minecraft:rooted_dirt":1,"minecraft:hay_block":53,"minecraft:carrots":177,"minecraft:bell":2,"minecraft:potatoes":189,"minecraft:cobblestone_slab":46,"minecraft:dirt_path":6,"minecraft:deepslate_iron_ore":6,"minecraft:rail":8,"minecraft:oak_stairs":3,"minecraft:stone":400,"minecraft:redstone_wall_torch":1,"minecraft:spruce_slab":88,"projectvibrantjourneys:cattail":6,"create:white_seat":1,"minecraft:crafting_table":8,"projectvibrantjourneys:twigs":8,"minecraft:chest":2,"projectvibrantjourneys:mossy_rocks":2,"minecraft:copper_ore":9,"minecraft:tall_grass":100,"minecraft:cobblestone":12,"minecraft:deepslate_coal_ore":5,"projectvibrantjourneys:fallen_leaves":10,"minecraft:oak_planks":5,"minecraft:wall_torch":8,"minecraft:seagrass":1,"minecraft:coarse_dirt":87,"minecraft:cobblestone_wall":1,"minecraft:ice":1,"projectvibrantjourneys:bones":1,"minecraft:yellow_bed":4,"minecraft:grass":346,"minecraft:oak_log":7,"minecraft:coal_ore":2,"projectvibrantjourneys:short_grass":76,"minecraft:sand":1,"minecraft:dirt":795,"minecraft:cobweb":23,"minecraft:oak_leaves":1},"minecraft:picked_up":{"sophisticatedbackpacks:gold_backpack":3,"minecraft:crafting_table":8,"minecraft:iron_chestplate":3,"minecraft:coarse_dirt":18,"minecraft:azure_bluet":1,"minecraft:chicken":2,"minecraft:oak_stairs":3,"marbledsarsenal:swat_armor_chestplate":3,"minecraft:string":25,"minecraft:raw_copper":34,"minecraft:iron_axe":3,"minecraft:iron_leggings":3,"ecologics:walnut_sapling":8,"minecraft:gold_nugget":1,"minecraft:spruce_planks":248,"minecraft:redstone_torch":1,"minecraft:cobblestone_slab":43,"create:white_seat":2,"minecraft:spruce_slab":103,"alexsmobs:raccoon_tail":1,"minecraft:minecart":7,"minecraft:chest":2,"minecraft:iron_boots":3,"minecraft:stick":39,"minecraft:raw_iron":6,"ecologics:walnut_log":10,"minecraft:copper_ingot":44,"minecraft:torch":7,"sophisticatedbackpacks:backpack":1,"minecraft:spruce_fence":12,"effortlessbuilding:muscles":1,"minecraft:porkchop":4,"pointblank:gunmetal_nugget":74,"psg:sulphur":5,"minecraft:carrot":741,"pointblank:ammo45acp":35,"pointblank:m1911a1":5,"minecraft:stone_sword":4,"minecraft:rotten_flesh":65,"minecraft:hay_block":53,"create:asurine":3,"projectvibrantjourneys:cattail":4,"minecraft:saddle":1,"minecraft:rail":8,"alexsmobs:flying_fish":1,"minecraft:cobblestone":770,"ecologics:walnut":12,"minecraft:feather":2,"minecraft:water_bucket":1,"table_top_craft:chess_piece_figure":3,"projectvibrantjourneys:fallen_leaves":12,"minecraft:potato":877,"marbledsarsenal:swat_armor_boots":3,"minecraft:oak_log":29,"minecraft:lily_pad":31,"minecraft:yellow_bed":4,"minecraft:cobblestone_wall":13,"minecraft:gunpowder":3,"marbledsarsenal:cm6m_gas_mask":1,"minecraft:dirt":1372,"minecraft:leather_boots":1,"marbledsarsenal:swat_armor_helmet":3,"minecraft:glass":840,"minecraft:bone":3,"minecraft:wheat_seeds":66,"minecraft:iron_ingot":23,"minecraft:bell":2,"minecraft:cobweb":17,"minecraft:stone_pickaxe":4,"minecraft:oak_planks":4,"projectvibrantjourneys:light_brown_bark_mushroom":2,"immersive_aircraft:cargo_airship":3,"minecraft:cooked_porkchop":2,"marbledsarsenal:swat_armor_leggings":3,"minecraft:sweet_berries":7,"minecraft:poisonous_potato":12,"minecraft:lava_bucket":1,"ecologics:coconut_husk":2,"minecraft:sand":1,"minecraft:blast_furnace":2,"minecraft:spruce_log":32,"minecraft:stone_axe":1,"minecraft:iron_helmet":3,"minecraft:bread":30,"alexsmobs:maggot":1,"minecraft:baked_potato":9,"minecraft:oak_sapling":1,"minecraft:coal":7,"minecraft:hopper":1},"minecraft:killed_by":{"minecraft:player":5,"hordes:zombie_player":3,"minecraft:zombie_horse":1,"minecraft:zombie":4},"minecraft:broken":{"minecraft:iron_shovel":4,"minecraft:wooden_shovel":1,"minecraft:iron_pickaxe":1},"minecraft:custom":{"minecraft:mob_kills":35,"minecraft:inspect_hopper":2,"minecraft:interact_with_crafting_table":49,"minecraft:bell_ring":4,"minecraft:damage_dealt_resisted":377,"minecraft:leave_game":8,"minecraft:time_since_death":47038,"minecraft:climb_one_cm":21625,"minecraft:sprint_one_cm":505660,"minecraft:walk_one_cm":1481242,"minecraft:drop":71,"minecraft:talked_to_villager":7,"minecraft:play_time":472438,"minecraft:sneak_time":17588,"minecraft:deaths":18,"minecraft:walk_under_water_one_cm":18789,"minecraft:boat_one_cm":329787,"minecraft:jump":3851,"minecraft:interact_with_blast_furnace":3,"minecraft:walk_on_water_one_cm":24916,"minecraft:total_world_time":472438,"minecraft:interact_with_furnace":9,"minecraft:sleep_in_bed":4,"minecraft:time_since_rest":47088,"minecraft:damage_taken":5654,"minecraft:damage_dealt":5336,"minecraft:swim_one_cm":12955,"minecraft:player_kills":2,"minecraft:fly_one_cm":622464,"minecraft:open_chest":174,"minecraft:crouch_one_cm":39511,"minecraft:interact_with_smoker":11,"minecraft:fall_one_cm":79280,"minecraft:inspect_dispenser":3,"minecraft:horse_one_cm":220}},"DataVersion":3465}