{"stats":{"minecraft:killed":{"minecraft:zombie":1},"minecraft:mined":{"projectvibrantjourneys:rocks":1,"minecraft:crafting_table":3,"minecraft:grass":2,"minecraft:oak_log":7,"minecraft:coal_ore":2,"projectvibrantjourneys:short_grass":1,"minecraft:deepslate_iron_ore":2,"minecraft:copper_ore":8,"minecraft:deepslate_coal_ore":5,"minecraft:stone":15,"minecraft:oak_planks":2,"minecraft:oak_leaves":1},"minecraft:used":{"minecraft:stone_pickaxe":19,"minecraft:oak_planks":20,"minecraft:wooden_pickaxe":15,"minecraft:stone_axe":2,"minecraft:crafting_table":1,"alexsmobs:animal_dictionary":1},"minecraft:crafted":{"minecraft:oak_planks":28,"minecraft:stick":8,"minecraft:wooden_pickaxe":1,"minecraft:stone_pickaxe":1,"minecraft:stone_axe":1},"minecraft:dropped":{"alexsmobs:animal_dictionary":1,"minecraft:crafting_table":1,"minecraft:cobblestone":9,"minecraft:stick":2},"minecraft:picked_up":{"minecraft:raw_iron":2,"minecraft:crafting_table":3,"pointblank:gunmetal_nugget":3,"minecraft:oak_log":7,"minecraft:gunpowder":1,"minecraft:raw_copper":32,"minecraft:oak_sapling":1,"minecraft:oak_planks":1,"minecraft:coal":7,"minecraft:cobblestone":15},"minecraft:custom":{"minecraft:time_since_rest":29837,"minecraft:sprint_one_cm":2417,"minecraft:damage_taken":20,"minecraft:walk_one_cm":50330,"minecraft:mob_kills":2,"minecraft:drop":4,"minecraft:interact_with_crafting_table":5,"minecraft:fly_one_cm":3217,"minecraft:crouch_one_cm":3,"minecraft:play_time":29837,"minecraft:sneak_time":10,"minecraft:jump":207,"minecraft:time_since_death":29837,"minecraft:total_world_time":29837,"minecraft:fall_one_cm":2067}},"DataVersion":3465}