{"stats":{"minecraft:killed":{"minecraft:zombie":1},"minecraft:used":{"minecraft:oak_planks":6,"alexsmobs:animal_dictionary":1},"minecraft:mined":{"minecraft:grass":1,"minecraft:oak_log":7,"projectvibrantjourneys:short_grass":1,"minecraft:oak_planks":1,"minecraft:crafting_table":1},"minecraft:crafted":{"minecraft:oak_planks":28,"minecraft:stick":4,"minecraft:wooden_pickaxe":1},"minecraft:dropped":{"alexsmobs:animal_dictionary":1},"minecraft:picked_up":{"minecraft:crafting_table":1,"pointblank:gunmetal_nugget":3,"minecraft:oak_log":7,"minecraft:gunpowder":1},"minecraft:custom":{"minecraft:time_since_rest":17837,"minecraft:crouch_one_cm":3,"minecraft:play_time":17837,"minecraft:walk_one_cm":18122,"minecraft:sneak_time":1,"minecraft:mob_kills":2,"minecraft:drop":1,"minecraft:jump":68,"minecraft:time_since_death":17837,"minecraft:total_world_time":17837,"minecraft:interact_with_crafting_table":2,"minecraft:fall_one_cm":1165,"minecraft:fly_one_cm":255}},"DataVersion":3465}