{"stats":{"minecraft:killed":{"minecraft:zombie":1,"minecraft:pig":2,"alexsmobs:fly":1},"minecraft:used":{"alexsmobs:maggot":1,"minecraft:bread":2,"minecraft:stone_pickaxe":23,"minecraft:oak_planks":20,"minecraft:wooden_pickaxe":15,"marbledsarsenal:police_baton":6,"minecraft:stone_axe":2,"minecraft:sand":1,"minecraft:crafting_table":1,"alexsmobs:animal_dictionary":1},"minecraft:mined":{"create:white_seat":1,"projectvibrantjourneys:rocks":1,"minecraft:crafting_table":3,"minecraft:grass":2,"minecraft:oak_log":7,"minecraft:coal_ore":2,"projectvibrantjourneys:short_grass":1,"minecraft:deepslate_iron_ore":6,"minecraft:sand":1,"minecraft:copper_ore":8,"minecraft:deepslate_coal_ore":5,"minecraft:stone":15,"minecraft:oak_planks":2,"minecraft:oak_leaves":1},"minecraft:crafted":{"minecraft:oak_planks":28,"minecraft:stick":8,"minecraft:wooden_pickaxe":1,"minecraft:stone_pickaxe":1,"minecraft:stone_axe":1},"minecraft:dropped":{"alexsmobs:animal_dictionary":1,"minecraft:crafting_table":1,"minecraft:cobblestone":9,"create:white_seat":1,"minecraft:stick":2},"minecraft:picked_up":{"minecraft:raw_iron":6,"minecraft:crafting_table":3,"minecraft:cooked_porkchop":2,"minecraft:sand":1,"minecraft:porkchop":4,"pointblank:gunmetal_nugget":3,"ecologics:coconut_husk":2,"minecraft:oak_log":7,"minecraft:gunpowder":1,"minecraft:raw_copper":32,"minecraft:rotten_flesh":3,"create:white_seat":2,"alexsmobs:maggot":1,"minecraft:oak_sapling":1,"minecraft:oak_planks":1,"minecraft:coal":7,"minecraft:cobblestone":15},"minecraft:custom":{"minecraft:time_since_rest":41837,"minecraft:sprint_one_cm":26489,"minecraft:damage_taken":126,"minecraft:walk_one_cm":93148,"minecraft:mob_kills":5,"minecraft:drop":5,"minecraft:damage_dealt":226,"minecraft:interact_with_crafting_table":5,"minecraft:fly_one_cm":50316,"minecraft:crouch_one_cm":330,"minecraft:play_time":41837,"minecraft:sneak_time":117,"minecraft:jump":433,"minecraft:time_since_death":41837,"minecraft:total_world_time":41837,"minecraft:fall_one_cm":10155}},"DataVersion":3465}