{"stats":{"minecraft:killed":{"alexsmobs:crocodile":1,"minecraft:zombie":2,"minecraft:pig":2,"alexsmobs:fly":1,"alexsmobs:seagull":1},"minecraft:used":{"alexsmobs:maggot":1,"minecraft:bread":5,"minecraft:stone_pickaxe":23,"minecraft:oak_planks":20,"minecraft:wooden_pickaxe":15,"marbledsarsenal:police_baton":11,"minecraft:stone_axe":2,"minecraft:sand":1,"minecraft:crafting_table":1,"alexsmobs:animal_dictionary":1},"minecraft:mined":{"create:white_seat":1,"projectvibrantjourneys:rocks":1,"minecraft:crafting_table":3,"minecraft:grass":2,"minecraft:oak_log":7,"minecraft:coal_ore":2,"projectvibrantjourneys:short_grass":1,"minecraft:deepslate_iron_ore":6,"minecraft:sand":1,"minecraft:copper_ore":8,"minecraft:deepslate_coal_ore":5,"minecraft:stone":15,"minecraft:oak_planks":2,"minecraft:oak_leaves":1},"minecraft:crafted":{"minecraft:oak_planks":28,"minecraft:stick":8,"minecraft:wooden_pickaxe":1,"minecraft:stone_pickaxe":1,"minecraft:stone_axe":1},"minecraft:dropped":{"alexsmobs:animal_dictionary":1,"minecraft:crafting_table":1,"minecraft:cobblestone":9,"create:white_seat":1,"minecraft:stick":2},"minecraft:picked_up":{"minecraft:raw_iron":6,"minecraft:crafting_table":3,"minecraft:cooked_porkchop":2,"minecraft:sweet_berries":7,"sophisticatedbackpacks:backpack":1,"minecraft:sand":1,"minecraft:porkchop":4,"pointblank:gunmetal_nugget":9,"ecologics:coconut_husk":2,"minecraft:oak_log":7,"minecraft:lily_pad":31,"minecraft:gunpowder":2,"minecraft:raw_copper":32,"minecraft:bone":1,"minecraft:rotten_flesh":7,"create:white_seat":2,"alexsmobs:maggot":1,"minecraft:oak_sapling":1,"minecraft:oak_planks":1,"minecraft:coal":7,"minecraft:cobblestone":15},"minecraft:custom":{"minecraft:time_since_rest":59837,"minecraft:sprint_one_cm":38251,"minecraft:damage_taken":233,"minecraft:walk_one_cm":121262,"minecraft:mob_kills":8,"minecraft:drop":5,"minecraft:damage_dealt":422,"minecraft:swim_one_cm":4573,"minecraft:interact_with_crafting_table":5,"minecraft:fly_one_cm":66909,"minecraft:crouch_one_cm":330,"minecraft:play_time":59837,"minecraft:sneak_time":121,"minecraft:walk_under_water_one_cm":509,"minecraft:boat_one_cm":320500,"minecraft:damage_dealt_resisted":20,"minecraft:jump":532,"minecraft:walk_on_water_one_cm":2467,"minecraft:time_since_death":59837,"minecraft:total_world_time":59837,"minecraft:fall_one_cm":11827}},"DataVersion":3465}