{"stats":{"minecraft:killed":{"hordes:zombie_player":1},"minecraft:custom":{"minecraft:time_since_rest":3183,"minecraft:deaths":1,"minecraft:play_time":3452,"minecraft:damage_taken":294,"minecraft:walk_one_cm":921,"minecraft:sneak_time":206,"minecraft:walk_under_water_one_cm":5156,"minecraft:mob_kills":1,"minecraft:jump":8,"minecraft:damage_dealt":159,"minecraft:leave_game":1,"minecraft:time_since_death":3070,"minecraft:walk_on_water_one_cm":784,"minecraft:total_world_time":3452,"minecraft:fly_one_cm":125373},"minecraft:picked_up":{"sophisticatedbackpacks:gold_backpack":1,"marbledsarsenal:police_baton":1,"pointblank:m1911a1":1,"pointblank:ammo45acp":64,"minecraft:item_frame":1,"minecraft:leather_boots":1,"minecraft:stone":3,"minecraft:rotten_flesh":63,"minecraft:slime_ball":2,"minecraft:torch":7,"automobility:rear_attachment":1,"minecraft:enchanted_book":1,"automobility:automobile_assembler":1,"minecraft:diamond_axe":1,"minecraft:stone_pickaxe":1,"minecraft:bread":9,"minecraft:emerald":7,"minecraft:baked_potato":18,"minecraft:iron_pickaxe":1,"minecraft:trident":1,"minecraft:minecart":1,"pointblank:mk48":1,"minecraft:iron_sword":4,"marbledsarsenal:cm6m_gas_mask":1,"minecraft:coal":20,"minecraft:cobblestone":52,"minecraft:diamond_pickaxe":2}},"DataVersion":3465}