{"stats":{"minecraft:mined":{"minecraft:brown_mushroom":4,"minecraft:powder_snow":5,"minecraft:crafting_table":1,"minecraft:torch":2,"minecraft:grass_block":3,"minecraft:tall_grass":10,"minecraft:cobblestone":11,"frostiful:hot_sun_lichen":3,"minecraft:oak_planks":2,"frostiful:cut_blue_ice":2,"minecraft:blue_bed":1,"minecraft:wall_torch":5,"promenade:fulvous_maple_leaf_pile":2,"minecraft:iron_ore":9,"treechop:chopped_log":1,"promenade:sap_maple_leaves":3,"minecraft:grass":31,"minecraft:oak_log":1,"minecraft:deepslate_iron_ore":1,"minecraft:rail":1,"minecraft:dirt":1,"minecraft:stripped_oak_log":2,"minecraft:blue_orchid":1,"minecraft:stone_bricks":3,"minecraft:stone":6,"minecraft:fern":8},"minecraft:custom":{"minecraft:interact_with_furnace":1,"lootr:looted_stat":31,"minecraft:mob_kills":51,"minecraft:interact_with_crafting_table":5,"minecraft:damage_dealt_resisted":11,"minecraft:interact_with_grindstone":1,"minecraft:leave_game":5,"minecraft:time_since_death":26464,"minecraft:hex":0,"minecraft:damage_resisted":0,"minecraft:sleep_in_bed":1,"minecraft:climb_one_cm":8071,"minecraft:time_since_rest":4412,"minecraft:sprint_one_cm":172481,"minecraft:damage_absorbed":41,"minecraft:damage_taken":2329,"minecraft:walk_one_cm":153032,"minecraft:damage_blocked_by_shield":930,"minecraft:drop":28,"minecraft:damage_dealt":9729,"minecraft:swim_one_cm":2665,"minecraft:fly_one_cm":352566,"minecraft:open_chest":7,"minecraft:crouch_one_cm":4376,"minecraft:play_time":86522,"minecraft:sneak_time":1262,"minecraft:deaths":1,"minecraft:walk_under_water_one_cm":6026,"minecraft:jump":1607,"minecraft:interact_with_blast_furnace":1,"minecraft:walk_on_water_one_cm":3613,"minecraft:total_world_time":86522,"minecraft:fall_one_cm":47497},"minecraft:killed":{"frostiful:frostologer":1,"graveyard:nightmare":1,"graveyard:revenant":1,"minecraft:spider":2,"minecraft:vindicator":1,"soulsweapons:remnant":4,"soulsweapons:dark_sorcerer":5,"minecraft:sheep":2,"minecraft:pillager":2,"minecraft:zombie":9,"frostiful:biter":9,"mythicmobs:chupacabra":1,"frostiful:chillager":7,"friendsandfoes:iceologer":1},"minecraft:crafted":{"minecraft:oak_planks":40,"minecraft:crafting_table":2,"minecraft:wooden_pickaxe":1,"minecraft:furnace":1,"minecraft:stick":8,"promenade:maple_planks":32,"minecraft:stone_pickaxe":1,"minecraft:chest":3},"minecraft:broken":{"minecraft:stone_sword":1,"minecraft:iron_boots":1,"paladins:golden_claymore":1},"minecraft:dropped":{"minecraft:bread":2,"frostiful:icicle":18,"minecraft:sugar_cane":4,"minecraft:brown_mushroom":3,"minecraft:rotten_flesh":8,"promenade:sap_maple_sapling":2,"minecraft:rail":6,"frostiful:cut_blue_ice":1,"soulsweapons:soul_robes_helmet":1,"minecraft:torch":3,"minecraft:mutton":1,"minecraft:blue_ice":1,"minecraft:arrow":2,"promenade:fulvous_maple_sapling":5,"twigs:twig":1},"minecraft:used":{"minecraft:stone_sword":131,"frostiful:frost_wand":1,"minecraft:stone_pickaxe":30,"minecraft:oak_planks":10,"minecraft:chest":3,"minecraft:wooden_pickaxe":3,"minecraft:shield":38,"minecraft:stone":2,"minecraft:iron_sword":110,"minecraft:blue_bed":1,"minecraft:golden_apple":1,"minecraft:glow_berries":4,"minecraft:torch":12,"minecraft:dirt":3,"minecraft:crafting_table":3,"minecraft:blue_ice":1,"minecraft:apple":19,"paladins:golden_claymore":32,"minecraft:bread":21,"minecraft:iron_helmet":1,"minecraft:stone_bricks":3,"friendsandfoes:totem_of_freezing":1,"minecraft:cobblestone":77,"minecraft:furnace":1,"simplyswords:hiveheart":82,"minecraft:pumpkin_pie":6},"minecraft:picked_up":{"frostiful:cut_blue_ice":1,"minecraft:stripped_oak_log":2,"minecraft:crafting_table":1,"minecraft:brown_mushroom":23,"promenade:fulvous_maple_sapling":5,"minecraft:oak_log":8,"soulsweapons:soul_ingot":5,"bewitchment:aconite_seeds":1,"minecraft:dirt":3,"minecraft:blue_bed":2,"minecraft:string":1,"soulsweapons:soul_robes_helmet":1,"minecraft:bone":2,"soulsweapons:soul_ingot_helmet":1,"minecraft:blue_orchid":1,"minecraft:stone_bricks":3,"soulsweapons:lost_soul":3,"graveyard:corruption":2,"minecraft:wheat_seeds":9,"mythicmobs:chupacabra_raw_meat":1,"bewitchment:mandrake_seeds":1,"promenade:maple_log":8,"minecraft:oak_planks":2,"twigs:twig":5,"minecraft:sugar_cane":4,"friendsandfoes:totem_of_freezing":1,"minecraft:raw_iron":10,"frostiful:frost_wand":1,"minecraft:torch":10,"soulsweapons:translucent_double_greatsword":1,"minecraft:arrow":2,"minecraft:rotten_flesh":8,"promenade:sap_maple_sapling":2,"minecraft:blue_ice":2,"minecraft:emerald":3,"minecraft:bread":2,"minecraft:oak_sapling":5,"minecraft:mutton":1,"minecraft:white_wool":2,"frostiful:icicle":18,"minecraft:rail":7,"minecraft:cobblestone":17}},"DataVersion":3465}