{"stats":{"minecraft:killed_by":{"minecraft:zombie":2},"minecraft:broken":{"minecraft:wooden_axe":1},"minecraft:picked_up":{"minecraft:stick":25,"minecraft:crafting_table":3,"minecraft:feather":4,"marbledsarsenal:police_baton":2,"projectvibrantjourneys:bark_mushroom":1,"minecraft:brown_mushroom":1,"minecraft:torch":4,"minecraft:dandelion":1,"pointblank:gunmetal_nugget":8,"minecraft:oak_log":54,"minecraft:spruce_sapling":2,"minecraft:white_bed":1,"minecraft:spruce_log":13,"minecraft:string":2,"marbledsarsenal:cm6m_gas_mask":2,"alexsmobs:animal_dictionary":4,"pointblank:m1911a1":2,"pointblank:ammo45acp":128,"minecraft:leather_boots":2,"minecraft:apple":2,"projectvibrantjourneys:seashells":1,"minecraft:rotten_flesh":2,"minecraft:stone_axe":1,"minecraft:spruce_boat":1,"minecraft:wheat_seeds":1,"ecologics:coconut_log":1,"minecraft:spruce_planks":3,"minecraft:hay_block":22,"minecraft:bread":18,"minecraft:oak_sapling":23,"projectvibrantjourneys:twigs":2,"minecraft:mutton":1,"minecraft:oak_planks":3,"minecraft:white_wool":1},"minecraft:used":{"minecraft:oak_log":9,"minecraft:spruce_boat":2,"minecraft:wooden_axe":58,"minecraft:oak_planks":3,"minecraft:spruce_planks":1,"marbledsarsenal:police_baton":3,"minecraft:stone_axe":17,"minecraft:crafting_table":3,"minecraft:spruce_log":3,"minecraft:milk_bucket":1,"minecraft:oak_fence":3},"minecraft:crafted":{"minecraft:oak_planks":136,"minecraft:spruce_planks":40,"minecraft:stick":40,"minecraft:wooden_pickaxe":1,"minecraft:wooden_axe":1,"minecraft:spruce_boat":2,"minecraft:oak_fence":36},"minecraft:custom":{"minecraft:time_since_rest":45256,"minecraft:interact_with_furnace":6,"minecraft:sprint_one_cm":92755,"minecraft:damage_taken":633,"minecraft:walk_one_cm":62677,"minecraft:mob_kills":2,"minecraft:drop":6,"minecraft:damage_dealt":345,"minecraft:swim_one_cm":2082,"minecraft:interact_with_crafting_table":5,"minecraft:fly_one_cm":208861,"minecraft:open_chest":2,"minecraft:crouch_one_cm":1646,"minecraft:play_time":52928,"minecraft:deaths":3,"minecraft:sneak_time":523,"minecraft:walk_under_water_one_cm":146,"minecraft:boat_one_cm":45179,"minecraft:jump":934,"minecraft:damage_dealt_resisted":20,"minecraft:time_since_death":47480,"minecraft:walk_on_water_one_cm":507,"minecraft:sleep_in_bed":1,"minecraft:total_world_time":52928,"minecraft:fall_one_cm":20994},"minecraft:dropped":{"minecraft:wheat_seeds":1,"minecraft:spruce_planks":2,"projectvibrantjourneys:seashells":1,"minecraft:bucket":1,"pointblank:ammo45acp":64},"minecraft:killed":{"minecraft:sheep":2},"minecraft:mined":{"minecraft:hay_block":22,"minecraft:spruce_planks":1,"minecraft:white_bed":1,"minecraft:spruce_log":13,"minecraft:dandelion":1,"minecraft:crafting_table":4,"minecraft:grass":1,"minecraft:oak_log":54,"projectvibrantjourneys:short_grass":8,"minecraft:oak_planks":3,"minecraft:wall_torch":1}},"DataVersion":3465}