{"stats":{"minecraft:killed":{"hordes:zombie_player":5,"minecraft:chicken":1,"minecraft:drowned":3,"minecraft:pig":3,"minecraft:zombie_villager":1,"minecraft:sheep":12,"minecraft:zombie":28,"minecraft:cow":16},"minecraft:broken":{"minecraft:wooden_axe":1},"minecraft:used":{"minecraft:chest":3,"minecraft:spruce_planks":1,"minecraft:cooked_chicken":1,"minecraft:dirt":2,"minecraft:wooden_axe":53,"marbledsarsenal:police_baton":191,"minecraft:sweet_berries":26,"minecraft:furnace":4,"minecraft:cooked_beef":22,"projectvibrantjourneys:mossy_rocks":1,"minecraft:cobbled_deepslate":1,"minecraft:calcite":8,"minecraft:cooked_mutton":5,"minecraft:stone_pickaxe":71,"minecraft:oak_planks":59,"minecraft:wooden_pickaxe":6,"minecraft:white_wool":1,"minecraft:crafting_table":13,"minecraft:white_bed":6,"minecraft:apple":2,"minecraft:bread":9,"minecraft:stone_axe":1,"minecraft:diamond_sword":9,"minecraft:cobblestone":8,"minecraft:cooked_porkchop":11,"minecraft:bucket":1,"minecraft:oak_boat":6,"minecraft:coarse_dirt":2},"minecraft:mined":{"minecraft:white_bed":5,"minecraft:grass_block":2,"minecraft:decorated_pot":1,"minecraft:furnace":2,"minecraft:stone":34,"minecraft:white_wool":1,"farmersdelight:wild_potatoes":1,"minecraft:clay":9,"minecraft:crafting_table":9,"minecraft:calcite":8,"minecraft:chest":1,"projectvibrantjourneys:natural_cobweb":1,"minecraft:cobblestone":3,"minecraft:deepslate_coal_ore":5,"minecraft:oak_planks":15,"minecraft:seagrass":1,"minecraft:coarse_dirt":2,"minecraft:birch_log":7,"minecraft:sweet_berry_bush":1,"minecraft:birch_leaves":1,"minecraft:grass":7,"minecraft:oak_log":3,"minecraft:coal_ore":18,"projectvibrantjourneys:short_grass":7,"minecraft:dirt":2,"minecraft:deepslate":4},"minecraft:crafted":{"minecraft:oak_planks":192,"minecraft:cooked_chicken":1,"usefulbackpacks:backpack_small":1,"minecraft:furnace":2,"minecraft:cooked_mutton":11,"minecraft:stone_pickaxe":2,"sophisticatedbackpacks:iron_backpack":1,"minecraft:cooked_beef":24,"sophisticatedbackpacks:backpack":1,"minecraft:cooked_porkchop":19,"minecraft:crafting_table":3,"minecraft:wooden_pickaxe":1,"minecraft:birch_planks":28,"minecraft:stone_axe":1,"minecraft:air":0,"minecraft:oak_boat":2,"minecraft:stick":12,"minecraft:wooden_axe":4,"minecraft:gold_ingot":7,"minecraft:white_bed":1},"minecraft:killed_by":{"hordes:zombie_player":1,"minecraft:drowned":1,"minecraft:zombie":1},"minecraft:dropped":{"minecraft:brown_mushroom":1,"minecraft:wheat_seeds":4,"minecraft:cooked_beef":2,"marbledsarsenal:police_baton":1,"minecraft:feather":4,"projectvibrantjourneys:orange_bark_mushroom":2,"minecraft:wooden_axe":1,"minecraft:angler_pottery_sherd":1,"minecraft:string":3,"minecraft:lily_pad":3,"minecraft:spruce_sapling":2,"minecraft:bone":1,"minecraft:stone_axe":1,"minecraft:rotten_flesh":28,"minecraft:clay_ball":20,"projectvibrantjourneys:light_brown_bark_mushroom":1,"minecraft:gunpowder":4,"minecraft:oak_sapling":4,"minecraft:spider_eye":2,"minecraft:snort_pottery_sherd":1,"projectvibrantjourneys:pinecones":1,"minecraft:wooden_pickaxe":1,"effortlessbuilding:muscles":1,"projectvibrantjourneys:ice_chunks":1},"minecraft:picked_up":{"minecraft:wooden_axe":2,"minecraft:crafting_table":15,"minecraft:coarse_dirt":2,"minecraft:chicken":3,"minecraft:clay_ball":116,"minecraft:brown_mushroom":1,"minecraft:wooden_pickaxe":1,"projectvibrantjourneys:ice_chunks":1,"minecraft:shield":2,"projectvibrantjourneys:mossy_rocks":1,"minecraft:string":8,"minecraft:raw_copper":60,"usefulbackpacks:backpack_small":2,"minecraft:cobbled_deepslate":4,"minecraft:bucket":2,"minecraft:spruce_planks":55,"minecraft:beef":46,"minecraft:oak_boat":7,"minecraft:calcite":8,"minecraft:iron_pickaxe":1,"minecraft:chest":1,"minecraft:furnace":6,"pointblank:gunmetal_ingot":6,"minecraft:stick":139,"marbledsarsenal:police_baton":5,"minecraft:copper_ingot":34,"sophisticatedbackpacks:backpack":1,"effortlessbuilding:muscles":1,"minecraft:porkchop":23,"pointblank:gunmetal_nugget":136,"psg:sulphur":96,"minecraft:carrot":3,"minecraft:trident":2,"minecraft:redstone":33,"pointblank:ammo45acp":97,"pointblank:m1911a1":3,"minecraft:rotten_flesh":85,"farmersdelight:onion":7,"farmersdelight:rope":14,"minecraft:gold_ingot":7,"minecraft:mutton":31,"minecraft:cobblestone":79,"minecraft:white_wool":26,"minecraft:birch_log":14,"minecraft:feather":5,"minecraft:cooked_beef":7,"minecraft:water_bucket":1,"dweller_dweller:dweller_dweller_tooth":2,"minecraft:leather":34,"minecraft:potato":9,"minecraft:filled_map":4,"minecraft:birch_planks":12,"minecraft:oak_log":74,"minecraft:lily_pad":3,"minecraft:gunpowder":7,"marbledsarsenal:cm6m_gas_mask":3,"minecraft:dirt":12,"minecraft:leather_boots":3,"minecraft:cooked_mutton":4,"minecraft:bone":9,"minecraft:apple":2,"minecraft:wheat_seeds":4,"minecraft:iron_ingot":14,"minecraft:stone_pickaxe":3,"minecraft:oak_planks":200,"projectvibrantjourneys:light_brown_bark_mushroom":1,"minecraft:cooked_porkchop":4,"minecraft:sweet_berries":141,"psg:raw_potassium":2,"minecraft:spruce_sapling":24,"minecraft:white_bed":7,"minecraft:spruce_log":378,"minecraft:spider_eye":2,"alexsmobs:animal_dictionary":1,"minecraft:slime_ball":3,"minecraft:snort_pottery_sherd":1,"minecraft:diamond":7,"minecraft:stone_axe":1,"minecraft:angler_pottery_sherd":1,"minecraft:emerald":4,"projectvibrantjourneys:orange_bark_mushroom":2,"minecraft:jack_o_lantern":15,"minecraft:oak_sapling":4,"minecraft:coal":48,"projectvibrantjourneys:pinecones":1},"minecraft:custom":{"minecraft:mob_kills":72,"minecraft:interact_with_crafting_table":24,"minecraft:leave_game":2,"minecraft:time_since_death":17434,"minecraft:climb_one_cm":179,"minecraft:sprint_one_cm":256927,"minecraft:walk_one_cm":205990,"minecraft:drop":39,"minecraft:damage_dealt_absorbed":160,"minecraft:play_time":145021,"minecraft:deaths":3,"minecraft:sneak_time":3334,"minecraft:walk_under_water_one_cm":45510,"minecraft:boat_one_cm":249040,"minecraft:jump":3768,"minecraft:walk_on_water_one_cm":41366,"minecraft:total_world_time":145021,"minecraft:interact_with_furnace":44,"minecraft:sleep_in_bed":4,"minecraft:time_since_rest":15348,"minecraft:damage_taken":2291,"minecraft:damage_dealt":9818,"minecraft:swim_one_cm":79056,"minecraft:fly_one_cm":783643,"minecraft:open_chest":32,"minecraft:crouch_one_cm":5239,"minecraft:fall_one_cm":95598}},"DataVersion":3465}