{"stats":{"minecraft:killed":{"minecraft:pig":3,"hordes:zombie_player":1,"minecraft:sheep":10,"minecraft:zombie":18,"minecraft:drowned":1,"minecraft:cow":8},"minecraft:mined":{"minecraft:white_bed":4,"minecraft:clay":9,"minecraft:crafting_table":6,"minecraft:grass_block":1,"minecraft:calcite":8,"minecraft:decorated_pot":1,"projectvibrantjourneys:natural_cobweb":1,"minecraft:cobblestone":3,"minecraft:deepslate_coal_ore":5,"minecraft:oak_planks":2,"minecraft:seagrass":1,"minecraft:coarse_dirt":2,"minecraft:furnace":1,"minecraft:sweet_berry_bush":1,"minecraft:birch_leaves":1,"minecraft:grass":2,"minecraft:oak_log":3,"minecraft:coal_ore":18,"projectvibrantjourneys:short_grass":1,"minecraft:dirt":1,"minecraft:deepslate":4,"minecraft:stone":18,"farmersdelight:wild_potatoes":1},"minecraft:crafted":{"minecraft:cooked_beef":13,"minecraft:oak_planks":192,"minecraft:crafting_table":2,"minecraft:wooden_pickaxe":1,"usefulbackpacks:backpack_small":1,"minecraft:furnace":1,"minecraft:stone_axe":1,"minecraft:air":0,"minecraft:oak_boat":1,"minecraft:stick":4,"minecraft:stone_pickaxe":1,"minecraft:wooden_axe":2,"minecraft:white_bed":1},"minecraft:broken":{"minecraft:wooden_axe":1},"minecraft:picked_up":{"minecraft:birch_log":7,"minecraft:crafting_table":6,"minecraft:coarse_dirt":2,"minecraft:clay_ball":52,"dweller_dweller:dweller_dweller_tooth":1,"minecraft:leather":7,"minecraft:brown_mushroom":1,"minecraft:potato":2,"projectvibrantjourneys:ice_chunks":1,"minecraft:oak_log":74,"minecraft:lily_pad":1,"minecraft:gunpowder":4,"projectvibrantjourneys:mossy_rocks":1,"minecraft:string":1,"minecraft:dirt":10,"minecraft:bone":1,"minecraft:apple":2,"minecraft:wheat_seeds":3,"minecraft:cobbled_deepslate":4,"minecraft:bucket":1,"minecraft:beef":15,"minecraft:oak_boat":2,"minecraft:calcite":8,"minecraft:oak_planks":2,"minecraft:furnace":1,"projectvibrantjourneys:light_brown_bark_mushroom":1,"minecraft:stick":11,"marbledsarsenal:police_baton":1,"minecraft:sweet_berries":71,"pointblank:gunmetal_nugget":13,"minecraft:porkchop":5,"minecraft:spruce_sapling":2,"minecraft:white_bed":4,"minecraft:spruce_log":34,"minecraft:trident":1,"minecraft:snort_pottery_sherd":1,"minecraft:rotten_flesh":14,"minecraft:slime_ball":1,"minecraft:angler_pottery_sherd":1,"projectvibrantjourneys:orange_bark_mushroom":2,"minecraft:oak_sapling":4,"minecraft:mutton":16,"minecraft:coal":45,"minecraft:cobblestone":19,"minecraft:white_wool":10,"projectvibrantjourneys:pinecones":1},"minecraft:custom":{"minecraft:interact_with_furnace":8,"minecraft:mob_kills":44,"minecraft:interact_with_crafting_table":16,"minecraft:time_since_death":65613,"minecraft:sleep_in_bed":3,"minecraft:climb_one_cm":179,"minecraft:time_since_rest":1804,"minecraft:sprint_one_cm":162324,"minecraft:damage_taken":433,"minecraft:walk_one_cm":100759,"minecraft:drop":26,"minecraft:damage_dealt":4779,"minecraft:swim_one_cm":29293,"minecraft:fly_one_cm":535919,"minecraft:crouch_one_cm":4658,"minecraft:play_time":65613,"minecraft:sneak_time":2173,"minecraft:walk_under_water_one_cm":27819,"minecraft:boat_one_cm":31479,"minecraft:jump":2186,"minecraft:walk_on_water_one_cm":24936,"minecraft:total_world_time":65613,"minecraft:fall_one_cm":62981},"minecraft:dropped":{"minecraft:stone_axe":1,"minecraft:brown_mushroom":1,"minecraft:wheat_seeds":3,"minecraft:cooked_beef":2,"marbledsarsenal:police_baton":1,"minecraft:rotten_flesh":14,"minecraft:clay_ball":20,"projectvibrantjourneys:orange_bark_mushroom":2,"projectvibrantjourneys:light_brown_bark_mushroom":1,"minecraft:gunpowder":4,"minecraft:oak_sapling":4,"minecraft:snort_pottery_sherd":1,"projectvibrantjourneys:pinecones":1,"minecraft:angler_pottery_sherd":1,"projectvibrantjourneys:ice_chunks":1,"minecraft:lily_pad":1,"minecraft:spruce_sapling":2,"minecraft:bone":1},"minecraft:used":{"minecraft:calcite":8,"minecraft:stone_pickaxe":57,"minecraft:oak_planks":13,"minecraft:wooden_pickaxe":3,"minecraft:crafting_table":8,"minecraft:white_bed":4,"minecraft:wooden_axe":30,"minecraft:apple":1,"minecraft:bread":9,"marbledsarsenal:police_baton":70,"minecraft:stone_axe":1,"minecraft:cobblestone":8,"minecraft:sweet_berries":16,"minecraft:furnace":1,"minecraft:cobbled_deepslate":1,"minecraft:oak_boat":2,"minecraft:cooked_beef":4,"projectvibrantjourneys:mossy_rocks":1,"minecraft:coarse_dirt":2}},"DataVersion":3465}