{"stats":{"minecraft:mined":{"minecraft:red_bed":2,"minecraft:cobbled_deepslate_slab":2,"minecraft:grass_block":1,"regions_unexplored:silt_dirt":4,"brewery:beer_hops":3,"minecraft:tall_grass":1,"minecraft:cobblestone":2,"promenade:maple_planks":1,"minecraft:birch_leaves":1,"croptopia:peach_crop":1,"ae2:mysterious_cube":1,"minecraft:stone_brick_stairs":1,"minecraft:grass":2,"minecraft:oak_log":3,"minecraft:dirt":2,"ae2:sky_stone_block":64,"minecraft:stone":4,"regions_unexplored:silt_grass_block":1,"regions_unexplored:peat_coarse_dirt":1},"minecraft:picked_up":{"minecraft:leather":12,"regions_unexplored:silt_dirt":5,"minecraft:red_mushroom":1,"minecraft:filled_map":1,"minecraft:stone_brick_stairs":1,"minecraft:oak_log":14,"soulsweapons:soul_ingot":2,"minecraft:paper":1,"minecraft:dirt":3,"minecraft:string":21,"minecraft:red_bed":2,"minecraft:bone":2,"minecraft:apple":1,"minecraft:bow":1,"ae2:logic_processor_press":1,"minecraft:beef":16,"fishofthieves:earthworms":1,"twigs:twig":4,"patchouli:guide_book":2,"minecraft:oak_fence":1,"ironchests:blank_chest_upgrade":2,"minecraft:porkchop":7,"spellbladenext:frost_orb":1,"ae2:sky_stone_block":3,"minecraft:arrow":33,"minecraft:rotten_flesh":4,"promenade:sap_maple_sapling":7,"minecraft:crossbow":5,"ae2:engineering_processor_press":1,"ae2:calculation_processor_press":1,"paladins:iron_mace":1,"minecraft:emerald":7,"minecraft:gold_ingot":1,"regions_unexplored:peat_coarse_dirt":1,"fishofthieves:plentifin":1,"minecraft:oak_sapling":6,"adventurez:orc_skin":1,"minecraft:mutton":4,"minecraft:white_wool":4,"minecraft:cobblestone":7},"minecraft:broken":{"minecraft:iron_chestplate":1},"minecraft:killed_by":{"minecraft:zombie":1},"minecraft:used":{"regions_unexplored:silt_dirt":5,"minecraft:oak_fence":1,"minecraft:stone_sword":18,"minecraft:iron_sword":14,"regions_unexplored:peat_coarse_dirt":1,"minecraft:iron_chestplate":1,"minecraft:torch":3,"minecraft:dirt":3,"minecraft:crafting_table":2,"minecraft:red_bed":2,"spellbladenext:fire_blade":4,"spellbladenext:flaming_falchion":3,"minecraft:bread":36,"minecraft:iron_pickaxe":74,"ae2:sky_stone_block":3,"minecraft:iron_helmet":1,"minecraft:stone_brick_stairs":1,"minecraft:cobblestone":15,"simplyswords:hiveheart":121,"minecraft:experience_bottle":3},"minecraft:killed":{"minecraft:pig":4,"minecraft:vindicator":1,"minecraft:spider":4,"soulsweapons:remnant":3,"mythicmobs:drake":1,"bewitchment:ghost":1,"minecraft:creeper":1,"minecraft:sheep":5,"minecraft:skeleton":2,"minecraft:pillager":21,"minecraft:zombie":3,"adventurez:orc":1,"minecraft:cow":8},"minecraft:custom":{"lootr:looted_stat":38,"minecraft:mob_kills":60,"minecraft:interact_with_crafting_table":9,"minecraft:open_barrel":1,"minecraft:raid_trigger":1,"minecraft:damage_dealt_resisted":0,"minecraft:leave_game":9,"minecraft:time_since_death":119107,"minecraft:sleep_in_bed":6,"minecraft:climb_one_cm":6466,"minecraft:damage_resisted":0,"minecraft:hex":0,"minecraft:time_since_rest":8778,"minecraft:sprint_one_cm":338933,"minecraft:damage_taken":881,"minecraft:walk_one_cm":156095,"minecraft:drop":35,"minecraft:damage_dealt":9132,"minecraft:swim_one_cm":14551,"minecraft:fly_one_cm":720250,"minecraft:raid_win":1,"minecraft:open_chest":4,"minecraft:crouch_one_cm":1941,"minecraft:play_time":122010,"minecraft:deaths":1,"minecraft:sneak_time":666,"minecraft:walk_under_water_one_cm":4444,"minecraft:jump":3093,"minecraft:threat":1,"minecraft:walk_on_water_one_cm":6583,"minecraft:total_world_time":122010,"minecraft:fall_one_cm":82930},"minecraft:dropped":{"minecraft:iron_ingot":5,"minecraft:porkchop":7,"minecraft:wheat_seeds":8,"paladins:iron_mace":1,"minecraft:crossbow":4,"minecraft:cobblestone":1,"minecraft:rotten_flesh":2,"promenade:sap_maple_sapling":7,"sophisticatedbackpacks:backpack":1,"patchouli:guide_book":2,"minecraft:red_mushroom":1,"minecraft:potato":7,"fishofthieves:earthworms":1,"minecraft:mutton":4,"minecraft:oak_sapling":7,"minecraft:blue_orchid":1,"minecraft:bow":1,"minecraft:beef":1,"minecraft:paper":7,"minecraft:white_wool":3,"twigs:twig":2},"minecraft:crafted":{"minecraft:oak_planks":56,"sophisticatedbackpacks:backpack":2,"minecraft:crafting_table":2,"comforts:sleeping_bag_white":1,"minecraft:chest":7}},"DataVersion":3465}