{"stats":{"minecraft:killed_by":{"minecraft:zombie":2},"minecraft:picked_up":{"minecraft:stick":3,"minecraft:crafting_table":2,"minecraft:feather":4,"marbledsarsenal:police_baton":2,"pointblank:gunmetal_nugget":8,"minecraft:spruce_sapling":2,"minecraft:spruce_log":13,"minecraft:string":2,"marbledsarsenal:cm6m_gas_mask":2,"alexsmobs:animal_dictionary":4,"pointblank:m1911a1":2,"pointblank:ammo45acp":128,"minecraft:leather_boots":2,"minecraft:rotten_flesh":2,"minecraft:spruce_planks":3,"minecraft:bread":18,"projectvibrantjourneys:twigs":2},"minecraft:used":{"minecraft:wooden_axe":11,"minecraft:spruce_planks":1,"marbledsarsenal:police_baton":3,"minecraft:crafting_table":1,"minecraft:spruce_log":3,"minecraft:milk_bucket":1},"minecraft:crafted":{"minecraft:spruce_planks":16,"minecraft:stick":8,"minecraft:wooden_axe":1},"minecraft:custom":{"minecraft:time_since_rest":9256,"minecraft:sprint_one_cm":21027,"minecraft:damage_taken":546,"minecraft:walk_one_cm":25079,"minecraft:drop":4,"minecraft:damage_dealt":235,"minecraft:swim_one_cm":2082,"minecraft:interact_with_crafting_table":1,"minecraft:fly_one_cm":62751,"minecraft:play_time":16928,"minecraft:deaths":3,"minecraft:sneak_time":17,"minecraft:walk_under_water_one_cm":146,"minecraft:jump":242,"minecraft:damage_dealt_resisted":20,"minecraft:time_since_death":11480,"minecraft:walk_on_water_one_cm":280,"minecraft:sleep_in_bed":1,"minecraft:total_world_time":16928,"minecraft:fall_one_cm":3971},"minecraft:dropped":{"minecraft:spruce_planks":2,"minecraft:bucket":1,"pointblank:ammo45acp":64},"minecraft:mined":{"minecraft:spruce_planks":1,"minecraft:spruce_log":13,"minecraft:crafting_table":2}},"DataVersion":3465}