{"stats":{"minecraft:picked_up":{"regions_unexplored:silt_dirt":5,"minecraft:enchanted_book":4,"minecraft:stone_brick_stairs":1,"minecraft:shield":2,"minecraft:string":21,"minecraft:red_bed":4,"minecraft:deepslate_tiles":1,"minecells:sewer_calamari":4,"minecraft:beef":16,"minecells:vine_rune":1,"minecraft:iron_nugget":1,"minecells:transposition_core":5,"minecells:guts":34,"minecraft:stick":3,"minecraft:oak_fence":1,"minecells:arcane_goo":5,"minecells:monsters_eye":8,"ironchests:blank_chest_upgrade":2,"simplyswords:arcanethyst":1,"minecraft:porkchop":7,"spellbladenext:frost_orb":1,"minecraft:deepslate_tile_stairs":1,"minecells:putrid_fence":8,"minecraft:dark_oak_planks":1,"ae2:sky_stone_block":3,"minecraft:arrow":59,"minecraft:rotten_flesh":40,"simplyswords:sword_on_a_stick":1,"promenade:sap_maple_sapling":7,"minecells:putrid_board_block":9,"regions_unexplored:peat_coarse_dirt":1,"minecraft:gold_ingot":1,"ae2:calculation_processor_press":1,"minecraft:snowball":16,"minecells:broadsword":1,"minecraft:mutton":4,"adventurez:orc_skin":1,"minecraft:skeleton_skull":1,"minecraft:cobblestone":14,"minecraft:white_wool":4,"brewery:beer_mug":1,"minecraft:leather":17,"minecraft:jungle_wood":1,"minecraft:red_mushroom":1,"minecraft:filled_map":1,"minecraft:oak_log":14,"minecraft:gunpowder":4,"soulsweapons:soul_ingot":2,"minecraft:dirt":4,"minecraft:paper":1,"minecells:putrid_planks":64,"minecraft:bone":7,"minecraft:apple":1,"minecraft:bow":1,"minecraft:wheat_seeds":1,"ae2:logic_processor_press":1,"fishofthieves:earthworms":1,"twigs:twig":5,"patchouli:guide_book":2,"minecells:monster_cell":70,"minecells:infected_flesh":61,"minecells:metal_shards":7,"minecells:big_chain":3,"archon:removal_scroll":1,"minecraft:diamond":2,"minecells:explosive_bulb":4,"simplyswords:soulpyre":1,"regions_unexplored:silver_birch_log":8,"minecraft:crossbow":5,"minecells:bloomrock":2,"paladins:iron_mace":1,"minecraft:emerald":11,"ae2:engineering_processor_press":1,"fishofthieves:plentifin":1,"minecraft:oak_sapling":6,"minecells:boss_stem_cell":1},"minecraft:mined":{"minecraft:dark_oak_planks":1,"minecraft:deepslate_tiles":1,"minecells:putrid_fence":8,"minecraft:cobbled_deepslate_slab":2,"minecraft:grass_block":1,"brewery:beer_hops":3,"minecraft:deepslate_tile_stairs":1,"promenade:maple_planks":1,"minecraft:fire":1,"ae2:mysterious_cube":1,"croptopia:peach_crop":1,"minecells:wilted_wall_leaves":1,"minecraft:stone":4,"ae2:sky_stone_block":64,"regions_unexplored:silt_grass_block":1,"regions_unexplored:peat_coarse_dirt":1,"minecraft:red_bed":4,"supplementaries:book_pile":1,"minecells:putrid_planks":30,"regions_unexplored:silt_dirt":4,"minecraft:cobblestone":9,"minecraft:tall_grass":1,"minecraft:jungle_wood":1,"minecraft:birch_leaves":1,"minecraft:stone_brick_stairs":1,"minecraft:grass":3,"minecraft:oak_log":3,"brewery:beer_mug":1,"regions_unexplored:silver_birch_log":4,"minecraft:dirt":3,"minecells:bloomrock_wilted_grass_block":2,"minecraft:fern":1},"minecraft:broken":{"minecraft:iron_boots":1,"minecraft:iron_chestplate":2,"minecraft:iron_leggings":2},"minecraft:killed_by":{"minecells:leaping_zombie":1,"minecraft:zombie":1},"minecraft:used":{"regions_unexplored:silt_dirt":5,"minecraft:oak_fence":1,"minecraft:stone_sword":18,"minecraft:shield":3,"minecraft:stone":9,"minecraft:iron_sword":14,"lootr:trophy":1,"minecraft:iron_chestplate":3,"minecraft:torch":3,"minecraft:dirt":3,"minecraft:dark_oak_planks":1,"spellbladenext:fire_blade":4,"spellbladenext:flaming_falchion":3,"ae2:sky_stone_block":3,"minecraft:iron_helmet":1,"minecraft:stone_brick_stairs":1,"minecraft:deepslate_tile_stairs":1,"simplyswords:gold_greataxe":2,"minecraft:birch_planks":4,"minecells:putrid_board_block":5,"regions_unexplored:peat_coarse_dirt":1,"simplyswords:bramblethorn":2,"minecraft:jungle_wood":1,"minecraft:crafting_table":3,"minecraft:red_bed":3,"minecraft:crossbow":6,"minecraft:apple":67,"minecells:putrid_fence":1,"minecraft:bread":83,"minecraft:iron_pickaxe":84,"minecells:bloomrock":2,"brewery:beer_mug":1,"minecraft:enchanted_book":1,"minecraft:cobblestone":41,"simplyswords:hiveheart":813,"beachparty:rubber_ring_pelican":1,"minecraft:experience_bottle":3},"minecraft:killed":{"minecells:mutated_bat":9,"minecraft:spider":4,"minecraft:vindicator":1,"minecells:undead_archer":12,"bewitchment:ghost":1,"minecraft:skeleton":3,"minecells:sewers_tentacle":4,"minecells:leaping_zombie":80,"minecells:protector":13,"minecells:grenadier":12,"adventurez:orc":1,"minecraft:pig":4,"minecells:runner":15,"soulsweapons:remnant":3,"mythicmobs:drake":1,"minecraft:creeper":1,"minecraft:sheep":5,"minecraft:pillager":21,"minecraft:zombie":6,"minecells:shieldbearer":6,"minecraft:cow":8},"minecraft:custom":{"lootr:looted_stat":136,"minecraft:mob_kills":233,"minecraft:interact_with_crafting_table":28,"minecraft:open_barrel":2,"minecraft:damage_dealt_resisted":0,"minecraft:leave_game":9,"minecraft:time_since_death":27465,"minecraft:climb_one_cm":12527,"minecraft:damage_resisted":0,"minecraft:sprint_one_cm":712188,"minecraft:walk_one_cm":404437,"minecraft:damage_blocked_by_shield":172,"minecraft:drop":51,"minecraft:raid_win":1,"minecraft:play_time":230010,"minecraft:deaths":3,"minecraft:sneak_time":1952,"minecraft:walk_under_water_one_cm":4542,"minecraft:jump":5671,"minecraft:walk_on_water_one_cm":12278,"minecraft:total_world_time":230010,"minecraft:raid_trigger":1,"minecraft:sleep_in_bed":7,"minecraft:hex":0,"minecraft:time_since_rest":27499,"minecraft:damage_taken":6190,"minecraft:damage_dealt":38530,"minecraft:swim_one_cm":14551,"minecraft:fly_one_cm":1181462,"minecraft:open_chest":24,"minecraft:crouch_one_cm":5222,"minecraft:threat":1,"minecraft:fall_one_cm":130212},"minecraft:dropped":{"minecraft:iron_ingot":5,"minecraft:porkchop":7,"minecraft:wheat_seeds":8,"simplyswords:bramblethorn":1,"paladins:iron_mace":1,"minecraft:crossbow":4,"minecraft:cobblestone":2,"promenade:sap_maple_sapling":7,"minecraft:red_mushroom":1,"minecells:broadsword":1,"minecraft:dirt":1,"minecraft:mutton":4,"minecraft:snowball":16,"minecraft:paper":7,"minecraft:white_wool":3,"minecraft:bone":5,"twigs:twig":3,"minecells:putrid_planks":64,"simplyswords:arcanethyst":1,"minecraft:rotten_flesh":5,"sophisticatedbackpacks:backpack":3,"patchouli:guide_book":2,"simplyswords:soulpyre":1,"minecraft:potato":7,"minecraft:deepslate_tiles":1,"minecells:putrid_board_block":4,"fishofthieves:earthworms":1,"minecraft:oak_sapling":7,"minecraft:bow":1,"minecraft:blue_orchid":1,"minecraft:beef":1},"minecraft:crafted":{"minecraft:oak_planks":56,"comforts:sleeping_bag_white":1,"minecraft:iron_boots":2,"minecraft:chest":10,"sophisticatedbackpacks:iron_backpack":1,"sophisticatedbackpacks:backpack":4,"minecraft:crafting_table":3,"sophisticatedbackpacks:gold_backpack":1,"minecraft:birch_planks":32,"minecraft:iron_chestplate":3,"sophisticatedbackpacks:diamond_backpack":1,"minecraft:iron_leggings":1}},"DataVersion":3465}