{"stats":{"minecraft:picked_up":{"brewery:beer_mug":1,"minecraft:leather":17,"regions_unexplored:silt_dirt":5,"minecraft:red_mushroom":1,"minecraft:filled_map":1,"minecraft:enchanted_book":1,"minecraft:stone_brick_stairs":1,"minecraft:oak_log":14,"minecraft:shield":2,"minecraft:gunpowder":2,"soulsweapons:soul_ingot":2,"minecraft:paper":1,"minecraft:dirt":3,"minecraft:string":21,"minecraft:red_bed":3,"minecraft:bone":2,"minecraft:apple":1,"minecraft:bow":1,"ae2:logic_processor_press":1,"minecraft:beef":16,"fishofthieves:earthworms":1,"twigs:twig":5,"minecells:guts":17,"minecraft:stick":1,"patchouli:guide_book":2,"minecraft:oak_fence":1,"minecells:monster_cell":25,"minecells:monsters_eye":3,"minecells:infected_flesh":21,"ironchests:blank_chest_upgrade":2,"minecraft:porkchop":7,"spellbladenext:frost_orb":1,"minecells:metal_shards":1,"minecells:putrid_fence":1,"minecraft:dark_oak_planks":1,"ae2:sky_stone_block":3,"archon:removal_scroll":1,"minecells:explosive_bulb":2,"minecraft:arrow":56,"minecraft:rotten_flesh":19,"promenade:sap_maple_sapling":7,"regions_unexplored:silver_birch_log":8,"minecraft:crossbow":5,"ae2:engineering_processor_press":1,"ae2:calculation_processor_press":1,"paladins:iron_mace":1,"minecraft:emerald":7,"minecraft:gold_ingot":1,"regions_unexplored:peat_coarse_dirt":1,"fishofthieves:plentifin":1,"minecraft:oak_sapling":6,"adventurez:orc_skin":1,"minecraft:mutton":4,"minecraft:white_wool":4,"minecraft:cobblestone":13},"minecraft:mined":{"minecraft:dark_oak_planks":1,"minecraft:red_bed":3,"supplementaries:book_pile":1,"minecraft:cobbled_deepslate_slab":2,"minecraft:grass_block":1,"regions_unexplored:silt_dirt":4,"brewery:beer_hops":3,"minecraft:tall_grass":1,"minecraft:cobblestone":8,"promenade:maple_planks":1,"minecraft:birch_leaves":1,"croptopia:peach_crop":1,"ae2:mysterious_cube":1,"minecraft:stone_brick_stairs":1,"minecraft:grass":3,"minecraft:oak_log":3,"brewery:beer_mug":1,"regions_unexplored:silver_birch_log":4,"minecraft:dirt":2,"ae2:sky_stone_block":64,"minecraft:stone":4,"regions_unexplored:silt_grass_block":1,"regions_unexplored:peat_coarse_dirt":1},"minecraft:broken":{"minecraft:iron_chestplate":1,"minecraft:iron_leggings":1},"minecraft:killed_by":{"minecraft:zombie":1},"minecraft:used":{"regions_unexplored:silt_dirt":5,"minecraft:oak_fence":1,"minecraft:stone_sword":18,"minecraft:birch_planks":4,"minecraft:iron_sword":14,"regions_unexplored:peat_coarse_dirt":1,"minecraft:iron_chestplate":1,"minecraft:torch":3,"minecraft:dirt":3,"minecraft:crafting_table":3,"minecraft:red_bed":3,"minecraft:dark_oak_planks":1,"spellbladenext:fire_blade":4,"spellbladenext:flaming_falchion":3,"minecells:putrid_fence":1,"minecraft:bread":70,"minecraft:iron_pickaxe":80,"ae2:sky_stone_block":3,"minecraft:iron_helmet":1,"minecraft:stone_brick_stairs":1,"minecraft:enchanted_book":1,"brewery:beer_mug":1,"minecraft:cobblestone":21,"simplyswords:hiveheart":321,"minecraft:experience_bottle":3},"minecraft:killed":{"minecells:mutated_bat":2,"minecraft:pig":4,"minecells:undead_archer":11,"minecraft:vindicator":1,"minecraft:spider":4,"soulsweapons:remnant":3,"mythicmobs:drake":1,"bewitchment:ghost":1,"minecraft:creeper":1,"minecraft:sheep":5,"minecraft:skeleton":2,"minecraft:pillager":21,"minecraft:zombie":5,"minecells:shieldbearer":6,"minecells:leaping_zombie":22,"minecells:grenadier":5,"adventurez:orc":1,"minecraft:cow":8},"minecraft:custom":{"lootr:looted_stat":90,"minecraft:mob_kills":118,"minecraft:interact_with_crafting_table":16,"minecraft:open_barrel":2,"minecraft:raid_trigger":1,"minecraft:damage_dealt_resisted":0,"minecraft:leave_game":9,"minecraft:time_since_death":155107,"minecraft:sleep_in_bed":7,"minecraft:climb_one_cm":7194,"minecraft:damage_resisted":0,"minecraft:hex":0,"minecraft:time_since_rest":28668,"minecraft:sprint_one_cm":479770,"minecraft:damage_taken":2716,"minecraft:walk_one_cm":255453,"minecraft:drop":40,"minecraft:damage_dealt":17813,"minecraft:swim_one_cm":14551,"minecraft:fly_one_cm":820914,"minecraft:raid_win":1,"minecraft:open_chest":6,"minecraft:crouch_one_cm":3129,"minecraft:play_time":158010,"minecraft:deaths":1,"minecraft:sneak_time":1067,"minecraft:walk_under_water_one_cm":4444,"minecraft:jump":3673,"minecraft:threat":1,"minecraft:walk_on_water_one_cm":6614,"minecraft:total_world_time":158010,"minecraft:fall_one_cm":91866},"minecraft:dropped":{"minecraft:iron_ingot":5,"minecraft:porkchop":7,"minecraft:wheat_seeds":8,"paladins:iron_mace":1,"minecraft:crossbow":4,"minecraft:cobblestone":1,"minecraft:rotten_flesh":5,"promenade:sap_maple_sapling":7,"sophisticatedbackpacks:backpack":3,"patchouli:guide_book":2,"minecraft:red_mushroom":1,"minecraft:potato":7,"fishofthieves:earthworms":1,"minecraft:mutton":4,"minecraft:oak_sapling":7,"minecraft:blue_orchid":1,"minecraft:bow":1,"minecraft:beef":1,"minecraft:paper":7,"minecraft:white_wool":3,"twigs:twig":3},"minecraft:crafted":{"minecraft:oak_planks":56,"sophisticatedbackpacks:backpack":4,"minecraft:crafting_table":3,"comforts:sleeping_bag_white":1,"sophisticatedbackpacks:gold_backpack":1,"minecraft:birch_planks":32,"minecraft:chest":10,"sophisticatedbackpacks:iron_backpack":1}},"DataVersion":3465}