{"stats":{"minecraft:killed":{"minecraft:pig":2,"minecraft:zombie":10,"minecraft:cow":1},"minecraft:mined":{"minecraft:crafting_table":3,"minecraft:grass":2,"minecraft:grass_block":1,"minecraft:oak_log":3,"minecraft:dirt":1,"minecraft:cobblestone":3,"minecraft:deepslate_coal_ore":5,"farmersdelight:wild_potatoes":1},"minecraft:crafted":{"minecraft:oak_planks":192,"minecraft:crafting_table":1,"minecraft:stick":4,"minecraft:wooden_pickaxe":1,"minecraft:stone_pickaxe":1,"minecraft:wooden_axe":2},"minecraft:picked_up":{"minecraft:birch_log":7,"projectvibrantjourneys:light_brown_bark_mushroom":1,"minecraft:stick":9,"minecraft:crafting_table":3,"minecraft:brown_mushroom":1,"minecraft:potato":2,"projectvibrantjourneys:ice_chunks":1,"minecraft:porkchop":3,"pointblank:gunmetal_nugget":1,"minecraft:oak_log":74,"minecraft:spruce_sapling":2,"minecraft:gunpowder":1,"minecraft:spruce_log":34,"projectvibrantjourneys:mossy_rocks":1,"minecraft:dirt":10,"minecraft:bone":1,"minecraft:apple":2,"minecraft:rotten_flesh":8,"minecraft:slime_ball":1,"minecraft:wheat_seeds":1,"minecraft:beef":2,"projectvibrantjourneys:orange_bark_mushroom":2,"minecraft:oak_sapling":4,"minecraft:coal":5,"projectvibrantjourneys:pinecones":1,"minecraft:cobblestone":3},"minecraft:custom":{"minecraft:time_since_rest":17613,"minecraft:sprint_one_cm":44814,"minecraft:damage_taken":158,"minecraft:walk_one_cm":29587,"minecraft:mob_kills":14,"minecraft:damage_dealt":1621,"minecraft:swim_one_cm":2790,"minecraft:interact_with_crafting_table":4,"minecraft:fly_one_cm":204123,"minecraft:crouch_one_cm":693,"minecraft:play_time":17613,"minecraft:sneak_time":324,"minecraft:walk_under_water_one_cm":887,"minecraft:jump":598,"minecraft:time_since_death":17613,"minecraft:walk_on_water_one_cm":2946,"minecraft:total_world_time":17613,"minecraft:fall_one_cm":18730},"minecraft:used":{"minecraft:wooden_axe":12,"minecraft:bread":6,"minecraft:stone_pickaxe":5,"minecraft:wooden_pickaxe":3,"marbledsarsenal:police_baton":28,"minecraft:crafting_table":3,"projectvibrantjourneys:mossy_rocks":1}},"DataVersion":3465}