{"stats":{"minecraft:killed":{"minecraft:zombie":3},"minecraft:crafted":{"minecraft:oak_planks":192,"minecraft:crafting_table":1,"minecraft:stick":4,"minecraft:wooden_axe":2},"minecraft:mined":{"minecraft:grass":1,"minecraft:oak_log":3,"minecraft:crafting_table":2},"minecraft:picked_up":{"minecraft:birch_log":7,"projectvibrantjourneys:light_brown_bark_mushroom":1,"minecraft:stick":9,"minecraft:crafting_table":2,"minecraft:rotten_flesh":3,"minecraft:slime_ball":1,"minecraft:apple":2,"pointblank:gunmetal_nugget":1,"minecraft:oak_log":74,"projectvibrantjourneys:orange_bark_mushroom":2,"minecraft:oak_sapling":4,"minecraft:dirt":8},"minecraft:custom":{"minecraft:time_since_rest":5613,"minecraft:crouch_one_cm":45,"minecraft:play_time":5613,"minecraft:sprint_one_cm":4656,"minecraft:damage_taken":125,"minecraft:walk_one_cm":9210,"minecraft:sneak_time":160,"minecraft:mob_kills":3,"minecraft:jump":60,"minecraft:damage_dealt":563,"minecraft:time_since_death":5613,"minecraft:total_world_time":5613,"minecraft:interact_with_crafting_table":2,"minecraft:fall_one_cm":2810,"minecraft:fly_one_cm":84683},"minecraft:used":{"minecraft:wooden_axe":3,"minecraft:crafting_table":2,"minecraft:bread":1,"marbledsarsenal:police_baton":12}},"DataVersion":3465}