{"stats":{"minecraft:crafted":{"minecraft:oak_planks":24,"minecraft:crafting_table":2,"comforts:sleeping_bag_white":1,"minecraft:chest":2},"minecraft:custom":{"lootr:looted_stat":35,"minecraft:mob_kills":37,"minecraft:interact_with_crafting_table":4,"minecraft:open_barrel":1,"minecraft:damage_dealt_resisted":0,"minecraft:leave_game":7,"minecraft:time_since_death":60351,"minecraft:sleep_in_bed":3,"minecraft:climb_one_cm":6153,"minecraft:damage_resisted":0,"minecraft:hex":0,"minecraft:time_since_rest":13739,"minecraft:sprint_one_cm":210046,"minecraft:damage_taken":548,"minecraft:walk_one_cm":100000,"minecraft:drop":14,"minecraft:damage_dealt":5108,"minecraft:swim_one_cm":2548,"minecraft:fly_one_cm":436899,"minecraft:open_chest":4,"minecraft:crouch_one_cm":1062,"minecraft:play_time":63254,"minecraft:deaths":1,"minecraft:sneak_time":408,"minecraft:walk_under_water_one_cm":1058,"minecraft:jump":1880,"minecraft:walk_on_water_one_cm":2560,"minecraft:total_world_time":63254,"minecraft:fall_one_cm":52098},"minecraft:used":{"regions_unexplored:silt_dirt":5,"minecraft:stone_sword":18,"minecraft:iron_sword":14,"regions_unexplored:peat_coarse_dirt":1,"minecraft:iron_chestplate":1,"minecraft:torch":3,"minecraft:crafting_table":2,"minecraft:red_bed":2,"spellbladenext:fire_blade":3,"spellbladenext:flaming_falchion":2,"minecraft:bread":21,"minecraft:iron_pickaxe":7,"minecraft:iron_helmet":1,"minecraft:stone_brick_stairs":1,"simplyswords:hiveheart":63,"minecraft:experience_bottle":3},"minecraft:killed_by":{"minecraft:zombie":1},"minecraft:killed":{"minecraft:pig":4,"minecraft:spider":1,"soulsweapons:remnant":3,"mythicmobs:drake":1,"minecraft:sheep":4,"minecraft:skeleton":2,"minecraft:pillager":10,"minecraft:zombie":1,"minecraft:cow":8},"minecraft:dropped":{"minecraft:porkchop":7,"minecraft:wheat_seeds":8,"minecraft:crossbow":3,"minecraft:rotten_flesh":2,"promenade:sap_maple_sapling":7,"patchouli:guide_book":1,"minecraft:oak_sapling":5,"minecraft:bow":1,"minecraft:blue_orchid":1,"minecraft:beef":1,"minecraft:white_wool":2},"minecraft:picked_up":{"minecraft:leather":12,"regions_unexplored:silt_dirt":5,"minecraft:stone_brick_stairs":1,"minecraft:oak_log":6,"soulsweapons:soul_ingot":2,"minecraft:red_bed":2,"minecraft:string":2,"minecraft:paper":1,"travelersbackpack:backpack_tank":2,"minecraft:bone":2,"minecraft:apple":1,"minecraft:bow":1,"minecraft:beef":16,"twigs:twig":2,"patchouli:guide_book":1,"ironchests:blank_chest_upgrade":1,"minecraft:porkchop":7,"minecraft:arrow":20,"minecraft:rotten_flesh":4,"promenade:sap_maple_sapling":7,"minecraft:crossbow":3,"minecraft:emerald":3,"minecraft:gold_ingot":1,"regions_unexplored:peat_coarse_dirt":1,"minecraft:oak_sapling":4,"minecraft:white_wool":3,"minecraft:cobblestone":4},"minecraft:mined":{"minecraft:red_bed":2,"minecraft:cobbled_deepslate_slab":2,"regions_unexplored:silt_dirt":4,"minecraft:tall_grass":1,"brewery:beer_hops":3,"promenade:maple_planks":1,"minecraft:birch_leaves":1,"minecraft:stone_brick_stairs":1,"minecraft:grass":1,"minecraft:oak_log":1,"minecraft:stone":4,"regions_unexplored:silt_grass_block":1,"regions_unexplored:peat_coarse_dirt":1}},"DataVersion":3465}