{"stats":{"minecraft:broken":{"minecraft:wooden_axe":1},"minecraft:killed_by":{"minecraft:zombie":2},"minecraft:picked_up":{"minecraft:birch_log":14,"minecraft:crafting_table":3,"minecraft:feather":4,"minecraft:azure_bluet":1,"projectvibrantjourneys:fallen_leaves":1,"minecraft:brown_mushroom":1,"minecraft:mourner_pottery_sherd":1,"minecraft:wooden_pickaxe":1,"minecraft:oak_log":54,"minecraft:shield":2,"marbledsarsenal:cm6m_gas_mask":3,"minecraft:string":2,"minecraft:dirt":129,"minecraft:raw_copper":8,"minecraft:leather_boots":3,"minecraft:bone":1,"minecraft:apple":4,"minecraft:wheat_seeds":45,"minecraft:orange_tulip":9,"minecraft:bucket":1,"minecraft:spruce_planks":3,"minecraft:stone_pickaxe":1,"minecraft:stone_hoe":1,"minecraft:oak_planks":23,"minecraft:oak_slab":25,"minecraft:stick":33,"minecraft:raw_iron":2,"marbledsarsenal:police_baton":3,"projectvibrantjourneys:bark_mushroom":2,"minecraft:oak_fence":14,"minecraft:torch":63,"minecraft:dandelion":6,"pointblank:gunmetal_nugget":11,"farmersdelight:tomato_seeds":1,"minecraft:skull_pottery_sherd":1,"minecraft:prize_pottery_sherd":2,"minecraft:spruce_sapling":2,"minecraft:pointed_dripstone":5,"minecraft:white_bed":1,"minecraft:spruce_log":13,"alexsmobs:animal_dictionary":4,"pointblank:ammo45acp":192,"pointblank:m1911a1":3,"projectvibrantjourneys:seashells":1,"create:crimsite":1,"minecraft:rotten_flesh":3,"minecraft:spruce_boat":2,"minecraft:stone_axe":2,"minecraft:miner_pottery_sherd":1,"k_turrets:raw_titanium":7,"minecraft:hay_block":22,"ecologics:coconut_log":2,"minecraft:bread":27,"minecraft:oak_sapling":25,"projectvibrantjourneys:twigs":2,"minecraft:mutton":4,"minecraft:coal":26,"minecraft:mangrove_propagule":1,"minecraft:white_wool":2,"minecraft:cobblestone":27},"minecraft:used":{"minecraft:wheat_seeds":46,"minecraft:oak_fence":81,"minecraft:water_bucket":3,"minecraft:stone_shovel":32,"minecraft:stone_pickaxe":55,"minecraft:oak_planks":3,"minecraft:spruce_planks":1,"minecraft:stone_hoe":80,"minecraft:torch":11,"minecraft:dirt":91,"minecraft:oak_slab":20,"minecraft:crafting_table":3,"minecraft:white_bed":1,"minecraft:spruce_log":3,"minecraft:milk_bucket":1,"minecraft:spruce_boat":2,"minecraft:oak_log":9,"minecraft:wooden_axe":58,"minecraft:apple":1,"minecraft:bread":10,"marbledsarsenal:police_baton":3,"minecraft:stone_axe":52,"minecraft:bucket":3},"minecraft:crafted":{"minecraft:oak_slab":36,"minecraft:oak_planks":136,"minecraft:stone_shovel":1,"minecraft:spruce_planks":40,"minecraft:wooden_pickaxe":1,"minecraft:bucket":1,"minecraft:stone_axe":1,"minecraft:stick":56,"minecraft:stone_pickaxe":1,"minecraft:wooden_axe":1,"minecraft:spruce_boat":2,"minecraft:oak_fence":72},"minecraft:custom":{"minecraft:interact_with_furnace":7,"minecraft:mob_kills":5,"minecraft:interact_with_crafting_table":16,"minecraft:damage_dealt_resisted":20,"minecraft:leave_game":2,"minecraft:time_since_death":29253,"minecraft:sleep_in_bed":4,"minecraft:climb_one_cm":260,"minecraft:time_since_rest":9433,"minecraft:sprint_one_cm":244241,"minecraft:damage_taken":1002,"minecraft:walk_one_cm":174033,"minecraft:drop":14,"minecraft:damage_dealt":870,"minecraft:swim_one_cm":9051,"minecraft:fly_one_cm":555113,"minecraft:open_chest":23,"minecraft:crouch_one_cm":14619,"minecraft:play_time":100300,"minecraft:sneak_time":3491,"minecraft:deaths":4,"minecraft:walk_under_water_one_cm":3773,"minecraft:boat_one_cm":45179,"minecraft:jump":2556,"minecraft:walk_on_water_one_cm":4801,"minecraft:total_world_time":100300,"minecraft:fall_one_cm":64302},"minecraft:killed":{"hordes:zombie_player":1,"minecraft:sheep":3,"minecraft:zombie":1},"minecraft:dropped":{"farmersdelight:tomato_seeds":1,"minecraft:wheat_seeds":2,"minecraft:orange_tulip":9,"minecraft:stone_shovel":1,"minecraft:mangrove_propagule":1,"minecraft:spruce_planks":2,"projectvibrantjourneys:seashells":1,"minecraft:bucket":1,"pointblank:ammo45acp":64},"minecraft:mined":{"minecraft:oak_slab":5,"minecraft:spruce_planks":1,"minecraft:white_bed":1,"minecraft:dandelion":3,"minecraft:oak_fence":14,"minecraft:crafting_table":4,"minecraft:torch":3,"projectvibrantjourneys:twigs":1,"minecraft:grass_block":1,"projectvibrantjourneys:mossy_rocks":1,"minecraft:copper_ore":2,"minecraft:tall_grass":74,"farmersdelight:wild_tomatoes":1,"projectvibrantjourneys:fallen_leaves":1,"minecraft:oak_planks":3,"minecraft:wall_torch":1,"minecraft:hay_block":22,"minecraft:birch_log":7,"minecraft:iron_ore":2,"minecraft:ice":2,"minecraft:spruce_log":13,"minecraft:azure_bluet":1,"minecraft:grass":251,"k_turrets:titanium_ore":7,"minecraft:oak_log":54,"minecraft:pointed_dripstone":2,"minecraft:coal_ore":26,"projectvibrantjourneys:short_grass":48,"minecraft:dirt":33,"minecraft:stone":13,"create:crimsite":1,"minecraft:fern":1}},"DataVersion":3465}