{"stats":{"minecraft:killed_by":{"minecraft:zombie":2},"minecraft:picked_up":{"minecraft:stick":6,"minecraft:crafting_table":3,"minecraft:feather":4,"marbledsarsenal:police_baton":2,"minecraft:torch":4,"pointblank:gunmetal_nugget":8,"minecraft:oak_log":7,"minecraft:spruce_sapling":2,"minecraft:white_bed":1,"minecraft:spruce_log":13,"minecraft:string":2,"marbledsarsenal:cm6m_gas_mask":2,"alexsmobs:animal_dictionary":4,"pointblank:m1911a1":2,"pointblank:ammo45acp":128,"minecraft:leather_boots":2,"projectvibrantjourneys:seashells":1,"minecraft:rotten_flesh":2,"ecologics:coconut_log":1,"minecraft:spruce_planks":3,"minecraft:hay_block":22,"minecraft:bread":18,"minecraft:oak_sapling":2,"projectvibrantjourneys:twigs":2},"minecraft:used":{"minecraft:spruce_boat":2,"minecraft:wooden_axe":21,"minecraft:spruce_planks":1,"marbledsarsenal:police_baton":3,"minecraft:crafting_table":3,"minecraft:spruce_log":3,"minecraft:milk_bucket":1},"minecraft:crafted":{"minecraft:spruce_planks":40,"minecraft:stick":8,"minecraft:wooden_pickaxe":1,"minecraft:wooden_axe":1,"minecraft:spruce_boat":2},"minecraft:custom":{"minecraft:time_since_rest":21256,"minecraft:interact_with_furnace":1,"minecraft:sprint_one_cm":39246,"minecraft:damage_taken":604,"minecraft:walk_one_cm":39140,"minecraft:drop":4,"minecraft:damage_dealt":235,"minecraft:swim_one_cm":2082,"minecraft:interact_with_crafting_table":4,"minecraft:fly_one_cm":103634,"minecraft:open_chest":2,"minecraft:crouch_one_cm":207,"minecraft:play_time":28928,"minecraft:deaths":3,"minecraft:sneak_time":113,"minecraft:walk_under_water_one_cm":146,"minecraft:boat_one_cm":6095,"minecraft:jump":425,"minecraft:damage_dealt_resisted":20,"minecraft:time_since_death":23480,"minecraft:walk_on_water_one_cm":386,"minecraft:sleep_in_bed":1,"minecraft:total_world_time":28928,"minecraft:fall_one_cm":9641},"minecraft:dropped":{"minecraft:spruce_planks":2,"minecraft:bucket":1,"pointblank:ammo45acp":64},"minecraft:mined":{"minecraft:hay_block":22,"minecraft:spruce_planks":1,"minecraft:white_bed":1,"minecraft:spruce_log":13,"minecraft:crafting_table":4,"minecraft:grass":1,"minecraft:oak_log":7,"minecraft:wall_torch":1}},"DataVersion":3465}