{"stats":{"minecraft:killed":{"minecraft:pig":3,"minecraft:sheep":10,"minecraft:zombie":11,"minecraft:drowned":1,"minecraft:cow":8},"minecraft:mined":{"minecraft:white_bed":1,"minecraft:clay":1,"minecraft:crafting_table":5,"minecraft:grass_block":1,"minecraft:calcite":8,"minecraft:cobblestone":3,"minecraft:deepslate_coal_ore":5,"minecraft:coarse_dirt":2,"minecraft:furnace":1,"minecraft:sweet_berry_bush":1,"minecraft:birch_leaves":1,"minecraft:grass":2,"minecraft:oak_log":3,"minecraft:coal_ore":18,"projectvibrantjourneys:short_grass":1,"minecraft:dirt":1,"minecraft:stone":18,"farmersdelight:wild_potatoes":1},"minecraft:crafted":{"minecraft:cooked_beef":13,"minecraft:oak_planks":192,"minecraft:crafting_table":2,"minecraft:wooden_pickaxe":1,"minecraft:furnace":1,"minecraft:air":0,"minecraft:oak_boat":1,"minecraft:stick":4,"minecraft:stone_pickaxe":1,"minecraft:wooden_axe":2,"minecraft:white_bed":1},"minecraft:broken":{"minecraft:wooden_axe":1},"minecraft:picked_up":{"minecraft:birch_log":7,"minecraft:crafting_table":5,"minecraft:coarse_dirt":2,"minecraft:leather":7,"minecraft:brown_mushroom":1,"minecraft:potato":2,"projectvibrantjourneys:ice_chunks":1,"minecraft:oak_log":74,"minecraft:gunpowder":1,"projectvibrantjourneys:mossy_rocks":1,"minecraft:dirt":10,"minecraft:bone":1,"minecraft:apple":2,"minecraft:wheat_seeds":3,"minecraft:beef":15,"minecraft:oak_boat":1,"minecraft:calcite":8,"minecraft:furnace":1,"projectvibrantjourneys:light_brown_bark_mushroom":1,"minecraft:stick":11,"minecraft:sweet_berries":71,"pointblank:gunmetal_nugget":1,"minecraft:porkchop":5,"minecraft:spruce_sapling":2,"minecraft:white_bed":1,"minecraft:spruce_log":34,"minecraft:trident":1,"minecraft:rotten_flesh":11,"minecraft:slime_ball":1,"projectvibrantjourneys:orange_bark_mushroom":2,"minecraft:oak_sapling":4,"minecraft:mutton":16,"minecraft:coal":44,"minecraft:cobblestone":19,"minecraft:white_wool":10,"projectvibrantjourneys:pinecones":1},"minecraft:custom":{"minecraft:interact_with_furnace":8,"minecraft:mob_kills":36,"minecraft:interact_with_crafting_table":11,"minecraft:time_since_death":41613,"minecraft:sleep_in_bed":1,"minecraft:time_since_rest":4848,"minecraft:sprint_one_cm":110277,"minecraft:damage_taken":337,"minecraft:walk_one_cm":74490,"minecraft:drop":10,"minecraft:damage_dealt":3559,"minecraft:swim_one_cm":10299,"minecraft:fly_one_cm":368239,"minecraft:crouch_one_cm":4041,"minecraft:play_time":41613,"minecraft:sneak_time":1727,"minecraft:walk_under_water_one_cm":11058,"minecraft:boat_one_cm":23080,"minecraft:jump":1448,"minecraft:walk_on_water_one_cm":10515,"minecraft:total_world_time":41613,"minecraft:fall_one_cm":42255},"minecraft:used":{"minecraft:stone_pickaxe":52,"minecraft:wooden_pickaxe":3,"minecraft:crafting_table":6,"minecraft:white_bed":1,"minecraft:wooden_axe":30,"minecraft:bread":9,"marbledsarsenal:police_baton":39,"minecraft:cobblestone":8,"minecraft:sweet_berries":13,"minecraft:furnace":1,"minecraft:oak_boat":1,"minecraft:cooked_beef":1,"projectvibrantjourneys:mossy_rocks":1,"minecraft:coarse_dirt":2},"minecraft:dropped":{"minecraft:brown_mushroom":1,"minecraft:wheat_seeds":3,"projectvibrantjourneys:orange_bark_mushroom":2,"projectvibrantjourneys:light_brown_bark_mushroom":1,"minecraft:gunpowder":1,"projectvibrantjourneys:pinecones":1,"minecraft:spruce_sapling":2,"minecraft:bone":1}},"DataVersion":3465}