{"stats":{"minecraft:broken":{"minecraft:wooden_axe":1},"minecraft:killed_by":{"minecraft:zombie":2},"minecraft:picked_up":{"minecraft:birch_log":14,"minecraft:crafting_table":3,"minecraft:feather":4,"projectvibrantjourneys:fallen_leaves":1,"minecraft:brown_mushroom":1,"minecraft:mourner_pottery_sherd":1,"minecraft:wooden_pickaxe":1,"minecraft:oak_log":54,"minecraft:shield":2,"marbledsarsenal:cm6m_gas_mask":3,"minecraft:dirt":129,"minecraft:string":2,"minecraft:raw_copper":8,"minecraft:leather_boots":3,"minecraft:apple":4,"minecraft:wheat_seeds":12,"minecraft:bucket":1,"minecraft:spruce_planks":3,"minecraft:stone_pickaxe":1,"minecraft:stone_hoe":1,"minecraft:oak_planks":23,"minecraft:oak_slab":25,"minecraft:stick":33,"marbledsarsenal:police_baton":3,"minecraft:oak_fence":14,"projectvibrantjourneys:bark_mushroom":2,"minecraft:torch":63,"minecraft:dandelion":5,"pointblank:gunmetal_nugget":9,"minecraft:prize_pottery_sherd":2,"minecraft:skull_pottery_sherd":1,"minecraft:spruce_sapling":2,"minecraft:white_bed":1,"minecraft:spruce_log":13,"alexsmobs:animal_dictionary":4,"pointblank:ammo45acp":192,"pointblank:m1911a1":3,"projectvibrantjourneys:seashells":1,"minecraft:rotten_flesh":2,"minecraft:spruce_boat":2,"minecraft:stone_axe":2,"minecraft:miner_pottery_sherd":1,"k_turrets:raw_titanium":4,"minecraft:hay_block":22,"ecologics:coconut_log":2,"minecraft:bread":27,"minecraft:oak_sapling":25,"projectvibrantjourneys:twigs":2,"minecraft:mutton":2,"minecraft:white_wool":1,"minecraft:cobblestone":27},"minecraft:used":{"minecraft:wheat_seeds":2,"minecraft:oak_fence":81,"minecraft:water_bucket":2,"minecraft:stone_shovel":32,"minecraft:stone_pickaxe":21,"minecraft:oak_planks":3,"minecraft:spruce_planks":1,"minecraft:stone_hoe":80,"minecraft:torch":11,"minecraft:dirt":88,"minecraft:oak_slab":20,"minecraft:crafting_table":3,"minecraft:white_bed":1,"minecraft:spruce_log":3,"minecraft:milk_bucket":1,"minecraft:spruce_boat":2,"minecraft:oak_log":9,"minecraft:wooden_axe":58,"minecraft:bread":2,"marbledsarsenal:police_baton":3,"minecraft:stone_axe":46,"minecraft:bucket":3},"minecraft:crafted":{"minecraft:oak_slab":36,"minecraft:oak_planks":136,"minecraft:stone_shovel":1,"minecraft:spruce_planks":40,"minecraft:wooden_pickaxe":1,"minecraft:bucket":1,"minecraft:stone_axe":1,"minecraft:stick":56,"minecraft:stone_pickaxe":1,"minecraft:wooden_axe":1,"minecraft:spruce_boat":2,"minecraft:oak_fence":72},"minecraft:custom":{"minecraft:interact_with_furnace":7,"minecraft:mob_kills":3,"minecraft:interact_with_crafting_table":16,"minecraft:damage_dealt_resisted":20,"minecraft:time_since_death":5881,"minecraft:sleep_in_bed":2,"minecraft:time_since_rest":5986,"minecraft:sprint_one_cm":149749,"minecraft:damage_taken":843,"minecraft:walk_one_cm":134354,"minecraft:drop":7,"minecraft:damage_dealt":495,"minecraft:swim_one_cm":3269,"minecraft:fly_one_cm":328403,"minecraft:open_chest":18,"minecraft:crouch_one_cm":13008,"minecraft:play_time":76928,"minecraft:deaths":4,"minecraft:sneak_time":3034,"minecraft:walk_under_water_one_cm":2256,"minecraft:boat_one_cm":45179,"minecraft:jump":1587,"minecraft:walk_on_water_one_cm":1423,"minecraft:total_world_time":76928,"minecraft:fall_one_cm":36596},"minecraft:killed":{"hordes:zombie_player":1,"minecraft:sheep":2},"minecraft:dropped":{"minecraft:wheat_seeds":1,"minecraft:stone_shovel":1,"minecraft:spruce_planks":2,"projectvibrantjourneys:seashells":1,"minecraft:bucket":1,"pointblank:ammo45acp":64},"minecraft:mined":{"minecraft:oak_slab":5,"minecraft:spruce_planks":1,"minecraft:white_bed":1,"minecraft:dandelion":2,"minecraft:oak_fence":14,"minecraft:crafting_table":4,"minecraft:torch":3,"projectvibrantjourneys:twigs":1,"minecraft:grass_block":1,"projectvibrantjourneys:mossy_rocks":1,"minecraft:tall_grass":22,"minecraft:copper_ore":2,"projectvibrantjourneys:fallen_leaves":1,"minecraft:oak_planks":3,"minecraft:wall_torch":1,"minecraft:hay_block":22,"minecraft:birch_log":7,"minecraft:ice":2,"minecraft:spruce_log":13,"k_turrets:titanium_ore":4,"minecraft:grass":67,"minecraft:oak_log":54,"projectvibrantjourneys:short_grass":13,"minecraft:dirt":33,"minecraft:stone":13,"minecraft:fern":1}},"DataVersion":3465}