{"stats":{"minecraft:killed":{"minecraft:sheep":6,"minecraft:pig":2,"minecraft:zombie":11,"minecraft:drowned":1,"minecraft:cow":2},"minecraft:mined":{"minecraft:sweet_berry_bush":1,"minecraft:birch_leaves":1,"minecraft:clay":1,"minecraft:crafting_table":3,"minecraft:grass":2,"projectvibrantjourneys:short_grass":1,"minecraft:grass_block":1,"minecraft:oak_log":3,"minecraft:dirt":1,"minecraft:cobblestone":3,"minecraft:deepslate_coal_ore":5,"minecraft:stone":9,"farmersdelight:wild_potatoes":1},"minecraft:crafted":{"minecraft:oak_planks":192,"minecraft:crafting_table":1,"minecraft:stick":4,"minecraft:wooden_pickaxe":1,"minecraft:stone_pickaxe":1,"minecraft:wooden_axe":2},"minecraft:picked_up":{"minecraft:birch_log":7,"projectvibrantjourneys:light_brown_bark_mushroom":1,"minecraft:stick":9,"minecraft:crafting_table":3,"minecraft:sweet_berries":50,"minecraft:leather":2,"minecraft:brown_mushroom":1,"minecraft:potato":2,"projectvibrantjourneys:ice_chunks":1,"minecraft:porkchop":3,"pointblank:gunmetal_nugget":1,"minecraft:oak_log":74,"minecraft:spruce_sapling":2,"minecraft:trident":1,"minecraft:gunpowder":1,"minecraft:spruce_log":34,"projectvibrantjourneys:mossy_rocks":1,"minecraft:dirt":10,"minecraft:bone":1,"minecraft:apple":2,"minecraft:rotten_flesh":11,"minecraft:slime_ball":1,"minecraft:wheat_seeds":2,"minecraft:beef":3,"projectvibrantjourneys:orange_bark_mushroom":2,"minecraft:oak_sapling":4,"minecraft:mutton":9,"minecraft:coal":5,"minecraft:white_wool":6,"projectvibrantjourneys:pinecones":1,"minecraft:cobblestone":12},"minecraft:custom":{"minecraft:time_since_rest":29613,"minecraft:sprint_one_cm":79090,"minecraft:damage_taken":310,"minecraft:walk_one_cm":54473,"minecraft:mob_kills":25,"minecraft:drop":7,"minecraft:damage_dealt":2539,"minecraft:swim_one_cm":9818,"minecraft:interact_with_crafting_table":4,"minecraft:fly_one_cm":289099,"minecraft:crouch_one_cm":3509,"minecraft:play_time":29613,"minecraft:sneak_time":1550,"minecraft:walk_under_water_one_cm":10935,"minecraft:jump":1098,"minecraft:time_since_death":29613,"minecraft:walk_on_water_one_cm":9964,"minecraft:total_world_time":29613,"minecraft:fall_one_cm":27840},"minecraft:dropped":{"projectvibrantjourneys:light_brown_bark_mushroom":1,"minecraft:brown_mushroom":1,"minecraft:wheat_seeds":2,"minecraft:gunpowder":1,"projectvibrantjourneys:pinecones":1,"projectvibrantjourneys:orange_bark_mushroom":2},"minecraft:used":{"minecraft:wooden_axe":19,"minecraft:bread":9,"minecraft:stone_pickaxe":15,"minecraft:wooden_pickaxe":3,"marbledsarsenal:police_baton":35,"minecraft:cobblestone":8,"minecraft:sweet_berries":3,"minecraft:crafting_table":3,"projectvibrantjourneys:mossy_rocks":1}},"DataVersion":3465}