{"stats":{"minecraft:broken":{"minecraft:wooden_axe":1},"minecraft:killed_by":{"minecraft:zombie":2},"minecraft:picked_up":{"minecraft:birch_log":7,"minecraft:crafting_table":3,"minecraft:feather":4,"projectvibrantjourneys:fallen_leaves":1,"minecraft:brown_mushroom":1,"minecraft:mourner_pottery_sherd":1,"minecraft:oak_log":54,"minecraft:shield":1,"marbledsarsenal:cm6m_gas_mask":2,"minecraft:dirt":50,"minecraft:string":2,"minecraft:raw_copper":4,"minecraft:leather_boots":2,"minecraft:apple":2,"minecraft:wheat_seeds":1,"minecraft:spruce_planks":3,"minecraft:oak_planks":3,"minecraft:stick":26,"marbledsarsenal:police_baton":2,"minecraft:oak_fence":14,"projectvibrantjourneys:bark_mushroom":2,"minecraft:torch":7,"minecraft:dandelion":2,"pointblank:gunmetal_nugget":8,"minecraft:prize_pottery_sherd":1,"minecraft:skull_pottery_sherd":1,"minecraft:spruce_sapling":2,"minecraft:white_bed":1,"minecraft:spruce_log":13,"alexsmobs:animal_dictionary":4,"pointblank:ammo45acp":128,"pointblank:m1911a1":2,"projectvibrantjourneys:seashells":1,"minecraft:rotten_flesh":2,"minecraft:spruce_boat":1,"minecraft:stone_axe":1,"minecraft:miner_pottery_sherd":1,"minecraft:hay_block":22,"ecologics:coconut_log":1,"minecraft:bread":18,"minecraft:oak_sapling":24,"projectvibrantjourneys:twigs":2,"minecraft:mutton":1,"minecraft:white_wool":1,"minecraft:cobblestone":14},"minecraft:used":{"minecraft:oak_fence":81,"minecraft:stone_shovel":32,"minecraft:stone_pickaxe":15,"minecraft:oak_planks":3,"minecraft:spruce_planks":1,"minecraft:torch":7,"minecraft:dirt":7,"minecraft:crafting_table":3,"minecraft:white_bed":1,"minecraft:spruce_log":3,"minecraft:milk_bucket":1,"minecraft:spruce_boat":2,"minecraft:oak_log":9,"minecraft:wooden_axe":58,"marbledsarsenal:police_baton":3,"minecraft:stone_axe":39},"minecraft:crafted":{"minecraft:oak_planks":136,"minecraft:stone_shovel":1,"minecraft:spruce_planks":40,"minecraft:wooden_pickaxe":1,"minecraft:stick":56,"minecraft:stone_pickaxe":1,"minecraft:wooden_axe":1,"minecraft:spruce_boat":2,"minecraft:oak_fence":72},"minecraft:custom":{"minecraft:interact_with_furnace":7,"minecraft:mob_kills":2,"minecraft:interact_with_crafting_table":13,"minecraft:damage_dealt_resisted":20,"minecraft:time_since_death":59480,"minecraft:sleep_in_bed":2,"minecraft:time_since_rest":2234,"minecraft:sprint_one_cm":119332,"minecraft:damage_taken":633,"minecraft:walk_one_cm":97410,"minecraft:drop":6,"minecraft:damage_dealt":345,"minecraft:swim_one_cm":2082,"minecraft:fly_one_cm":259997,"minecraft:open_chest":9,"minecraft:crouch_one_cm":2425,"minecraft:play_time":64928,"minecraft:deaths":3,"minecraft:sneak_time":838,"minecraft:walk_under_water_one_cm":146,"minecraft:boat_one_cm":45179,"minecraft:jump":1234,"minecraft:walk_on_water_one_cm":507,"minecraft:total_world_time":64928,"minecraft:fall_one_cm":25139},"minecraft:killed":{"minecraft:sheep":2},"minecraft:dropped":{"minecraft:wheat_seeds":1,"minecraft:spruce_planks":2,"projectvibrantjourneys:seashells":1,"minecraft:bucket":1,"pointblank:ammo45acp":64},"minecraft:mined":{"minecraft:spruce_planks":1,"minecraft:white_bed":1,"minecraft:dandelion":2,"minecraft:oak_fence":14,"minecraft:crafting_table":4,"minecraft:torch":3,"projectvibrantjourneys:twigs":1,"minecraft:grass_block":1,"minecraft:copper_ore":2,"projectvibrantjourneys:fallen_leaves":1,"minecraft:oak_planks":3,"minecraft:wall_torch":1,"minecraft:hay_block":22,"minecraft:birch_log":7,"minecraft:spruce_log":13,"minecraft:grass":1,"minecraft:oak_log":54,"projectvibrantjourneys:short_grass":9,"minecraft:dirt":32,"minecraft:stone":13}},"DataVersion":3465}