{"stats":{"minecraft:mined":{"minecraft:red_bed":2,"minecraft:cobbled_deepslate_slab":2,"minecraft:grass_block":1,"regions_unexplored:silt_dirt":4,"brewery:beer_hops":3,"minecraft:tall_grass":1,"minecraft:cobblestone":2,"promenade:maple_planks":1,"minecraft:birch_leaves":1,"minecraft:stone_brick_stairs":1,"minecraft:grass":1,"minecraft:oak_log":1,"minecraft:dirt":2,"minecraft:stone":4,"regions_unexplored:silt_grass_block":1,"regions_unexplored:peat_coarse_dirt":1},"minecraft:picked_up":{"minecraft:leather":12,"regions_unexplored:silt_dirt":5,"minecraft:red_mushroom":1,"minecraft:stone_brick_stairs":1,"minecraft:oak_log":6,"soulsweapons:soul_ingot":2,"minecraft:paper":1,"minecraft:dirt":3,"minecraft:string":2,"minecraft:red_bed":2,"minecraft:bone":2,"minecraft:apple":1,"minecraft:bow":1,"minecraft:beef":16,"fishofthieves:earthworms":1,"twigs:twig":2,"patchouli:guide_book":2,"ironchests:blank_chest_upgrade":1,"minecraft:porkchop":7,"minecraft:arrow":25,"minecraft:rotten_flesh":4,"promenade:sap_maple_sapling":7,"minecraft:crossbow":4,"minecraft:emerald":3,"minecraft:gold_ingot":1,"regions_unexplored:peat_coarse_dirt":1,"minecraft:oak_sapling":4,"adventurez:orc_skin":1,"minecraft:mutton":4,"minecraft:white_wool":4,"minecraft:cobblestone":7},"minecraft:broken":{"minecraft:iron_chestplate":1},"minecraft:killed_by":{"minecraft:zombie":1},"minecraft:used":{"regions_unexplored:silt_dirt":5,"minecraft:stone_sword":18,"minecraft:iron_sword":14,"regions_unexplored:peat_coarse_dirt":1,"minecraft:iron_chestplate":1,"minecraft:torch":3,"minecraft:dirt":3,"minecraft:crafting_table":2,"minecraft:red_bed":2,"spellbladenext:fire_blade":3,"spellbladenext:flaming_falchion":3,"minecraft:bread":26,"minecraft:iron_pickaxe":9,"minecraft:iron_helmet":1,"minecraft:stone_brick_stairs":1,"minecraft:cobblestone":11,"simplyswords:hiveheart":95,"minecraft:experience_bottle":3},"minecraft:killed":{"minecraft:pig":4,"minecraft:vindicator":1,"minecraft:spider":3,"soulsweapons:remnant":3,"mythicmobs:drake":1,"minecraft:creeper":1,"minecraft:sheep":5,"minecraft:skeleton":2,"minecraft:pillager":15,"minecraft:zombie":1,"adventurez:orc":1,"minecraft:cow":8},"minecraft:custom":{"lootr:looted_stat":35,"minecraft:mob_kills":48,"minecraft:interact_with_crafting_table":4,"minecraft:open_barrel":1,"minecraft:raid_trigger":1,"minecraft:damage_dealt_resisted":0,"minecraft:leave_game":9,"minecraft:time_since_death":95107,"minecraft:sleep_in_bed":5,"minecraft:climb_one_cm":6153,"minecraft:damage_resisted":0,"minecraft:hex":0,"minecraft:time_since_rest":4767,"minecraft:sprint_one_cm":262167,"minecraft:damage_taken":685,"minecraft:walk_one_cm":122183,"minecraft:drop":25,"minecraft:damage_dealt":7107,"minecraft:swim_one_cm":14129,"minecraft:fly_one_cm":559176,"minecraft:raid_win":1,"minecraft:open_chest":4,"minecraft:crouch_one_cm":1290,"minecraft:play_time":98010,"minecraft:deaths":1,"minecraft:sneak_time":510,"minecraft:walk_under_water_one_cm":4238,"minecraft:jump":2418,"minecraft:walk_on_water_one_cm":6345,"minecraft:total_world_time":98010,"minecraft:fall_one_cm":64712},"minecraft:dropped":{"minecraft:porkchop":7,"minecraft:wheat_seeds":8,"minecraft:crossbow":4,"minecraft:cobblestone":1,"minecraft:rotten_flesh":2,"promenade:sap_maple_sapling":7,"patchouli:guide_book":2,"minecraft:red_mushroom":1,"fishofthieves:earthworms":1,"minecraft:mutton":4,"minecraft:oak_sapling":5,"minecraft:blue_orchid":1,"minecraft:bow":1,"minecraft:beef":1,"minecraft:paper":7,"minecraft:white_wool":3},"minecraft:crafted":{"minecraft:oak_planks":24,"minecraft:crafting_table":2,"comforts:sleeping_bag_white":1,"minecraft:chest":2}},"DataVersion":3465}