{"stats":{"minecraft:killed":{"hordes:zombie_player":5,"minecraft:chicken":2,"minecraft:drowned":3,"minecraft:pig":6,"minecraft:zombie_villager":1,"minecraft:sheep":13,"minecraft:zombie":31,"minecraft:cow":22},"minecraft:broken":{"minecraft:wooden_axe":2},"minecraft:used":{"minecraft:stone_shovel":3,"minecraft:chest":3,"minecraft:spruce_planks":1,"minecraft:cooked_chicken":1,"minecraft:dirt":2,"minecraft:wooden_axe":73,"marbledsarsenal:police_baton":210,"minecraft:sweet_berries":26,"minecraft:furnace":4,"minecraft:cooked_beef":23,"projectvibrantjourneys:mossy_rocks":1,"minecraft:cobbled_deepslate":1,"minecraft:calcite":8,"minecraft:cooked_mutton":5,"minecraft:stone_pickaxe":71,"minecraft:oak_planks":59,"minecraft:leather_chestplate":1,"minecraft:wooden_pickaxe":6,"minecraft:white_wool":1,"minecraft:crafting_table":19,"minecraft:white_bed":8,"minecraft:spruce_log":18,"minecraft:apple":2,"minecraft:bread":9,"create:white_seat":4,"minecraft:stone_axe":15,"minecraft:diamond_sword":9,"minecraft:cobblestone":8,"minecraft:cooked_porkchop":15,"minecraft:bucket":1,"minecraft:oak_boat":6,"minecraft:coarse_dirt":2,"minecraft:bone_meal":4},"minecraft:mined":{"minecraft:white_bed":8,"minecraft:grass_block":2,"minecraft:decorated_pot":1,"minecraft:furnace":2,"projectvibrantjourneys:seashells":1,"minecraft:stone":34,"minecraft:white_wool":1,"farmersdelight:wild_potatoes":1,"create:white_seat":1,"minecraft:clay":9,"minecraft:crafting_table":13,"minecraft:calcite":8,"minecraft:chest":1,"projectvibrantjourneys:natural_cobweb":1,"minecraft:cobblestone":3,"minecraft:deepslate_coal_ore":5,"minecraft:oak_planks":16,"minecraft:seagrass":1,"minecraft:coarse_dirt":2,"minecraft:birch_log":7,"minecraft:sweet_berry_bush":1,"minecraft:spruce_log":13,"minecraft:birch_leaves":1,"minecraft:grass":7,"minecraft:oak_log":3,"minecraft:coal_ore":18,"projectvibrantjourneys:short_grass":7,"minecraft:gravel":2,"minecraft:dirt":2,"minecraft:deepslate":4},"minecraft:crafted":{"minecraft:oak_planks":192,"minecraft:stone_shovel":1,"minecraft:cooked_chicken":1,"usefulbackpacks:backpack_small":1,"minecraft:furnace":2,"minecraft:bone_meal":9,"minecraft:cooked_mutton":11,"minecraft:stone_pickaxe":2,"sophisticatedbackpacks:iron_backpack":1,"minecraft:cooked_beef":24,"minecraft:oak_slab":6,"sophisticatedbackpacks:backpack":1,"minecraft:cooked_porkchop":19,"minecraft:crafting_table":4,"minecraft:spruce_planks":12,"minecraft:wooden_pickaxe":1,"minecraft:birch_planks":28,"minecraft:stone_axe":2,"minecraft:air":0,"minecraft:oak_boat":2,"minecraft:stick":20,"create:white_seat":4,"minecraft:wooden_axe":4,"minecraft:gold_ingot":7,"minecraft:white_bed":1},"minecraft:killed_by":{"hordes:zombie_player":1,"minecraft:drowned":1,"minecraft:zombie":1},"minecraft:dropped":{"minecraft:brown_mushroom":1,"minecraft:wheat_seeds":4,"minecraft:cooked_beef":2,"marbledsarsenal:police_baton":1,"minecraft:feather":4,"projectvibrantjourneys:orange_bark_mushroom":2,"minecraft:wooden_axe":1,"minecraft:angler_pottery_sherd":1,"minecraft:string":3,"minecraft:lily_pad":3,"minecraft:spruce_sapling":2,"minecraft:bone":1,"minecraft:stone_axe":1,"minecraft:rotten_flesh":28,"minecraft:clay_ball":20,"projectvibrantjourneys:light_brown_bark_mushroom":1,"minecraft:gunpowder":4,"minecraft:oak_sapling":4,"minecraft:spider_eye":2,"minecraft:snort_pottery_sherd":1,"projectvibrantjourneys:pinecones":1,"minecraft:wooden_pickaxe":1,"effortlessbuilding:muscles":2,"projectvibrantjourneys:ice_chunks":1},"minecraft:picked_up":{"minecraft:wooden_axe":2,"minecraft:crafting_table":19,"minecraft:coarse_dirt":2,"minecraft:chicken":4,"minecraft:clay_ball":116,"minecraft:brown_mushroom":1,"minecraft:wooden_pickaxe":1,"projectvibrantjourneys:ice_chunks":1,"minecraft:shield":3,"projectvibrantjourneys:mossy_rocks":1,"minecraft:string":18,"minecraft:raw_copper":60,"usefulbackpacks:backpack_small":2,"minecraft:cobbled_deepslate":4,"minecraft:bucket":2,"minecraft:spruce_planks":55,"minecraft:beef":59,"minecraft:oak_boat":7,"create:white_seat":1,"minecraft:calcite":8,"minecraft:spruce_slab":1,"minecraft:iron_pickaxe":1,"minecraft:chest":1,"minecraft:furnace":6,"pointblank:gunmetal_ingot":6,"minecraft:stick":139,"marbledsarsenal:police_baton":5,"ecologics:coconut_slice":4,"minecraft:copper_ingot":34,"sophisticatedbackpacks:backpack":1,"effortlessbuilding:muscles":1,"minecraft:porkchop":27,"pointblank:gunmetal_nugget":142,"psg:sulphur":96,"minecraft:carrot":3,"minecraft:trident":2,"minecraft:redstone":33,"pointblank:ammo45acp":97,"pointblank:m1911a1":3,"minecraft:rotten_flesh":94,"farmersdelight:onion":7,"farmersdelight:rope":14,"minecraft:gold_ingot":7,"minecraft:mutton":34,"minecraft:cobblestone":79,"minecraft:white_wool":27,"minecraft:birch_log":14,"minecraft:feather":5,"minecraft:cooked_beef":9,"minecraft:water_bucket":1,"dweller_dweller:dweller_dweller_tooth":2,"minecraft:leather":41,"minecraft:potato":9,"minecraft:filled_map":4,"minecraft:birch_planks":12,"minecraft:flint":1,"minecraft:oak_log":74,"minecraft:lily_pad":3,"minecraft:gunpowder":9,"marbledsarsenal:cm6m_gas_mask":3,"minecraft:dirt":12,"minecraft:leather_boots":3,"minecraft:cooked_mutton":4,"minecraft:bone":11,"minecraft:apple":2,"minecraft:wheat_seeds":4,"minecraft:iron_ingot":14,"minecraft:stone_pickaxe":3,"minecraft:oak_planks":201,"projectvibrantjourneys:light_brown_bark_mushroom":1,"minecraft:cooked_porkchop":4,"minecraft:sweet_berries":149,"psg:raw_potassium":2,"minecraft:gravel":1,"minecraft:spruce_sapling":24,"minecraft:white_bed":9,"minecraft:spruce_log":399,"minecraft:spider_eye":2,"alexsmobs:animal_dictionary":1,"minecraft:slime_ball":3,"minecraft:snort_pottery_sherd":1,"minecraft:diamond":7,"minecraft:stone_axe":1,"minecraft:angler_pottery_sherd":1,"minecraft:emerald":4,"projectvibrantjourneys:orange_bark_mushroom":2,"minecraft:jack_o_lantern":15,"minecraft:oak_sapling":4,"minecraft:coal":48,"projectvibrantjourneys:pinecones":1},"minecraft:custom":{"minecraft:mob_kills":86,"minecraft:interact_with_crafting_table":34,"minecraft:interact_with_campfire":6,"minecraft:leave_game":2,"minecraft:time_since_death":53434,"minecraft:climb_one_cm":179,"minecraft:sprint_one_cm":361479,"minecraft:walk_one_cm":256002,"minecraft:drop":40,"minecraft:damage_dealt_absorbed":160,"minecraft:play_time":181021,"minecraft:deaths":3,"minecraft:sneak_time":3800,"minecraft:walk_under_water_one_cm":48105,"minecraft:boat_one_cm":249040,"minecraft:jump":4866,"minecraft:walk_on_water_one_cm":46378,"minecraft:total_world_time":181021,"minecraft:interact_with_furnace":46,"minecraft:sleep_in_bed":6,"minecraft:time_since_rest":12276,"minecraft:damage_taken":2399,"minecraft:damage_dealt":11413,"minecraft:swim_one_cm":80818,"minecraft:fly_one_cm":1031203,"minecraft:open_chest":37,"minecraft:crouch_one_cm":6232,"minecraft:fall_one_cm":130165}},"DataVersion":3465}