{"stats":{"minecraft:killed":{"minecraft:pig":3,"minecraft:sheep":10,"minecraft:zombie":12,"minecraft:drowned":1,"minecraft:cow":8},"minecraft:mined":{"minecraft:white_bed":2,"minecraft:clay":7,"minecraft:crafting_table":6,"minecraft:grass_block":1,"minecraft:calcite":8,"minecraft:decorated_pot":1,"projectvibrantjourneys:natural_cobweb":1,"minecraft:cobblestone":3,"minecraft:deepslate_coal_ore":5,"minecraft:oak_planks":1,"minecraft:seagrass":1,"minecraft:coarse_dirt":2,"minecraft:furnace":1,"minecraft:sweet_berry_bush":1,"minecraft:birch_leaves":1,"minecraft:grass":2,"minecraft:oak_log":3,"minecraft:coal_ore":18,"projectvibrantjourneys:short_grass":1,"minecraft:dirt":1,"minecraft:deepslate":1,"minecraft:stone":18,"farmersdelight:wild_potatoes":1},"minecraft:crafted":{"minecraft:cooked_beef":13,"minecraft:oak_planks":192,"minecraft:crafting_table":2,"minecraft:wooden_pickaxe":1,"usefulbackpacks:backpack_small":1,"minecraft:furnace":1,"minecraft:air":0,"minecraft:oak_boat":1,"minecraft:stick":4,"minecraft:stone_pickaxe":1,"minecraft:wooden_axe":2,"minecraft:white_bed":1},"minecraft:broken":{"minecraft:wooden_axe":1},"minecraft:picked_up":{"minecraft:birch_log":7,"minecraft:crafting_table":6,"minecraft:coarse_dirt":2,"minecraft:clay_ball":16,"minecraft:leather":7,"minecraft:brown_mushroom":1,"minecraft:potato":2,"projectvibrantjourneys:ice_chunks":1,"minecraft:oak_log":74,"minecraft:lily_pad":1,"minecraft:gunpowder":1,"projectvibrantjourneys:mossy_rocks":1,"minecraft:string":1,"minecraft:dirt":10,"minecraft:bone":1,"minecraft:apple":2,"minecraft:wheat_seeds":3,"minecraft:cobbled_deepslate":1,"minecraft:beef":15,"minecraft:oak_boat":2,"minecraft:calcite":8,"minecraft:oak_planks":1,"minecraft:furnace":1,"projectvibrantjourneys:light_brown_bark_mushroom":1,"minecraft:stick":11,"minecraft:sweet_berries":71,"pointblank:gunmetal_nugget":1,"minecraft:porkchop":5,"minecraft:spruce_sapling":2,"minecraft:white_bed":2,"minecraft:spruce_log":34,"minecraft:trident":1,"minecraft:snort_pottery_sherd":1,"minecraft:rotten_flesh":12,"minecraft:slime_ball":1,"minecraft:angler_pottery_sherd":1,"projectvibrantjourneys:orange_bark_mushroom":2,"minecraft:oak_sapling":4,"minecraft:mutton":16,"minecraft:coal":44,"minecraft:cobblestone":19,"minecraft:white_wool":10,"projectvibrantjourneys:pinecones":1},"minecraft:custom":{"minecraft:interact_with_furnace":8,"minecraft:mob_kills":37,"minecraft:interact_with_crafting_table":13,"minecraft:time_since_death":53613,"minecraft:sleep_in_bed":2,"minecraft:time_since_rest":3881,"minecraft:sprint_one_cm":151034,"minecraft:damage_taken":347,"minecraft:walk_one_cm":84944,"minecraft:drop":16,"minecraft:damage_dealt":3764,"minecraft:swim_one_cm":20746,"minecraft:fly_one_cm":498719,"minecraft:crouch_one_cm":4268,"minecraft:play_time":53613,"minecraft:sneak_time":2022,"minecraft:walk_under_water_one_cm":15473,"minecraft:boat_one_cm":31479,"minecraft:jump":1931,"minecraft:walk_on_water_one_cm":13377,"minecraft:total_world_time":53613,"minecraft:fall_one_cm":56316},"minecraft:used":{"minecraft:stone_pickaxe":54,"minecraft:oak_planks":10,"minecraft:wooden_pickaxe":3,"minecraft:crafting_table":7,"minecraft:white_bed":2,"minecraft:wooden_axe":30,"minecraft:bread":9,"marbledsarsenal:police_baton":44,"minecraft:cobblestone":8,"minecraft:sweet_berries":16,"minecraft:furnace":1,"minecraft:cobbled_deepslate":1,"minecraft:oak_boat":2,"minecraft:cooked_beef":3,"projectvibrantjourneys:mossy_rocks":1,"minecraft:coarse_dirt":2},"minecraft:dropped":{"minecraft:brown_mushroom":1,"minecraft:wheat_seeds":3,"minecraft:rotten_flesh":12,"minecraft:clay_ball":8,"projectvibrantjourneys:orange_bark_mushroom":2,"projectvibrantjourneys:light_brown_bark_mushroom":1,"minecraft:gunpowder":1,"minecraft:snort_pottery_sherd":1,"projectvibrantjourneys:pinecones":1,"minecraft:angler_pottery_sherd":1,"minecraft:lily_pad":1,"minecraft:spruce_sapling":2,"minecraft:bone":1}},"DataVersion":3465}