{"stats":{"minecraft:dropped":{"minecraft:iron_sword":1,"minecraft:brown_mushroom":1,"minecraft:cooked_beef":2,"minecraft:baked_potato":90,"projectvibrantjourneys:orange_bark_mushroom":2,"minecraft:cod":1,"sophisticatedbackpacks:gold_backpack":1,"minecraft:emerald":31,"minecraft:dirt":66,"projectvibrantjourneys:fallen_leaves":6,"alexsmobs:flying_fish":1,"minecraft:snowball":138,"minecraft:gold_nugget":12,"minecraft:phantom_membrane":1,"minecraft:polished_blackstone_bricks":1,"marbledsarsenal:winter_military_armor_helmet":1,"pointblank:m1911a1":5,"minecraft:bone":2,"minecraft:gravel":55,"minecraft:stone_axe":1,"minecraft:blackstone":1,"mutantmonsters:hulk_hammer":1,"minecraft:rotten_flesh":162,"psg:raw_potassium":8,"minecraft:carrot":828,"projectvibrantjourneys:light_brown_bark_mushroom":1,"minecraft:gunpowder":8,"pointblank:xm7":2,"minecraft:snort_pottery_sherd":1,"minecraft:spruce_slab":1,"projectvibrantjourneys:pinecones":1,"projectvibrantjourneys:cattail":1,"pointblank:grenade40mm":1,"effortlessbuilding:muscles":2,"projectvibrantjourneys:ice_chunks":1,"minecraft:water_bucket":1,"minecraft:wheat_seeds":18,"minecraft:polished_blackstone":4,"minecraft:mossy_cobblestone":1,"marbledsarsenal:police_baton":1,"minecraft:feather":4,"minecraft:cobblestone":604,"minecraft:book":5,"minecraft:oxeye_daisy":1,"minecraft:wooden_axe":1,"minecraft:angler_pottery_sherd":1,"minecraft:string":3,"minecraft:pink_petals":1,"minecraft:lily_pad":16,"dweller_dweller:dweller_dweller_tooth":1,"marbledsarsenal:cm6m_gas_mask":1,"minecraft:spruce_sapling":20,"minecraft:dandelion":2,"marbledsarsenal:swat_armor_helmet":1,"securitycraft:mine":2,"minecraft:coarse_dirt":54,"pointblank:mk48":3,"minecraft:clay_ball":20,"sophisticatedbackpacks:backpack":2,"pointblank:gunmetal_nugget":3,"minecraft:potato":4,"minecraft:stone":5,"minecraft:diamond_pickaxe":3,"minecraft:oak_sapling":4,"minecraft:spider_eye":4,"minecraft:slime_ball":1,"minecraft:wooden_pickaxe":1,"securitycraft:universal_block_reinforcer_lvl1":1,"effortlessbuilding:elastic_hand":1,"minecraft:brick":3},"minecraft:killed":{"minecraft:zombified_piglin":39,"minecraft:zombie_horse":16,"minecraft:chicken":2,"minecraft:pig":13,"minecraft:zombie_villager":8,"hordes:drowned_player":14,"minecraft:sheep":26,"minecraft:pillager":21,"minecraft:zombie":286,"alexsmobs:fly":3,"minecraft:cow":30,"hordes:zombie_player":26,"dweller_dweller:dweller_dweller":1,"alexsmobs:tiger":1,"minecraft:zoglin":7,"minecraft:drowned":38,"alexsmobs:flying_fish":1,"minecraft:husk":116,"minecraft:villager":2},"minecraft:used":{"minecraft:iron_shovel":2218,"minecraft:dispenser":1,"minecraft:spruce_slab":124,"minecraft:ladder":118,"minecraft:chest":13,"minecraft:iron_sword":548,"minecraft:stone":29,"minecraft:zombie_spawn_egg":5,"minecraft:carrot":367,"automobility:automobile_assembler":2,"minecraft:milk_bucket":2,"minecraft:spruce_boat":4,"minecraft:glass":75,"minecraft:coal_ore":2,"minecraft:villager_spawn_egg":11,"marbledsarsenal:police_baton":373,"minecraft:sweet_berries":34,"minecraft:furnace":5,"minecraft:cooked_cod":4,"minecraft:potato":18,"projectvibrantjourneys:mossy_rocks":1,"securitycraft:door_indestructible_iron_item":1,"minecraft:stone_pickaxe":2915,"minecraft:powered_rail":2,"minecraft:oak_planks":69,"minecraft:ender_pearl":1,"minecraft:leather_chestplate":1,"minecraft:wooden_pickaxe":6,"minecraft:composter":4,"minecraft:diamond_axe":353,"minecraft:white_wool":1,"minecraft:sand":1,"securitycraft:universal_block_remover":1,"minecraft:sponge":5,"minecraft:redstone_torch":1,"minecraft:bread":18,"minecraft:lectern":35,"minecraft:gravel":3,"create:white_seat":4,"securitycraft:mine":2,"minecraft:diamond_sword":9,"marbledsarsenal:winter_military_armor_chestplate":1,"minecraft:andesite":1,"minecraft:coarse_dirt":83,"minecraft:oak_boat":6,"minecraft:bone_meal":193,"minecraft:stone_sword":198,"minecraft:flint_and_steel":5,"minecraft:stone_shovel":1038,"minecraft:spruce_planks":172,"securitycraft:keypad_door_item":2,"minecraft:stone_hoe":97,"minecraft:cooked_chicken":1,"minecraft:oak_door":1,"minecraft:torch":111,"minecraft:dirt":585,"securitycraft:reinforced_oak_fence_gate":4,"minecraft:anvil":2,"minecraft:hopper":4,"minecraft:spruce_stairs":4,"minecraft:oak_fence_gate":3,"minecraft:wooden_axe":137,"projectvibrantjourneys:fallen_leaves":1,"minecraft:bookshelf":11,"minecraft:iron_axe":134,"minecraft:rooted_dirt":1,"minecraft:spruce_button":1,"irondecor:cut_iron_slab":7,"securitycraft:reinforced_glass":113,"minecraft:minecart":1,"minecraft:cooked_beef":42,"minecraft:cobbled_deepslate":1,"minecraft:calcite":8,"minecraft:cooked_mutton":5,"minecraft:water_bucket":78,"minecraft:baked_potato":123,"minecraft:fletching_table":15,"securitycraft:scanner_door_item":2,"minecraft:cobblestone_slab":7,"k_turrets:cobble_drone_item":1,"minecraft:rail":99,"minecraft:tnt":4,"minecraft:crafting_table":33,"minecraft:white_bed":15,"minecraft:spruce_log":18,"minecraft:apple":9,"minecraft:iron_pickaxe":757,"minecraft:spruce_trapdoor":36,"minecraft:spruce_sapling":29,"minecraft:stone_axe":621,"minecraft:cobblestone":1360,"minecraft:porkchop":1,"minecraft:cooked_porkchop":39,"minecraft:bucket":79,"minecraft:yellow_bed":2,"marbledsarsenal:winter_military_armor_boots":1,"marbledsarsenal:winter_military_armor_leggings":1,"minecraft:gray_wool":1},"minecraft:crafted":{"minecraft:oak_planks":192,"minecraft:cobblestone_slab":546,"minecraft:cooked_chicken":1,"usefulbackpacks:backpack_small":1,"minecraft:stone":3,"minecraft:bookshelf":13,"minecraft:cooked_mutton":11,"securitycraft:laser_block":1,"minecraft:glass":189,"minecraft:hopper":4,"minecraft:bow":2,"minecraft:chest":20,"minecraft:rail":32,"minecraft:stone_hoe":2,"minecraft:oak_slab":6,"automobility:crowbar":10,"pointblank:gunmetal_mesh":64,"minecraft:emerald":686,"sophisticatedbackpacks:backpack":3,"minecraft:cooked_porkchop":43,"minecraft:crafting_table":9,"minecraft:spruce_planks":13088,"minecraft:wooden_pickaxe":1,"minecraft:baked_potato":102,"minecraft:copper_ingot":297,"minecraft:fletching_table":4,"minecraft:birch_planks":28,"minecraft:dispenser":2,"minecraft:spruce_trapdoor":146,"minecraft:lectern":2,"minecraft:diamond_pickaxe":2,"minecraft:stick":20902,"create:white_seat":4,"minecraft:iron_ingot":72,"minecraft:iron_pickaxe":4,"minecraft:iron_block":3,"minecraft:stone_sword":1,"k_turrets:cobble_drone_item":1,"minecraft:gold_ingot":16,"minecraft:redstone_torch":1,"minecraft:composter":2,"minecraft:shears":1,"securitycraft:universal_block_reinforcer_lvl1":1,"minecraft:cherry_planks":24,"minecraft:stone_shovel":8,"minecraft:spruce_button":1,"minecraft:furnace":3,"minecraft:bone_meal":237,"minecraft:glass_pane":16,"minecraft:flint_and_steel":1,"minecraft:iron_axe":2,"minecraft:ladder":123,"securitycraft:universal_block_remover":1,"minecraft:spruce_slab":3522,"minecraft:stone_pickaxe":13,"minecraft:spruce_boat":4,"minecraft:minecart":6,"sophisticatedbackpacks:iron_backpack":1,"minecraft:cooked_beef":50,"pointblank:gunmetal_ingot":32,"minecraft:powered_rail":6,"minecraft:iron_sword":6,"sophisticatedbackpacks:gold_backpack":1,"minecraft:bucket":1,"minecraft:stone_axe":10,"minecraft:enchanted_book":23,"minecraft:air":0,"minecraft:oak_boat":2,"minecraft:wooden_axe":6,"minecraft:iron_shovel":9,"minecraft:anvil":2,"minecraft:white_bed":5,"minecraft:torch":48},"minecraft:mined":{"securitycraft:mine":1,"minecraft:spruce_planks":80,"minecraft:white_bed":16,"minecraft:cherry_log":6,"minecraft:spruce_trapdoor":38,"minecraft:grass_block":5158,"minecraft:composter":2,"automobility:automobile_assembler":2,"minecraft:iron_ore":5,"minecraft:fire":21,"minecraft:fletching_table":12,"minecraft:dirt_path":13,"minecraft:iron_bars":1,"minecraft:spruce_slab":381,"farmersdelight:wild_potatoes":1,"projectvibrantjourneys:cattail":3,"minecraft:blackstone":21,"minecraft:clay":9,"minecraft:torch":7,"projectvibrantjourneys:twigs":9,"minecraft:calcite":8,"minecraft:chest":1,"projectvibrantjourneys:natural_cobweb":1,"minecraft:glass":51,"minecraft:cobblestone":477,"projectvibrantjourneys:fallen_leaves":14,"minecraft:oak_planks":20,"minecraft:wall_torch":9,"minecraft:pink_petals":4,"minecraft:seagrass":3,"securitycraft:reinforced_glass":1036,"minecraft:birch_log":11,"minecraft:wheat":1,"minecraft:grass":385,"minecraft:oak_log":8,"projectvibrantjourneys:short_grass":96,"minecraft:dirt":6967,"minecraft:sand":408,"minecraft:deepslate":4,"minecraft:oak_leaves":13,"philipsruins:bone_bricks_slab":3,"table_top_craft:chess_piece_figure":10,"create:zinc_ore":2,"minecraft:mossy_cobblestone":2,"projectvibrantjourneys:rocks":8,"psg:sulphur_ore":15,"minecraft:ladder":5,"minecraft:decorated_pot":2,"minecraft:spruce_leaves":4,"minecraft:rooted_dirt":11,"minecraft:large_fern":1,"minecraft:spruce_sapling":1,"minecraft:furnace":3,"minecraft:carrots":146,"minecraft:snow":212,"minecraft:andesite":2,"minecraft:bookshelf":11,"minecraft:potatoes":49,"minecraft:rail":85,"projectvibrantjourneys:seashells":1,"minecraft:stone":4153,"minecraft:white_wool":1,"minecraft:podzol":30,"create:white_seat":1,"minecraft:cherry_planks":10,"psg:potassium_ore":1,"minecraft:crafting_table":24,"minecraft:lectern":33,"projectvibrantjourneys:mossy_rocks":5,"minecraft:copper_ore":35,"minecraft:tall_grass":97,"minecraft:deepslate_coal_ore":5,"minecraft:lily_pad":2,"minecraft:spruce_stairs":4,"minecraft:coarse_dirt":400,"minecraft:sweet_berry_bush":3,"minecraft:ice":64,"minecraft:spruce_log":14,"minecraft:birch_leaves":30,"minecraft:yellow_bed":6,"minecraft:coal_ore":133,"minecraft:gravel":123,"minecraft:stone_bricks":1,"minecraft:infested_stone":1},"minecraft:picked_up":{"minecraft:wooden_axe":4,"minecraft:lead":2,"projectvibrantjourneys:ice_chunks":1,"minecraft:enchanted_book":3,"marbledsarsenal:swat_armor_chestplate":2,"marbledsarsenal:winter_military_armor_helmet":2,"pointblank:xm7":2,"minecraft:golden_sword":1,"projectvibrantjourneys:mossy_rocks":1,"minecraft:string":24,"minecraft:raw_copper":97,"minecraft:gold_nugget":23,"minecraft:cobbled_deepslate":4,"minecraft:bucket":2,"minecraft:spruce_planks":186,"minecraft:calcite":8,"minecraft:iron_pickaxe":2,"minecraft:furnace":10,"minecraft:iron_boots":1,"pointblank:gunmetal_ingot":6,"minecraft:stick":268,"marbledsarsenal:police_baton":7,"minecraft:composter":2,"minecraft:torch":35,"minecraft:spruce_stairs":4,"minecraft:porkchop":41,"effortlessbuilding:muscles":1,"psg:sulphur":224,"minecraft:cherry_log":6,"minecraft:goat_horn":1,"mutantmonsters:hulk_hammer":1,"pointblank:ammo45acp":291,"pointblank:m1911a1":9,"automobility:automobile_frame":3,"sophisticatedbackpacks:pickup_upgrade":2,"minecraft:rotten_flesh":694,"farmersdelight:onion":8,"minecraft:blue_dye":4,"farmersdelight:rope":14,"projectvibrantjourneys:cattail":7,"minecraft:cod":1,"minecraft:snowball":216,"alexsmobs:flying_fish":3,"minecraft:cobblestone":5516,"minecraft:nautilus_shell":1,"minecraft:birch_log":14,"minecraft:pink_petals":7,"minecraft:leather_chestplate":2,"minecraft:feather":5,"minecraft:cooked_beef":9,"minecraft:cherry_planks":14,"marbledsarsenal:winter_military_armor_chestplate":1,"minecraft:water_bucket":5,"minecraft:andesite":5,"projectvibrantjourneys:fallen_leaves":29,"minecraft:golden_leggings":1,"minecraft:potato":200,"minecraft:flint":16,"minecraft:dirt":7269,"minecraft:leather_boots":4,"minecraft:bone":31,"minecraft:wheat_seeds":148,"pointblank:grenade40mm":1,"minecraft:fletching_table":12,"minecraft:powered_rail":1,"minecraft:stone_hoe":1,"minecraft:oak_planks":295,"securitycraft:mine":2,"minecraft:cooked_porkchop":18,"securitycraft:dirt_mine":1,"psg:raw_potassium":10,"automobility:rear_attachment":1,"automobility:automobile_engine":3,"minecraft:sand":395,"sophisticatedbackpacks:iron_backpack":5,"alexsmobs:animal_dictionary":1,"minecraft:mossy_cobblestone":2,"minecraft:diamond":7,"minecraft:spruce_boat":3,"minecraft:angler_pottery_sherd":1,"minecraft:emerald":41,"minecraft:bread":3,"alexsmobs:maggot":3,"minecraft:rooted_dirt":5,"minecraft:jack_o_lantern":45,"minecraft:oak_sapling":4,"minecraft:diamond_pickaxe":3,"minecraft:coarse_dirt":343,"sophisticatedbackpacks:gold_backpack":1,"minecraft:charcoal":64,"minecraft:shelter_pottery_sherd":1,"minecraft:crafting_table":35,"marbledsarsenal:winter_military_armor_boots":1,"minecraft:chicken":4,"minecraft:ladder":10,"minecraft:clay_ball":116,"minecraft:brown_mushroom":1,"minecraft:wooden_pickaxe":1,"marbledsarsenal:winter_military_armor_leggings":1,"minecraft:brick":3,"minecraft:shield":3,"minecraft:flint_and_steel":3,"minecraft:item_frame":1,"minecraft:iron_shovel":2,"minecraft:blackstone":22,"usefulbackpacks:backpack_small":2,"minecraft:beef":78,"minecraft:oak_boat":7,"create:white_seat":1,"minecraft:spruce_slab":523,"minecraft:minecart":6,"minecraft:lectern":33,"minecraft:chest":1,"pointblank:mk48":3,"minecraft:spruce_trapdoor":39,"minecraft:phantom_membrane":4,"minecraft:raw_iron":5,"minecraft:stone":47,"minecraft:oak_door":1,"ecologics:coconut_slice":4,"minecraft:copper_ingot":38,"sophisticatedbackpacks:crafting_upgrade":1,"sophisticatedbackpacks:backpack":2,"automobility:automobile_assembler":3,"minecraft:polished_blackstone_bricks":1,"pointblank:gunmetal_nugget":642,"pointblank:ammo762x51":176,"minecraft:trident":3,"minecraft:carrot":1069,"minecraft:redstone":33,"k_turrets:bullet_drone_item":1,"minecraft:arrow":1,"minecraft:stone_shovel":2,"minecraft:gold_ingot":9,"minecraft:polished_blackstone":4,"philipsruins:bone_bricks_slab":9,"minecraft:mutton":50,"pointblank:moa_hg":1,"minecraft:rail":117,"minecraft:white_wool":39,"minecraft:oxeye_daisy":1,"table_top_craft:chess_piece_figure":10,"dweller_dweller:dweller_dweller_tooth":3,"minecraft:leather":52,"minecraft:filled_map":4,"minecraft:birch_planks":12,"marbledsarsenal:swat_armor_boots":2,"minecraft:oak_log":74,"minecraft:lily_pad":16,"minecraft:yellow_bed":6,"minecraft:gunpowder":54,"marbledsarsenal:cm6m_gas_mask":6,"securitycraft:reinforced_glass":63,"minecraft:white_banner":1,"marbledsarsenal:swat_armor_helmet":3,"automobility:automobile_wheel":8,"minecraft:cooked_mutton":4,"psg:saltpetre":64,"minecraft:apple":2,"minecraft:heart_of_the_sea":2,"minecraft:iron_ingot":16,"minecraft:oak_fence_gate":5,"minecraft:stone_pickaxe":14,"minecraft:glass_bottle":1,"minecraft:iron_sword":2,"minecraft:book":37,"projectvibrantjourneys:light_brown_bark_mushroom":1,"minecraft:oak_slab":6,"marbledsarsenal:swat_armor_leggings":2,"minecraft:sweet_berries":149,"minecraft:dandelion":7,"minecraft:gravel":90,"minecraft:spruce_sapling":279,"minecraft:white_bed":17,"minecraft:spruce_log":3077,"minecraft:spider_eye":10,"minecraft:coal_ore":2,"minecraft:slime_ball":17,"minecraft:snort_pottery_sherd":1,"minecraft:stone_axe":5,"minecraft:diamond_axe":1,"minecraft:gray_wool":1,"minecraft:baked_potato":104,"projectvibrantjourneys:orange_bark_mushroom":2,"automobility:crowbar":23,"minecraft:coal":143,"projectvibrantjourneys:pinecones":1},"minecraft:killed_by":{"minecraft:pillager":3,"minecraft:drowned":2,"minecraft:zombie":3,"minecraft:player":3,"hordes:zombie_player":1},"minecraft:broken":{"minecraft:iron_shovel":8,"minecraft:stone_pickaxe":20,"minecraft:stone_axe":7,"minecraft:iron_sword":1,"minecraft:wooden_axe":4,"minecraft:stone_shovel":8,"minecraft:stone_sword":1,"minecraft:leather_chestplate":1,"minecraft:iron_axe":1,"minecraft:leather_boots":1,"minecraft:iron_pickaxe":2},"minecraft:custom":{"lootr:looted_stat":2,"minecraft:interact_with_crafting_table":222,"minecraft:leave_game":20,"minecraft:time_since_death":312855,"minecraft:sprint_one_cm":1949056,"minecraft:drop":173,"minecraft:talked_to_villager":202,"minecraft:play_time":1236383,"minecraft:deaths":16,"minecraft:jump":24075,"minecraft:walk_on_water_one_cm":208715,"minecraft:interact_with_furnace":200,"minecraft:traded_with_villager":711,"minecraft:sleep_in_bed":38,"minecraft:damage_dealt":110171,"minecraft:player_kills":5,"minecraft:crouch_one_cm":118042,"minecraft:interact_with_smoker":25,"minecraft:inspect_dispenser":6,"minecraft:interact_with_anvil":10,"minecraft:mob_kills":681,"minecraft:interact_with_campfire":6,"minecraft:damage_dealt_resisted":6774,"minecraft:climb_one_cm":123236,"minecraft:walk_one_cm":2337090,"minecraft:damage_dealt_absorbed":391,"minecraft:raid_win":1,"minecraft:sneak_time":50607,"minecraft:walk_under_water_one_cm":176794,"minecraft:boat_one_cm":544431,"minecraft:interact_with_blast_furnace":7,"minecraft:total_world_time":1236383,"minecraft:raid_trigger":1,"minecraft:time_since_rest":96318,"minecraft:damage_taken":12278,"minecraft:swim_one_cm":240837,"minecraft:fly_one_cm":4405558,"minecraft:open_chest":1047,"minecraft:fall_one_cm":407998}},"DataVersion":3465}