{"stats":{"minecraft:killed_by":{"minecraft:zombie":2},"minecraft:picked_up":{"minecraft:leather_boots":1,"pointblank:ammo45acp":128,"pointblank:m1911a1":1,"marbledsarsenal:police_baton":1,"minecraft:feather":2,"minecraft:rotten_flesh":1,"pointblank:gunmetal_nugget":4,"minecraft:bread":9,"projectvibrantjourneys:twigs":1,"alexsmobs:animal_dictionary":2,"marbledsarsenal:cm6m_gas_mask":1,"minecraft:string":1},"minecraft:used":{"marbledsarsenal:police_baton":3},"minecraft:custom":{"minecraft:time_since_rest":3530,"minecraft:walk_one_cm":17414,"minecraft:play_time":4928,"minecraft:sprint_one_cm":7441,"minecraft:damage_taken":528,"minecraft:deaths":2,"minecraft:drop":1,"minecraft:damage_dealt_resisted":20,"minecraft:jump":120,"minecraft:damage_dealt":235,"minecraft:time_since_death":3497,"minecraft:total_world_time":4928,"minecraft:fall_one_cm":1881,"minecraft:fly_one_cm":27257},"minecraft:dropped":{"pointblank:ammo45acp":64}},"DataVersion":3465}