{"stats":{"minecraft:mined":{"minecraft:red_bed":2,"minecraft:cobbled_deepslate_slab":2,"minecraft:grass_block":1,"regions_unexplored:silt_dirt":4,"brewery:beer_hops":3,"minecraft:tall_grass":1,"minecraft:cobblestone":2,"promenade:maple_planks":1,"minecraft:birch_leaves":1,"minecraft:stone_brick_stairs":1,"minecraft:grass":1,"minecraft:oak_log":1,"minecraft:dirt":2,"minecraft:stone":4,"regions_unexplored:silt_grass_block":1,"regions_unexplored:peat_coarse_dirt":1},"minecraft:picked_up":{"minecraft:leather":12,"regions_unexplored:silt_dirt":5,"minecraft:red_mushroom":1,"minecraft:stone_brick_stairs":1,"minecraft:oak_log":6,"soulsweapons:soul_ingot":2,"minecraft:paper":1,"minecraft:dirt":3,"minecraft:string":2,"minecraft:red_bed":2,"minecraft:bone":2,"minecraft:apple":1,"minecraft:bow":1,"minecraft:beef":16,"fishofthieves:earthworms":1,"twigs:twig":2,"patchouli:guide_book":1,"ironchests:blank_chest_upgrade":1,"minecraft:porkchop":7,"minecraft:arrow":22,"minecraft:rotten_flesh":4,"promenade:sap_maple_sapling":7,"minecraft:crossbow":4,"minecraft:emerald":3,"minecraft:gold_ingot":1,"regions_unexplored:peat_coarse_dirt":1,"minecraft:oak_sapling":4,"minecraft:mutton":2,"minecraft:white_wool":4,"minecraft:cobblestone":6},"minecraft:broken":{"minecraft:iron_chestplate":1},"minecraft:killed_by":{"minecraft:zombie":1},"minecraft:used":{"regions_unexplored:silt_dirt":5,"minecraft:stone_sword":18,"minecraft:iron_sword":14,"regions_unexplored:peat_coarse_dirt":1,"minecraft:iron_chestplate":1,"minecraft:torch":3,"minecraft:dirt":3,"minecraft:crafting_table":2,"minecraft:red_bed":2,"spellbladenext:fire_blade":3,"spellbladenext:flaming_falchion":3,"minecraft:bread":24,"minecraft:iron_pickaxe":9,"minecraft:iron_helmet":1,"minecraft:stone_brick_stairs":1,"minecraft:cobblestone":11,"simplyswords:hiveheart":75,"minecraft:experience_bottle":3},"minecraft:killed":{"minecraft:pig":4,"minecraft:spider":3,"soulsweapons:remnant":3,"mythicmobs:drake":1,"minecraft:creeper":1,"minecraft:sheep":5,"minecraft:skeleton":2,"minecraft:pillager":13,"minecraft:zombie":1,"minecraft:cow":8},"minecraft:custom":{"lootr:looted_stat":35,"minecraft:mob_kills":44,"minecraft:interact_with_crafting_table":4,"minecraft:open_barrel":1,"minecraft:damage_dealt_resisted":0,"minecraft:leave_game":9,"minecraft:time_since_death":87041,"minecraft:sleep_in_bed":4,"minecraft:climb_one_cm":6153,"minecraft:damage_resisted":0,"minecraft:hex":0,"minecraft:time_since_rest":6186,"minecraft:sprint_one_cm":241387,"minecraft:damage_taken":660,"minecraft:walk_one_cm":115945,"minecraft:drop":18,"minecraft:damage_dealt":6072,"minecraft:swim_one_cm":2548,"minecraft:fly_one_cm":513155,"minecraft:open_chest":4,"minecraft:crouch_one_cm":1290,"minecraft:play_time":89944,"minecraft:deaths":1,"minecraft:sneak_time":432,"minecraft:walk_under_water_one_cm":1058,"minecraft:jump":2227,"minecraft:walk_on_water_one_cm":3000,"minecraft:total_world_time":89944,"minecraft:fall_one_cm":59137},"minecraft:dropped":{"minecraft:porkchop":7,"minecraft:wheat_seeds":8,"minecraft:crossbow":4,"minecraft:rotten_flesh":2,"promenade:sap_maple_sapling":7,"patchouli:guide_book":1,"minecraft:red_mushroom":1,"fishofthieves:earthworms":1,"minecraft:oak_sapling":5,"minecraft:blue_orchid":1,"minecraft:bow":1,"minecraft:beef":1,"minecraft:white_wool":3},"minecraft:crafted":{"minecraft:oak_planks":24,"minecraft:crafting_table":2,"comforts:sleeping_bag_white":1,"minecraft:chest":2}},"DataVersion":3465}