{"stats":{"minecraft:killed_by":{"hordes:zombie_player":1},"minecraft:picked_up":{"minecraft:crafting_table":1,"projectvibrantjourneys:fallen_leaves":7,"ecologics:seashell":3,"minecraft:oak_log":55,"marbledsarsenal:cm6m_gas_mask":3,"minecraft:dirt":9,"minecraft:string":1,"minecraft:raw_copper":41,"minecraft:leather_boots":3,"minecraft:apple":2,"minecraft:wheat_seeds":18,"pointblank:workstation":1,"minecraft:furnace":1,"projectvibrantjourneys:light_brown_bark_mushroom":1,"minecraft:oak_slab":17,"minecraft:stick":9,"minecraft:raw_iron":4,"marbledsarsenal:police_baton":3,"psg:raw_potassium":8,"minecraft:dandelion":10,"pointblank:gunmetal_nugget":4,"psg:sulphur":74,"minecraft:spruce_sapling":1,"minecraft:blast_furnace":1,"minecraft:spruce_log":38,"alexsmobs:animal_dictionary":2,"pointblank:m1911a1":3,"pointblank:ammo45acp":192,"minecraft:stone_axe":1,"k_turrets:raw_titanium":2,"minecraft:bread":27,"minecraft:oak_sapling":6,"projectvibrantjourneys:twigs":14,"minecraft:coal":37,"minecraft:cobblestone":27},"minecraft:used":{"minecraft:stone_pickaxe":97,"minecraft:wooden_pickaxe":20,"minecraft:dirt":9,"minecraft:oak_slab":358,"minecraft:crafting_table":2,"minecraft:blast_furnace":1,"ecologics:seashell":1,"minecraft:spruce_log":7,"minecraft:oak_log":11,"marbledsarsenal:police_baton":8,"minecraft:stone_axe":72,"pointblank:workstation":1,"minecraft:cobblestone":14},"minecraft:crafted":{"minecraft:oak_slab":348,"minecraft:oak_planks":176,"minecraft:crafting_table":2,"minecraft:spruce_planks":36,"minecraft:wooden_pickaxe":1,"minecraft:air":0,"minecraft:stick":14,"minecraft:iron_ingot":5,"minecraft:stone_pickaxe":1},"minecraft:custom":{"minecraft:interact_with_furnace":4,"minecraft:mob_kills":2,"minecraft:interact_with_crafting_table":11,"minecraft:damage_dealt_resisted":30,"minecraft:time_since_death":51502,"minecraft:sleep_in_bed":1,"minecraft:time_since_rest":30865,"minecraft:sprint_one_cm":136964,"minecraft:damage_taken":455,"minecraft:walk_one_cm":85059,"minecraft:drop":23,"minecraft:damage_dealt":466,"minecraft:fly_one_cm":212859,"minecraft:open_chest":3,"minecraft:crouch_one_cm":30678,"minecraft:play_time":52936,"minecraft:deaths":2,"minecraft:sneak_time":8419,"minecraft:boat_one_cm":19884,"minecraft:jump":946,"minecraft:interact_with_blast_furnace":3,"minecraft:walk_on_water_one_cm":206,"minecraft:total_world_time":52936,"minecraft:fall_one_cm":26109},"minecraft:killed":{"minecraft:zombie":1},"minecraft:dropped":{"minecraft:bread":18,"minecraft:wheat_seeds":16,"alexsmobs:animal_dictionary":1,"marbledsarsenal:police_baton":2,"minecraft:cobblestone":9,"projectvibrantjourneys:light_brown_bark_mushroom":1,"projectvibrantjourneys:fallen_leaves":7,"minecraft:leather_boots":2,"minecraft:oak_sapling":1,"minecraft:wooden_pickaxe":1,"ecologics:seashell":2,"minecraft:string":1,"pointblank:m1911a1":2,"pointblank:ammo45acp":128,"minecraft:dandelion":10,"marbledsarsenal:cm6m_gas_mask":2},"minecraft:mined":{"minecraft:oak_slab":20,"minecraft:dandelion":17,"projectvibrantjourneys:rocks":3,"psg:sulphur_ore":18,"projectvibrantjourneys:twigs":3,"minecraft:blast_furnace":1,"minecraft:grass_block":7,"minecraft:cobblestone":1,"minecraft:copper_ore":12,"minecraft:tall_grass":1,"minecraft:spruce_leaves":7,"projectvibrantjourneys:fallen_leaves":7,"minecraft:furnace":1,"ecologics:seashell":2,"minecraft:iron_ore":4,"minecraft:spruce_log":38,"minecraft:grass":2,"k_turrets:titanium_ore":2,"minecraft:coal_ore":38,"minecraft:oak_log":52,"projectvibrantjourneys:short_grass":85,"minecraft:dirt":2,"pointblank:workstation":1,"minecraft:stone":26,"minecraft:oak_leaves":2,"minecraft:fern":10}},"DataVersion":3465}