{"stats":{"minecraft:mined":{"techreborn:sapphire_ore":10,"regions_unexplored:cattail":1,"ae2:quartz_cluster":1,"modern_industrialization:lignite_coal_ore":90,"brewery:beer_barley":1,"minecraft:soul_soil":2,"minecraft:large_fern":2,"minecraft:hay_block":8,"minecraft:furnace":4,"treechop:chopped_log":4,"minecraft:anvil":1,"croptopia:peach_crop":2,"minecraft:bookshelf":11,"bewitchment:salt_ore":16,"ae2:sky_stone_block":131,"minecraft:stone":62,"botania:light_blue_double_flower":1,"minecraft:bone_block":33,"minecraft:soul_sand":2,"minecraft:oak_fence":2,"minecraft:blast_furnace":4,"minecraft:tall_grass":1,"minecraft:copper_ore":10,"minecraft:cobblestone":2,"minecraft:cyan_bed":2,"minecraft:sugar_cane":12,"minecraft:oak_planks":6,"techreborn:tin_ore":42,"ae2:medium_quartz_bud":1,"techreborn:ruby_ore":6,"minecraft:birch_leaves":1,"minecraft:grass":5,"minecraft:coal_ore":30,"minecraft:oak_log":1,"minecraft:gravel":1},"minecraft:picked_up":{"techreborn:raw_tin":42,"modern_industrialization:lignite_coal":90,"minecraft:iron_chestplate":1,"minecraft:anvil":1,"minecraft:leather_leggings":1,"minecraft:brown_mushroom":5,"ad_astra:sky_stone":3,"botania:light_blue_double_flower":1,"minecraft:raw_copper":33,"minecraft:iron_axe":1,"minecraft:armor_stand":1,"minecraft:oak_sign":1,"minecraft:beef":9,"minecraft:rose_bush":3,"minecraft:poppy":4,"minecraft:sugar_cane":35,"minecraft:furnace":4,"minecraft:stick":4,"techreborn:ruby_gem":9,"ae2:sky_stone_block":68,"minecraft:stone_sword":1,"minecraft:arrow":4,"minecraft:rotten_flesh":14,"ae2:certus_quartz_dust":1,"tiered:limestone_chunk":4,"minecraft:hay_block":8,"minecraft:bone_block":33,"minecraft:cobblestone":65,"minecraft:leather":5,"minecraft:red_mushroom":3,"minecraft:lily_pad":1,"minecraft:oak_log":23,"minecraft:chainmail_chestplate":1,"supplementaries:flax_seeds":1,"bewitchment:aconite_seeds":1,"minecraft:white_banner":1,"minecraft:apple":6,"ftbquests:book":1,"bewitchment:mandrake_seeds":1,"minecraft:iron_ingot":19,"twigs:twig":10,"minecraft:oak_planks":74,"minecraft:book":33,"ae2:certus_quartz_crystal":4,"minecraft:gravel":1,"bewitchment:salt":26,"minecraft:blast_furnace":4,"minecraft:cyan_bed":2,"techreborn:red_garnet_gem":2,"techreborn:sapphire_gem":17,"regions_unexplored:cattail":1,"techreborn:peridot_gem":5,"soulsweapons:translucent_double_greatsword":1,"minecraft:emerald":6,"minecraft:oak_sapling":23,"minecraft:coal":30},"minecraft:broken":{"minecraft:stone_sword":1,"soulsweapons:translucent_double_greatsword":1,"minecraft:wooden_pickaxe":1,"minecraft:stone_pickaxe":2,"minecraft:iron_axe":1},"minecraft:used":{"minecraft:stone_sword":128,"minecraft:shield":1,"minecraft:torch":24,"mcda:emerald_gear_chestplate":1,"minecraft:iron_axe":45,"ae2:sky_stone_block":1,"minecraft:water_bucket":32,"soulsweapons:translucent_double_greatsword":33,"minecraft:leather_leggings":1,"minecraft:stone_pickaxe":183,"minecraft:baked_potato":1,"minecraft:oak_planks":5,"minecraft:wooden_pickaxe":59,"minecraft:crafting_table":6,"minecraft:blast_furnace":2,"botania:light_blue_double_flower":1,"minecraft:firework_rocket":5,"minecraft:cyan_bed":1,"minecraft:bread":24,"minecraft:iron_pickaxe":205,"minecraft:map":1,"minecraft:gravel":1,"minecraft:cobblestone":43,"minecraft:bucket":32},"minecraft:killed":{"graveyard:skeleton_creeper":1,"minecraft:vindicator":1,"graveyard:ghoul":2,"minecraft:iron_golem":4,"minecraft:ravager":1,"minecraft:pillager":7,"minecraft:zombie":1,"friendsandfoes:moobloom":3,"minecraft:cow":1},"minecraft:custom":{"lootr:looted_stat":33,"minecraft:mob_kills":22,"minecraft:interact_with_crafting_table":16,"minecraft:open_barrel":8,"minecraft:damage_dealt_resisted":0,"minecraft:leave_game":5,"minecraft:time_since_death":83880,"minecraft:climb_one_cm":7414,"minecraft:sprint_one_cm":307699,"minecraft:walk_one_cm":158864,"minecraft:damage_blocked_by_shield":10,"minecraft:drop":40,"minecraft:talked_to_villager":1,"minecraft:raid_win":1,"minecraft:play_time":117201,"minecraft:deaths":1,"minecraft:sneak_time":2429,"minecraft:walk_under_water_one_cm":11225,"minecraft:jump":2111,"minecraft:interact_with_blast_furnace":7,"minecraft:walk_on_water_one_cm":15374,"minecraft:total_world_time":117201,"minecraft:sleep_in_bed":1,"minecraft:hex":0,"minecraft:time_since_rest":83910,"minecraft:damage_taken":1278,"minecraft:damage_dealt":7105,"minecraft:swim_one_cm":14178,"minecraft:fly_one_cm":435838,"minecraft:crouch_one_cm":2848,"minecraft:fall_one_cm":70412},"minecraft:dropped":{"minecraft:brown_mushroom":1,"ironchests:blank_chest_upgrade":1,"tiered:limestone_chunk":4,"minecraft:red_mushroom":3,"minecraft:stick":4,"minecraft:emerald":2,"bewitchment:aconite_seeds":1,"ad_astra:sky_stone":3,"minecraft:rose_bush":3,"minecraft:white_banner":1,"minecraft:paper":1,"ftbquests:book":1,"minecraft:armor_stand":1,"bewitchment:salt":26,"minecraft:rotten_flesh":14,"minecraft:oak_planks":68,"minecraft:oak_sign":1,"minecraft:chainmail_chestplate":1,"supplementaries:flax_seeds":1,"minecraft:hay_block":8,"bewitchment:mandrake_seeds":1,"minecraft:oak_sapling":23,"minecraft:arrow":4,"minecraft:beef":6,"minecraft:cyan_bed":1},"minecraft:crafted":{"minecraft:oak_planks":52,"mcda:emerald_gear_chestplate":1,"techreborn:tin_ingot":22,"minecraft:stone_pickaxe":2,"minecraft:chest":1,"minecraft:crafting_table":6,"minecraft:wooden_pickaxe":1,"minecraft:copper_ingot":33,"minecraft:air":0,"minecraft:stick":20,"minecraft:iron_ingot":2,"minecraft:iron_pickaxe":1,"minecraft:stone_sword":1,"minecraft:torch":24}},"DataVersion":3465}