{"stats":{"minecraft:mined":{"techreborn:sapphire_ore":10,"regions_unexplored:cattail":1,"ae2:quartz_cluster":1,"minecells:prison_stone":42,"minecraft:deepslate_bricks":2,"modern_industrialization:lignite_coal_ore":90,"brewery:beer_barley":1,"minecraft:soul_soil":2,"minecraft:large_fern":2,"minecraft:hay_block":8,"minecraft:furnace":4,"techreborn:lead_ore":4,"minecraft:iron_ore":25,"treechop:chopped_log":4,"minecraft:anvil":1,"croptopia:peach_crop":2,"minecraft:bookshelf":11,"bewitchment:salt_ore":16,"regions_unexplored:medium_grass":1,"ae2:sky_stone_block":131,"minecraft:stone":62,"botania:light_blue_double_flower":1,"minecraft:bone_block":33,"regions_unexplored:redstone_bulb":1,"archon:magical_bookshelf":2,"minecraft:soul_sand":2,"minecraft:powder_snow":14,"minecraft:oak_fence":2,"minecraft:blast_furnace":4,"modern_industrialization:nickel_ore":6,"minecraft:tall_grass":1,"minecraft:copper_ore":10,"minecraft:cobblestone":2,"minecraft:cyan_bed":2,"minecraft:sugar_cane":12,"minecraft:oak_planks":6,"techreborn:tin_ore":42,"supplementaries:urn":2,"minecraft:birch_planks":1,"ae2:medium_quartz_bud":1,"techreborn:ruby_ore":6,"minecraft:birch_leaves":1,"minecraft:grass":5,"minecraft:coal_ore":30,"minecraft:oak_log":1,"minecraft:gravel":1,"minecells:bloomrock_wilted_grass_block":1},"minecraft:picked_up":{"archon:magical_bookshelf":2,"techreborn:raw_tin":42,"modern_industrialization:lignite_coal":90,"minecraft:iron_chestplate":1,"minecraft:anvil":1,"minecraft:leather_leggings":2,"minecraft:brown_mushroom":5,"simplyswords:slumbering_lichblade":1,"minecraft:enchanted_book":10,"ad_astra:sky_stone":3,"minecraft:shield":1,"botania:light_blue_double_flower":1,"minecraft:raw_copper":33,"minecraft:iron_axe":1,"minecraft:armor_stand":1,"minecraft:oak_sign":1,"mcda:reinforced_mail_helmet":1,"minecells:sewer_calamari":7,"minecraft:beef":9,"minecells:vine_rune":1,"minecraft:rose_bush":3,"minecraft:poppy":4,"minecraft:iron_pickaxe":2,"mcda:iron_plate":2,"minecraft:sugar_cane":35,"minecells:transposition_core":1,"minecraft:raw_iron":25,"minecraft:furnace":4,"minecells:guts":33,"minecraft:stick":4,"minecells:arcane_goo":3,"minecells:monsters_eye":11,"sophisticatedbackpacks:backpack":1,"techreborn:ruby_gem":9,"minecraft:redstone":3,"ae2:sky_stone_block":96,"regions_unexplored:redstone_bulb":1,"minecraft:stone_sword":1,"minecraft:arrow":14,"minecraft:rotten_flesh":56,"ae2:certus_quartz_dust":1,"tiered:limestone_chunk":4,"minecraft:deepslate_bricks":2,"minecraft:hay_block":8,"minecraft:gold_ingot":3,"supplementaries:ash":8,"minecells:broadsword":1,"minecraft:bone_block":33,"minecraft:cobblestone":69,"minecraft:leather":5,"minecraft:red_mushroom":3,"minecraft:lily_pad":1,"minecraft:oak_log":23,"minecraft:chainmail_chestplate":1,"supplementaries:flax_seeds":1,"minecraft:gunpowder":5,"bewitchment:aconite_seeds":1,"minecraft:white_banner":1,"minecells:putrid_planks":30,"minecraft:bone":2,"minecraft:apple":6,"minecraft:bow":1,"minecraft:wheat_seeds":1,"ftbquests:book":1,"bewitchment:mandrake_seeds":1,"minecraft:iron_ingot":19,"twigs:twig":11,"minecraft:oak_planks":74,"simplyswords:bramblethorn":1,"minecraft:book":33,"minecells:prison_cobblestone":42,"minecells:monster_cell":57,"ae2:certus_quartz_crystal":4,"techreborn:raw_lead":4,"minecells:infected_flesh":19,"minecraft:gravel":1,"simplyswords:gold_warglaive":1,"bewitchment:salt":26,"minecraft:blast_furnace":4,"minecells:big_chain":8,"minecells:metal_shards":6,"minecraft:cyan_bed":2,"techreborn:red_garnet_gem":2,"techreborn:sapphire_gem":17,"regions_unexplored:cattail":1,"techreborn:peridot_gem":5,"soulsweapons:translucent_double_greatsword":1,"modern_industrialization:raw_nickel":6,"minecraft:diamond":9,"minecells:explosive_bulb":7,"simplyswords:soulpyre":1,"minecells:bloomrock":1,"minecraft:emerald":6,"minecraft:oak_sapling":23,"minecells:boss_stem_cell":1,"minecraft:coal":30,"minecells:blood_sword":1},"minecraft:killed_by":{"minecells:leaping_zombie":2},"minecraft:broken":{"simplyswords:gold_halberd":1,"mcda:emerald_gear_boots":1,"minecraft:stone_sword":1,"soulsweapons:translucent_double_greatsword":1,"minecraft:wooden_pickaxe":1,"minecraft:stone_pickaxe":2,"techreborn:ruby_leggings":1,"mcda:emerald_gear_chestplate":1,"minecraft:iron_axe":1,"techreborn:sapphire_helmet":1,"minecraft:iron_pickaxe":1},"minecraft:used":{"simplyswords:diamond_glaive":48,"minecraft:stone_sword":128,"minecraft:chest":1,"minecraft:shield":2,"minecraft:rotten_flesh":39,"simplyswords:gold_warglaive":10,"minecraft:torch":24,"mcda:emerald_gear_boots":1,"simplyswords:storms_edge":302,"techreborn:sapphire_helmet":1,"mcda:emerald_gear_chestplate":1,"minecraft:iron_axe":45,"ae2:sky_stone_block":37,"minecells:broadsword":19,"mcda:reinforced_mail_helmet":2,"minecells:balanced_blade":284,"minecraft:gunpowder":1,"minecraft:powder_snow_bucket":1,"minecraft:water_bucket":62,"soulsweapons:translucent_double_greatsword":33,"minecraft:leather_leggings":1,"simplyswords:gold_halberd":28,"minecraft:stone_pickaxe":183,"minecraft:baked_potato":1,"minecraft:oak_planks":5,"minecraft:wooden_pickaxe":59,"simplyswords:slumbering_lichblade":4,"simplyswords:iron_chakram":8,"minecraft:crafting_table":8,"minecraft:blast_furnace":4,"botania:light_blue_double_flower":1,"minecraft:firework_rocket":5,"minecraft:cyan_bed":1,"minecraft:bread":80,"minecraft:iron_pickaxe":287,"minecraft:map":1,"minecells:prison_cobblestone":41,"minecraft:gravel":1,"simplyswords:emberlash":32,"minecraft:cobblestone":59,"minecraft:bucket":63,"archon:magical_bookshelf":2,"simplyswords:toxic_longsword":57},"minecraft:killed":{"minecells:mutated_bat":5,"graveyard:skeleton_creeper":1,"minecraft:vindicator":1,"minecells:undead_archer":11,"minecraft:skeleton":1,"minecells:conjunctivius":1,"minecells:sewers_tentacle":10,"minecells:leaping_zombie":54,"minecells:protector":3,"minecells:grenadier":9,"graveyard:ghoul":2,"minecells:runner":8,"minecraft:iron_golem":4,"minecraft:ravager":1,"minecraft:pillager":7,"minecraft:zombie":2,"friendsandfoes:moobloom":3,"minecells:shieldbearer":5,"minecraft:cow":1},"minecraft:custom":{"lootr:looted_stat":146,"minecraft:mob_kills":130,"minecraft:interact_with_crafting_table":34,"minecraft:open_barrel":8,"minecraft:damage_dealt_resisted":0,"minecraft:leave_game":5,"minecraft:time_since_death":39136,"minecraft:climb_one_cm":10929,"minecraft:damage_resisted":363,"minecraft:sprint_one_cm":896732,"minecraft:walk_one_cm":410179,"minecraft:damage_blocked_by_shield":37,"minecraft:drop":73,"minecraft:talked_to_villager":1,"minecraft:raid_win":1,"minecraft:play_time":237201,"minecraft:deaths":4,"minecraft:sneak_time":2991,"minecraft:walk_under_water_one_cm":18814,"minecraft:jump":4628,"minecraft:interact_with_blast_furnace":12,"minecraft:walk_on_water_one_cm":31775,"minecraft:total_world_time":237201,"minecraft:sleep_in_bed":2,"minecraft:hex":0,"minecraft:time_since_rest":39162,"minecraft:damage_taken":5870,"minecraft:damage_dealt":28553,"minecraft:swim_one_cm":20857,"minecraft:fly_one_cm":972001,"minecraft:open_chest":17,"minecraft:crouch_one_cm":4080,"minecraft:threat":3,"minecraft:fall_one_cm":124709},"minecraft:dropped":{"minecraft:brown_mushroom":1,"minecraft:wheat_seeds":1,"ironchests:blank_chest_upgrade":1,"simplyswords:diamond_spear":1,"minecells:prison_cobblestone":1,"simplyswords:iron_chakram":1,"techreborn:raw_lead":4,"ae2:sky_stone_block":56,"tiered:limestone_chunk":4,"minecraft:cobblestone":4,"minecells:blood_sword":1,"minecraft:leather":5,"minecraft:red_mushroom":3,"minecraft:stick":4,"minecraft:emerald":2,"bewitchment:aconite_seeds":1,"simplyswords:diamond_glaive":1,"ad_astra:sky_stone":3,"minecells:broadsword":1,"minecraft:rose_bush":3,"minecells:throwing_knife":9,"minecraft:white_banner":1,"minecraft:iron_pickaxe":2,"minecraft:paper":1,"minecraft:string":2,"ftbquests:book":1,"regions_unexplored:redstone_bulb":1,"minecraft:bone":2,"minecraft:armor_stand":1,"bewitchment:salt":26,"simplyswords:gold_warglaive":1,"mcda:iron_plate":4,"minecells:putrid_planks":30,"minecraft:rotten_flesh":14,"minecraft:oak_planks":68,"minecells:big_chain":8,"minecraft:oak_sign":1,"minecraft:deepslate_bricks":2,"minecraft:chainmail_chestplate":1,"simplyswords:soulpyre":1,"supplementaries:flax_seeds":1,"minecraft:hay_block":8,"minecraft:gunpowder":1,"bewitchment:mandrake_seeds":1,"ae2:certus_quartz_dust":1,"minecraft:oak_sapling":23,"minecraft:leather_leggings":2,"minecells:guts":5,"minecraft:arrow":4,"minecraft:bow":1,"minecraft:beef":6,"mcda:reinforced_mail_helmet":1,"minecraft:cyan_bed":1},"minecraft:crafted":{"minecraft:oak_planks":56,"minecraft:iron_nugget":27,"techreborn:ruby_leggings":1,"mcda:emerald_gear_chestplate":1,"mcda:reinforced_mail_helmet":1,"minecraft:iron_boots":1,"techreborn:tin_ingot":22,"techreborn:sapphire_helmet":1,"minecraft:stone_pickaxe":2,"minecraft:chest":2,"mcda:iron_plate":4,"sophisticatedbackpacks:iron_backpack":1,"mcda:emerald_gear_boots":1,"indrev:tin_chestplate":1,"minecraft:crafting_table":8,"minecraft:wooden_pickaxe":1,"minecraft:iron_helmet":1,"minecraft:copper_ingot":33,"sophisticatedbackpacks:gold_backpack":1,"modern_industrialization:lignite_coal_block":9,"minecraft:air":0,"minecraft:stick":24,"minecraft:iron_ingot":5,"minecraft:iron_pickaxe":2,"minecraft:stone_sword":1,"indrev:tin_boots":1,"indrev:tin_leggings":1,"minecraft:torch":24}},"DataVersion":3465}