{"stats":{"minecraft:killed_by":{"hordes:zombie_player":1},"minecraft:picked_up":{"projectvibrantjourneys:light_brown_bark_mushroom":1,"pointblank:m1911a1":3,"pointblank:ammo45acp":192,"minecraft:leather_boots":3,"marbledsarsenal:police_baton":3,"pointblank:gunmetal_nugget":4,"minecraft:bread":27,"minecraft:spruce_log":10,"minecraft:dirt":2,"minecraft:string":1,"marbledsarsenal:cm6m_gas_mask":3,"alexsmobs:animal_dictionary":2},"minecraft:used":{"minecraft:dirt":2,"minecraft:spruce_log":2,"marbledsarsenal:police_baton":7},"minecraft:custom":{"minecraft:crouch_one_cm":426,"minecraft:time_since_rest":3530,"minecraft:walk_one_cm":13940,"minecraft:play_time":4936,"minecraft:sprint_one_cm":13680,"minecraft:damage_taken":276,"minecraft:deaths":2,"minecraft:sneak_time":259,"minecraft:mob_kills":2,"minecraft:drop":14,"minecraft:damage_dealt_resisted":30,"minecraft:jump":88,"minecraft:damage_dealt":434,"minecraft:time_since_death":3502,"minecraft:total_world_time":4936,"minecraft:fall_one_cm":2090,"minecraft:fly_one_cm":21716},"minecraft:killed":{"minecraft:zombie":1},"minecraft:dropped":{"minecraft:bread":18,"alexsmobs:animal_dictionary":1,"marbledsarsenal:police_baton":2,"pointblank:m1911a1":2,"minecraft:leather_boots":2,"pointblank:ammo45acp":128,"marbledsarsenal:cm6m_gas_mask":2,"projectvibrantjourneys:light_brown_bark_mushroom":1},"minecraft:mined":{"minecraft:grass":1,"minecraft:dirt":2,"minecraft:spruce_log":10}},"DataVersion":3465}