{"stats":{"minecraft:killed":{"alexsmobs:grizzly_bear":1,"minecraft:zombie":40},"minecraft:broken":{"minecraft:stone_pickaxe":1,"minecraft:iron_pickaxe":1},"minecraft:mined":{"create:deepslate_zinc_ore":18,"minecraft:deepslate_diamond_ore":8,"psg:potassium_ore":11,"psg:deepslate_sulphur_ore":6,"minecraft:clay":11,"psg:sulphur_ore":2,"minecraft:crafting_table":2,"minecraft:cave_vines_plant":1,"minecraft:calcite":12,"projectvibrantjourneys:natural_cobweb":1,"minecraft:copper_ore":27,"minecraft:cobblestone":2,"minecraft:deepslate_coal_ore":12,"minecraft:spruce_leaves":5,"minecraft:deepslate_gold_ore":1,"minecraft:moss_block":10,"minecraft:oak_planks":6,"minecraft:deepslate_copper_ore":2,"minecraft:furnace":1,"minecraft:iron_ore":30,"minecraft:cobbled_deepslate":12,"minecraft:andesite":42,"minecraft:deepslate_lapis_ore":2,"k_turrets:titanium_ore":20,"minecraft:oak_log":14,"minecraft:coal_ore":58,"minecraft:cave_vines":1,"projectvibrantjourneys:short_grass":3,"minecraft:deepslate_iron_ore":8,"minecraft:stone":147,"minecraft:oak_leaves":1,"farmersdelight:wild_potatoes":6,"minecraft:deepslate":57},"minecraft:used":{"minecraft:calcite":12,"minecraft:moss_block":5,"minecraft:cooked_mutton":4,"minecraft:stone_pickaxe":132,"minecraft:oak_planks":91,"minecraft:wooden_pickaxe":6,"minecraft:rotten_flesh":13,"minecraft:oak_door":1,"minecraft:crafting_table":3,"minecraft:apple":4,"minecraft:bread":9,"minecraft:iron_pickaxe":357,"marbledsarsenal:police_baton":154,"minecraft:stone_axe":14,"minecraft:cobblestone":22,"minecraft:beef":3,"minecraft:sweet_berries":31,"minecraft:furnace":2,"minecraft:oak_sapling":1,"minecraft:andesite":42,"minecraft:cooked_beef":6,"minecraft:cobbled_deepslate":69,"minecraft:potato":6},"minecraft:crafted":{"minecraft:cooked_beef":6,"minecraft:oak_door":3,"minecraft:oak_planks":112,"sophisticatedbackpacks:backpack":1,"minecraft:crafting_table":2,"minecraft:wooden_pickaxe":1,"minecraft:furnace":1,"minecraft:stone_axe":1,"minecraft:air":0,"minecraft:iron_ingot":4,"minecraft:iron_pickaxe":2,"minecraft:stone_pickaxe":1,"minecraft:chest":1},"minecraft:dropped":{"minecraft:moss_carpet":1,"minecraft:porkchop":5,"minecraft:cobblestone":1,"minecraft:rotten_flesh":37,"projectvibrantjourneys:orange_bark_mushroom":5,"minecraft:coal":1,"projectvibrantjourneys:rocks":1,"projectvibrantjourneys:light_brown_bark_mushroom":1,"minecraft:oak_sapling":54,"minecraft:spider_eye":1,"minecraft:phantom_membrane":1,"minecraft:string":1,"minecraft:redstone":2},"minecraft:picked_up":{"minecraft:crafting_table":1,"minecraft:clay_ball":48,"minecraft:andesite":42,"minecraft:leather":4,"minecraft:potato":5,"create:raw_zinc":18,"minecraft:oak_log":90,"minecraft:shield":1,"minecraft:gunpowder":8,"projectvibrantjourneys:rocks":1,"minecraft:lapis_lazuli":10,"minecraft:string":5,"minecraft:moss_carpet":1,"minecraft:raw_copper":104,"minecraft:cooked_mutton":4,"minecraft:bone":4,"minecraft:apple":4,"minecraft:cobbled_deepslate":69,"minecraft:raw_gold":1,"minecraft:iron_ingot":2,"minecraft:beef":3,"minecraft:calcite":12,"minecraft:moss_block":5,"minecraft:oak_planks":4,"minecraft:phantom_membrane":1,"minecraft:furnace":1,"projectvibrantjourneys:light_brown_bark_mushroom":1,"minecraft:stick":34,"minecraft:raw_iron":49,"minecraft:sweet_berries":19,"psg:raw_potassium":22,"minecraft:porkchop":5,"pointblank:gunmetal_nugget":11,"psg:sulphur":43,"minecraft:spruce_sapling":8,"minecraft:redstone":2,"minecraft:spider_eye":1,"minecraft:rotten_flesh":50,"minecraft:diamond":8,"k_turrets:raw_titanium":24,"projectvibrantjourneys:orange_bark_mushroom":5,"minecraft:oak_sapling":55,"minecraft:coal":90,"minecraft:cobblestone":154},"minecraft:custom":{"minecraft:interact_with_furnace":16,"minecraft:mob_kills":43,"minecraft:interact_with_crafting_table":11,"minecraft:damage_dealt_resisted":140,"minecraft:leave_game":2,"minecraft:time_since_death":79119,"minecraft:climb_one_cm":488,"minecraft:time_since_rest":79119,"minecraft:sprint_one_cm":158298,"minecraft:damage_taken":477,"minecraft:walk_one_cm":123231,"minecraft:drop":17,"minecraft:damage_dealt":7352,"minecraft:swim_one_cm":27031,"minecraft:fly_one_cm":234339,"minecraft:open_chest":12,"minecraft:crouch_one_cm":31282,"minecraft:play_time":79119,"minecraft:sneak_time":14772,"minecraft:walk_under_water_one_cm":8435,"minecraft:jump":1581,"minecraft:walk_on_water_one_cm":13599,"minecraft:total_world_time":79119,"minecraft:fall_one_cm":37092}},"DataVersion":3465}