{"stats":{"minecraft:killed_by":{"hordes:zombie_player":1},"minecraft:picked_up":{"projectvibrantjourneys:light_brown_bark_mushroom":1,"minecraft:crafting_table":1,"minecraft:raw_iron":1,"marbledsarsenal:police_baton":3,"psg:raw_potassium":8,"ecologics:seashell":3,"psg:sulphur":74,"pointblank:gunmetal_nugget":4,"minecraft:oak_log":4,"minecraft:blast_furnace":1,"minecraft:spruce_log":11,"alexsmobs:animal_dictionary":2,"marbledsarsenal:cm6m_gas_mask":3,"minecraft:string":1,"minecraft:dirt":2,"minecraft:raw_copper":41,"pointblank:ammo45acp":192,"pointblank:m1911a1":3,"minecraft:leather_boots":3,"minecraft:wheat_seeds":2,"k_turrets:raw_titanium":2,"minecraft:bread":27,"projectvibrantjourneys:twigs":14,"pointblank:workstation":1,"minecraft:coal":37,"minecraft:cobblestone":25,"minecraft:furnace":1},"minecraft:used":{"minecraft:stone_pickaxe":92,"minecraft:wooden_pickaxe":20,"marbledsarsenal:police_baton":7,"minecraft:dirt":2,"minecraft:cobblestone":13,"minecraft:crafting_table":2,"ecologics:seashell":1,"minecraft:spruce_log":2},"minecraft:crafted":{"minecraft:crafting_table":2,"minecraft:spruce_planks":36,"minecraft:stick":14,"minecraft:wooden_pickaxe":1,"minecraft:stone_pickaxe":1},"minecraft:custom":{"minecraft:time_since_rest":6865,"minecraft:interact_with_furnace":2,"minecraft:sprint_one_cm":69427,"minecraft:damage_taken":375,"minecraft:walk_one_cm":39315,"minecraft:mob_kills":2,"minecraft:drop":16,"minecraft:damage_dealt":466,"minecraft:interact_with_crafting_table":2,"minecraft:fly_one_cm":119658,"minecraft:open_chest":2,"minecraft:crouch_one_cm":5393,"minecraft:play_time":28936,"minecraft:deaths":2,"minecraft:sneak_time":2332,"minecraft:boat_one_cm":1376,"minecraft:jump":490,"minecraft:damage_dealt_resisted":30,"minecraft:walk_on_water_one_cm":206,"minecraft:time_since_death":27502,"minecraft:sleep_in_bed":1,"minecraft:total_world_time":28936,"minecraft:fall_one_cm":13964},"minecraft:killed":{"minecraft:zombie":1},"minecraft:dropped":{"minecraft:bread":18,"projectvibrantjourneys:light_brown_bark_mushroom":1,"alexsmobs:animal_dictionary":1,"marbledsarsenal:police_baton":2,"minecraft:leather_boots":2,"minecraft:wooden_pickaxe":1,"ecologics:seashell":1,"pointblank:m1911a1":2,"pointblank:ammo45acp":128,"marbledsarsenal:cm6m_gas_mask":2},"minecraft:mined":{"minecraft:furnace":1,"ecologics:seashell":2,"minecraft:iron_ore":1,"minecraft:spruce_log":11,"psg:sulphur_ore":18,"minecraft:blast_furnace":1,"k_turrets:titanium_ore":2,"minecraft:grass":2,"minecraft:oak_log":4,"minecraft:coal_ore":38,"projectvibrantjourneys:short_grass":1,"minecraft:dirt":2,"pointblank:workstation":1,"minecraft:tall_grass":1,"minecraft:copper_ore":12,"minecraft:stone":25,"minecraft:oak_leaves":2,"minecraft:fern":1}},"DataVersion":3465}