{"stats":{"minecraft:killed_by":{"hordes:zombie_player":1},"minecraft:picked_up":{"minecraft:crafting_table":1,"ecologics:seashell":3,"minecraft:oak_log":25,"marbledsarsenal:cm6m_gas_mask":3,"minecraft:dirt":2,"minecraft:string":1,"minecraft:raw_copper":41,"minecraft:leather_boots":3,"minecraft:wheat_seeds":2,"pointblank:workstation":1,"minecraft:furnace":1,"projectvibrantjourneys:light_brown_bark_mushroom":1,"minecraft:oak_slab":11,"minecraft:raw_iron":4,"marbledsarsenal:police_baton":3,"psg:raw_potassium":8,"pointblank:gunmetal_nugget":4,"psg:sulphur":74,"minecraft:blast_furnace":1,"minecraft:spruce_log":11,"alexsmobs:animal_dictionary":2,"pointblank:m1911a1":3,"pointblank:ammo45acp":192,"minecraft:stone_axe":1,"k_turrets:raw_titanium":2,"minecraft:bread":27,"minecraft:oak_sapling":1,"projectvibrantjourneys:twigs":14,"minecraft:coal":37,"minecraft:cobblestone":25},"minecraft:used":{"minecraft:stone_pickaxe":95,"minecraft:wooden_pickaxe":20,"minecraft:dirt":2,"minecraft:oak_slab":128,"minecraft:crafting_table":2,"ecologics:seashell":1,"minecraft:spruce_log":2,"minecraft:oak_log":4,"marbledsarsenal:police_baton":7,"minecraft:stone_axe":7,"minecraft:cobblestone":13},"minecraft:crafted":{"minecraft:oak_slab":162,"minecraft:oak_planks":84,"minecraft:crafting_table":2,"minecraft:spruce_planks":36,"minecraft:wooden_pickaxe":1,"minecraft:stick":14,"minecraft:stone_pickaxe":1},"minecraft:custom":{"minecraft:interact_with_furnace":2,"minecraft:mob_kills":2,"minecraft:interact_with_crafting_table":7,"minecraft:damage_dealt_resisted":30,"minecraft:time_since_death":39502,"minecraft:sleep_in_bed":1,"minecraft:time_since_rest":18865,"minecraft:sprint_one_cm":113458,"minecraft:damage_taken":405,"minecraft:walk_one_cm":51431,"minecraft:drop":18,"minecraft:damage_dealt":466,"minecraft:fly_one_cm":191049,"minecraft:open_chest":2,"minecraft:crouch_one_cm":16140,"minecraft:play_time":40936,"minecraft:deaths":2,"minecraft:sneak_time":5522,"minecraft:boat_one_cm":19884,"minecraft:jump":824,"minecraft:walk_on_water_one_cm":206,"minecraft:total_world_time":40936,"minecraft:fall_one_cm":22251},"minecraft:killed":{"minecraft:zombie":1},"minecraft:dropped":{"minecraft:bread":18,"alexsmobs:animal_dictionary":1,"marbledsarsenal:police_baton":2,"minecraft:cobblestone":9,"projectvibrantjourneys:light_brown_bark_mushroom":1,"minecraft:leather_boots":2,"minecraft:oak_sapling":1,"minecraft:wooden_pickaxe":1,"ecologics:seashell":1,"pointblank:m1911a1":2,"pointblank:ammo45acp":128,"marbledsarsenal:cm6m_gas_mask":2},"minecraft:mined":{"minecraft:oak_slab":14,"projectvibrantjourneys:rocks":1,"psg:sulphur_ore":18,"minecraft:blast_furnace":1,"minecraft:copper_ore":12,"minecraft:tall_grass":1,"minecraft:furnace":1,"ecologics:seashell":2,"minecraft:iron_ore":4,"minecraft:spruce_log":11,"minecraft:grass":2,"k_turrets:titanium_ore":2,"minecraft:coal_ore":38,"minecraft:oak_log":22,"projectvibrantjourneys:short_grass":2,"minecraft:dirt":2,"pointblank:workstation":1,"minecraft:stone":25,"minecraft:oak_leaves":2,"minecraft:fern":1}},"DataVersion":3465}