{"stats":{"minecraft:picked_up":{"techreborn:raw_tin":42,"minecraft:iron_chestplate":1,"modern_industrialization:lignite_coal":90,"minecraft:anvil":1,"minecraft:leather_leggings":1,"minecraft:leather":2,"minecraft:brown_mushroom":5,"minecraft:red_mushroom":2,"minecraft:oak_log":23,"minecraft:chainmail_chestplate":1,"minecraft:lily_pad":1,"supplementaries:flax_seeds":1,"bewitchment:aconite_seeds":1,"minecraft:raw_copper":33,"minecraft:armor_stand":1,"minecraft:oak_sign":1,"minecraft:apple":1,"minecraft:iron_ingot":14,"minecraft:beef":3,"minecraft:rose_bush":3,"minecraft:poppy":4,"twigs:twig":10,"minecraft:sugar_cane":31,"minecraft:oak_planks":29,"minecraft:furnace":4,"minecraft:book":33,"minecraft:stick":4,"minecraft:gravel":1,"techreborn:ruby_gem":9,"bewitchment:salt":26,"techreborn:red_garnet_gem":2,"techreborn:sapphire_gem":17,"minecraft:blast_furnace":2,"minecraft:cyan_bed":2,"ae2:sky_stone_block":1,"regions_unexplored:cattail":1,"techreborn:peridot_gem":5,"minecraft:stone_sword":1,"minecraft:arrow":1,"minecraft:rotten_flesh":14,"minecraft:hay_block":8,"minecraft:oak_sapling":23,"minecraft:coal":30,"minecraft:bone_block":33,"minecraft:cobblestone":63},"minecraft:mined":{"techreborn:sapphire_ore":10,"minecraft:soul_sand":2,"regions_unexplored:cattail":1,"minecraft:blast_furnace":2,"modern_industrialization:lignite_coal_ore":90,"minecraft:tall_grass":1,"minecraft:soul_soil":2,"minecraft:copper_ore":10,"minecraft:cyan_bed":2,"minecraft:sugar_cane":10,"minecraft:oak_planks":6,"techreborn:tin_ore":42,"minecraft:large_fern":2,"minecraft:hay_block":8,"minecraft:furnace":4,"techreborn:ruby_ore":6,"minecraft:birch_leaves":1,"treechop:chopped_log":4,"minecraft:anvil":1,"croptopia:peach_crop":2,"minecraft:grass":3,"minecraft:bookshelf":11,"minecraft:oak_log":1,"minecraft:coal_ore":30,"bewitchment:salt_ore":16,"minecraft:gravel":1,"minecraft:stone":62,"minecraft:bone_block":33},"minecraft:used":{"minecraft:water_bucket":27,"minecraft:leather_leggings":1,"minecraft:stone_sword":126,"minecraft:stone_pickaxe":183,"minecraft:baked_potato":1,"minecraft:oak_planks":5,"minecraft:shield":1,"minecraft:wooden_pickaxe":59,"minecraft:torch":24,"minecraft:crafting_table":5,"minecraft:blast_furnace":2,"minecraft:firework_rocket":5,"minecraft:bread":12,"minecraft:cyan_bed":1,"minecraft:iron_pickaxe":65,"minecraft:map":1,"ae2:sky_stone_block":1,"minecraft:gravel":1,"minecraft:cobblestone":26,"minecraft:bucket":27},"minecraft:broken":{"minecraft:stone_pickaxe":2,"minecraft:wooden_pickaxe":1},"minecraft:killed":{"graveyard:ghoul":2,"graveyard:skeleton_creeper":1,"minecraft:vindicator":1,"minecraft:iron_golem":3,"minecraft:pillager":1,"minecraft:zombie":1,"minecraft:cow":1},"minecraft:custom":{"lootr:looted_stat":30,"minecraft:mob_kills":11,"minecraft:interact_with_crafting_table":13,"minecraft:open_barrel":7,"minecraft:damage_dealt_resisted":0,"minecraft:leave_game":5,"minecraft:time_since_death":50381,"minecraft:sleep_in_bed":1,"minecraft:climb_one_cm":6982,"minecraft:hex":0,"minecraft:time_since_rest":50411,"minecraft:sprint_one_cm":190612,"minecraft:damage_taken":969,"minecraft:walk_one_cm":116603,"minecraft:damage_blocked_by_shield":10,"minecraft:drop":20,"minecraft:damage_dealt":3341,"minecraft:swim_one_cm":5925,"minecraft:talked_to_villager":1,"minecraft:fly_one_cm":233234,"minecraft:crouch_one_cm":2398,"minecraft:play_time":83702,"minecraft:deaths":1,"minecraft:sneak_time":1820,"minecraft:walk_under_water_one_cm":9490,"minecraft:jump":1170,"minecraft:interact_with_blast_furnace":7,"minecraft:walk_on_water_one_cm":11695,"minecraft:total_world_time":83702,"minecraft:fall_one_cm":36501},"minecraft:dropped":{"minecraft:brown_mushroom":1,"bewitchment:salt":26,"minecraft:rotten_flesh":14,"minecraft:oak_planks":23,"minecraft:oak_sign":1,"minecraft:stick":4,"minecraft:red_mushroom":2,"minecraft:chainmail_chestplate":1,"minecraft:emerald":2,"bewitchment:aconite_seeds":1,"supplementaries:flax_seeds":1,"minecraft:hay_block":8,"minecraft:rose_bush":3,"minecraft:oak_sapling":23,"minecraft:paper":1,"minecraft:armor_stand":1},"minecraft:crafted":{"minecraft:oak_planks":52,"minecraft:crafting_table":5,"minecraft:wooden_pickaxe":1,"minecraft:copper_ingot":33,"minecraft:air":0,"techreborn:tin_ingot":22,"minecraft:stick":20,"minecraft:iron_ingot":2,"minecraft:iron_pickaxe":1,"minecraft:stone_pickaxe":2,"minecraft:chest":1,"minecraft:stone_sword":1,"minecraft:torch":24}},"DataVersion":3465}