{"stats":{"minecraft:crafted":{"minecraft:oak_planks":12,"minecraft:stone_axe":1,"minecraft:crafting_table":1,"minecraft:wooden_pickaxe":1,"minecraft:stone_pickaxe":1},"minecraft:mined":{"minecraft:coal_ore":1,"minecraft:oak_log":14,"projectvibrantjourneys:short_grass":1,"minecraft:stone":6,"minecraft:oak_leaves":1},"minecraft:picked_up":{"projectvibrantjourneys:light_brown_bark_mushroom":1,"minecraft:stick":34,"minecraft:apple":4,"minecraft:oak_log":90,"projectvibrantjourneys:orange_bark_mushroom":5,"minecraft:oak_sapling":28,"minecraft:coal":1,"minecraft:cobblestone":6},"minecraft:custom":{"minecraft:time_since_rest":5502,"minecraft:crouch_one_cm":336,"minecraft:play_time":5502,"minecraft:sprint_one_cm":19951,"minecraft:damage_taken":10,"minecraft:walk_one_cm":10992,"minecraft:sneak_time":378,"minecraft:drop":4,"minecraft:jump":105,"minecraft:time_since_death":5502,"minecraft:total_world_time":5502,"minecraft:interact_with_crafting_table":2,"minecraft:fall_one_cm":2483,"minecraft:fly_one_cm":15381},"minecraft:dropped":{"projectvibrantjourneys:light_brown_bark_mushroom":1,"projectvibrantjourneys:orange_bark_mushroom":5,"minecraft:oak_sapling":27},"minecraft:used":{"minecraft:stone_axe":1,"minecraft:crafting_table":1,"minecraft:oak_sapling":1,"minecraft:stone_pickaxe":1,"minecraft:wooden_pickaxe":6}},"DataVersion":3465}