{"stats":{"minecraft:picked_up":{"techreborn:raw_tin":42,"minecraft:iron_chestplate":1,"modern_industrialization:lignite_coal":90,"minecraft:anvil":1,"minecraft:leather_leggings":1,"minecraft:leather":2,"minecraft:brown_mushroom":5,"minecraft:red_mushroom":3,"minecraft:oak_log":23,"minecraft:chainmail_chestplate":1,"minecraft:lily_pad":1,"supplementaries:flax_seeds":1,"ad_astra:sky_stone":3,"bewitchment:aconite_seeds":1,"minecraft:white_banner":1,"minecraft:raw_copper":33,"minecraft:iron_axe":1,"minecraft:armor_stand":1,"minecraft:oak_sign":1,"minecraft:apple":6,"bewitchment:mandrake_seeds":1,"minecraft:iron_ingot":14,"minecraft:beef":3,"minecraft:rose_bush":3,"minecraft:poppy":4,"twigs:twig":10,"minecraft:sugar_cane":35,"minecraft:oak_planks":74,"minecraft:furnace":4,"minecraft:book":33,"minecraft:stick":4,"minecraft:gravel":1,"techreborn:ruby_gem":9,"bewitchment:salt":26,"minecraft:blast_furnace":4,"minecraft:cyan_bed":2,"techreborn:sapphire_gem":17,"techreborn:red_garnet_gem":2,"ae2:sky_stone_block":1,"regions_unexplored:cattail":1,"techreborn:peridot_gem":5,"soulsweapons:translucent_double_greatsword":1,"minecraft:stone_sword":1,"minecraft:arrow":4,"minecraft:rotten_flesh":14,"minecraft:hay_block":8,"minecraft:emerald":5,"minecraft:oak_sapling":23,"minecraft:coal":30,"minecraft:bone_block":33,"minecraft:cobblestone":65},"minecraft:mined":{"techreborn:sapphire_ore":10,"minecraft:soul_sand":2,"regions_unexplored:cattail":1,"minecraft:blast_furnace":4,"brewery:beer_barley":1,"modern_industrialization:lignite_coal_ore":90,"minecraft:copper_ore":10,"minecraft:soul_soil":2,"minecraft:tall_grass":1,"minecraft:cobblestone":2,"minecraft:cyan_bed":2,"minecraft:oak_planks":6,"minecraft:sugar_cane":12,"techreborn:tin_ore":42,"minecraft:large_fern":2,"minecraft:hay_block":8,"minecraft:furnace":4,"techreborn:ruby_ore":6,"minecraft:birch_leaves":1,"treechop:chopped_log":4,"minecraft:anvil":1,"croptopia:peach_crop":2,"minecraft:grass":5,"minecraft:bookshelf":11,"minecraft:oak_log":1,"minecraft:coal_ore":30,"bewitchment:salt_ore":16,"minecraft:gravel":1,"minecraft:stone":62,"minecraft:bone_block":33},"minecraft:used":{"minecraft:water_bucket":31,"soulsweapons:translucent_double_greatsword":33,"minecraft:leather_leggings":1,"minecraft:stone_sword":128,"minecraft:stone_pickaxe":183,"minecraft:baked_potato":1,"minecraft:oak_planks":5,"minecraft:wooden_pickaxe":59,"minecraft:shield":1,"minecraft:torch":24,"minecraft:crafting_table":6,"minecraft:blast_furnace":2,"minecraft:firework_rocket":5,"minecraft:iron_axe":8,"mcda:emerald_gear_chestplate":1,"minecraft:bread":20,"minecraft:cyan_bed":1,"minecraft:iron_pickaxe":72,"minecraft:map":1,"ae2:sky_stone_block":1,"minecraft:gravel":1,"minecraft:cobblestone":32,"minecraft:bucket":31},"minecraft:broken":{"minecraft:stone_pickaxe":2,"soulsweapons:translucent_double_greatsword":1,"minecraft:stone_sword":1,"minecraft:wooden_pickaxe":1},"minecraft:killed":{"graveyard:ghoul":2,"graveyard:skeleton_creeper":1,"minecraft:vindicator":1,"minecraft:iron_golem":3,"minecraft:ravager":1,"minecraft:pillager":6,"minecraft:zombie":1,"minecraft:cow":1},"minecraft:custom":{"lootr:looted_stat":33,"minecraft:mob_kills":17,"minecraft:interact_with_crafting_table":16,"minecraft:open_barrel":8,"minecraft:damage_dealt_resisted":0,"minecraft:leave_game":5,"minecraft:time_since_death":71880,"minecraft:sleep_in_bed":1,"minecraft:climb_one_cm":7402,"minecraft:hex":0,"minecraft:time_since_rest":71910,"minecraft:sprint_one_cm":265292,"minecraft:damage_taken":1181,"minecraft:walk_one_cm":148006,"minecraft:damage_blocked_by_shield":10,"minecraft:drop":33,"minecraft:damage_dealt":5351,"minecraft:swim_one_cm":14178,"minecraft:fly_one_cm":331486,"minecraft:talked_to_villager":1,"minecraft:raid_win":1,"minecraft:crouch_one_cm":2402,"minecraft:play_time":105201,"minecraft:deaths":1,"minecraft:sneak_time":1867,"minecraft:walk_under_water_one_cm":11225,"minecraft:jump":1716,"minecraft:interact_with_blast_furnace":7,"minecraft:walk_on_water_one_cm":15346,"minecraft:total_world_time":105201,"minecraft:fall_one_cm":56021},"minecraft:dropped":{"minecraft:brown_mushroom":1,"bewitchment:salt":26,"minecraft:rotten_flesh":14,"minecraft:oak_planks":68,"minecraft:oak_sign":1,"minecraft:red_mushroom":3,"minecraft:chainmail_chestplate":1,"minecraft:emerald":2,"minecraft:stick":4,"bewitchment:aconite_seeds":1,"ad_astra:sky_stone":3,"supplementaries:flax_seeds":1,"minecraft:hay_block":8,"bewitchment:mandrake_seeds":1,"minecraft:rose_bush":3,"minecraft:oak_sapling":23,"minecraft:white_banner":1,"minecraft:arrow":4,"minecraft:paper":1,"minecraft:armor_stand":1},"minecraft:crafted":{"minecraft:oak_planks":52,"minecraft:crafting_table":6,"minecraft:wooden_pickaxe":1,"mcda:emerald_gear_chestplate":1,"minecraft:copper_ingot":33,"minecraft:air":0,"techreborn:tin_ingot":22,"minecraft:stick":20,"minecraft:iron_ingot":2,"minecraft:iron_pickaxe":1,"minecraft:stone_pickaxe":2,"minecraft:chest":1,"minecraft:stone_sword":1,"minecraft:torch":24}},"DataVersion":3465}