{"stats":{"minecraft:killed_by":{"hordes:zombie_player":1},"minecraft:picked_up":{"minecraft:birch_log":2,"minecraft:crafting_table":1,"projectvibrantjourneys:fallen_leaves":7,"minecraft:stone_slab":1,"ecologics:seashell":3,"minecraft:oak_log":111,"minecraft:shield":1,"minecraft:gunpowder":1,"marbledsarsenal:cm6m_gas_mask":3,"minecraft:dirt":297,"minecraft:string":1,"minecraft:raw_copper":58,"minecraft:leather_boots":3,"minecraft:apple":7,"minecraft:wheat_seeds":18,"minecraft:chest":1,"pointblank:workstation":3,"minecraft:furnace":1,"projectvibrantjourneys:light_brown_bark_mushroom":1,"minecraft:oak_slab":22,"minecraft:stick":9,"minecraft:raw_iron":45,"marbledsarsenal:police_baton":3,"psg:raw_potassium":8,"minecraft:oak_fence":1,"minecraft:torch":18,"minecraft:dandelion":18,"pointblank:gunmetal_nugget":4,"psg:sulphur":74,"minecraft:spruce_sapling":1,"minecraft:blast_furnace":1,"minecraft:diorite":1,"minecraft:spruce_log":38,"alexsmobs:animal_dictionary":2,"pointblank:m1911a1":3,"pointblank:ammo45acp":192,"minecraft:stone_shovel":1,"minecraft:rotten_flesh":1,"minecraft:stone_axe":1,"k_turrets:raw_titanium":7,"minecraft:bread":27,"minecraft:oak_sapling":17,"projectvibrantjourneys:twigs":14,"minecraft:coal":101,"minecraft:cobblestone":327},"minecraft:broken":{"minecraft:stone_pickaxe":3,"minecraft:stone_axe":1,"minecraft:stone_shovel":2},"minecraft:used":{"minecraft:oak_fence":7,"minecraft:diorite":1,"minecraft:cobblestone_stairs":8,"minecraft:stone_shovel":230,"minecraft:stone_pickaxe":394,"minecraft:chest":4,"minecraft:wooden_pickaxe":20,"minecraft:torch":53,"minecraft:dirt":35,"minecraft:oak_slab":370,"minecraft:crafting_table":2,"minecraft:blast_furnace":1,"ecologics:seashell":1,"minecraft:oak_fence_gate":3,"minecraft:spruce_log":7,"minecraft:oak_log":26,"minecraft:bread":8,"minecraft:iron_pickaxe":127,"minecraft:stone_slab":1,"marbledsarsenal:police_baton":13,"minecraft:stone_axe":131,"pointblank:workstation":3,"minecraft:cobblestone":321,"minecraft:furnace":1},"minecraft:crafted":{"minecraft:oak_slab":348,"minecraft:oak_planks":184,"minecraft:stone_shovel":1,"minecraft:crafting_table":2,"minecraft:spruce_planks":36,"minecraft:wooden_pickaxe":1,"minecraft:cobblestone_stairs":8,"minecraft:air":0,"minecraft:oak_fence_gate":3,"minecraft:stick":18,"minecraft:iron_ingot":5,"minecraft:iron_pickaxe":1,"minecraft:stone_pickaxe":3,"minecraft:chest":3,"minecraft:torch":36,"minecraft:oak_fence":6},"minecraft:custom":{"minecraft:interact_with_furnace":6,"minecraft:mob_kills":4,"minecraft:interact_with_crafting_table":21,"minecraft:damage_dealt_resisted":30,"minecraft:time_since_death":99502,"minecraft:sleep_in_bed":3,"minecraft:time_since_rest":37481,"minecraft:sprint_one_cm":276888,"minecraft:damage_taken":834,"minecraft:walk_one_cm":217706,"minecraft:drop":27,"minecraft:damage_dealt":693,"minecraft:swim_one_cm":6566,"minecraft:fly_one_cm":384763,"minecraft:open_chest":38,"minecraft:crouch_one_cm":44954,"minecraft:play_time":100936,"minecraft:deaths":2,"minecraft:sneak_time":12202,"minecraft:walk_under_water_one_cm":829,"minecraft:boat_one_cm":19884,"minecraft:jump":1895,"minecraft:interact_with_blast_furnace":5,"minecraft:walk_on_water_one_cm":5691,"minecraft:total_world_time":100936,"minecraft:fall_one_cm":47544},"minecraft:killed":{"minecraft:zombie":2},"minecraft:dropped":{"minecraft:bread":18,"projectvibrantjourneys:birch_hollow_log":1,"minecraft:wheat_seeds":16,"alexsmobs:animal_dictionary":1,"marbledsarsenal:police_baton":2,"minecraft:cobblestone":9,"minecraft:rotten_flesh":1,"minecraft:dirt":56,"projectvibrantjourneys:light_brown_bark_mushroom":1,"projectvibrantjourneys:fallen_leaves":7,"minecraft:leather_boots":2,"minecraft:oak_sapling":1,"minecraft:wooden_pickaxe":1,"ecologics:seashell":2,"minecraft:string":1,"pointblank:m1911a1":2,"pointblank:ammo45acp":128,"minecraft:dandelion":18,"marbledsarsenal:cm6m_gas_mask":2},"minecraft:mined":{"minecraft:oak_slab":25,"minecraft:dandelion":17,"minecraft:oak_fence":1,"projectvibrantjourneys:rocks":4,"psg:sulphur_ore":18,"minecraft:torch":2,"projectvibrantjourneys:twigs":3,"minecraft:blast_furnace":1,"minecraft:grass_block":24,"minecraft:stone_slab":1,"minecraft:cobblestone":6,"minecraft:copper_ore":17,"minecraft:tall_grass":1,"minecraft:spruce_leaves":7,"projectvibrantjourneys:fallen_leaves":7,"minecraft:diorite":1,"minecraft:wall_torch":3,"minecraft:furnace":1,"ecologics:seashell":2,"minecraft:birch_log":2,"minecraft:iron_ore":45,"minecraft:spruce_log":38,"minecraft:birch_leaves":1,"minecraft:grass":2,"k_turrets:titanium_ore":7,"minecraft:coal_ore":102,"minecraft:oak_log":108,"projectvibrantjourneys:short_grass":88,"minecraft:dirt":286,"pointblank:workstation":3,"minecraft:stone":325,"minecraft:oak_leaves":9,"minecraft:fern":10}},"DataVersion":3465}