{"stats":{"minecraft:killed":{"minecraft:pig":1,"alexsmobs:grizzly_bear":2,"alexsmobs:sugar_glider":1,"minecraft:sheep":1,"minecraft:zombie":42},"minecraft:broken":{"minecraft:stone_pickaxe":1,"minecraft:iron_pickaxe":1},"minecraft:mined":{"create:deepslate_zinc_ore":18,"minecraft:deepslate_diamond_ore":8,"psg:potassium_ore":15,"psg:deepslate_sulphur_ore":6,"minecraft:clay":11,"psg:sulphur_ore":3,"minecraft:crafting_table":3,"minecraft:cave_vines_plant":1,"minecraft:calcite":12,"minecraft:decorated_pot":1,"create:ochrum":2,"projectvibrantjourneys:natural_cobweb":8,"minecraft:copper_ore":33,"minecraft:cobblestone":2,"minecraft:lapis_ore":2,"minecraft:deepslate_coal_ore":12,"minecraft:spruce_leaves":6,"minecraft:deepslate_gold_ore":1,"minecraft:moss_block":10,"minecraft:oak_planks":6,"minecraft:deepslate_copper_ore":2,"minecraft:furnace":2,"minecraft:iron_ore":34,"minecraft:cobbled_deepslate":12,"minecraft:andesite":42,"minecraft:deepslate_lapis_ore":2,"k_turrets:titanium_ore":28,"minecraft:oak_log":14,"minecraft:coal_ore":70,"minecraft:cave_vines":1,"projectvibrantjourneys:short_grass":6,"minecraft:deepslate_iron_ore":8,"minecraft:stone_bricks":2,"minecraft:stone":157,"minecraft:oak_leaves":1,"farmersdelight:wild_potatoes":13,"minecraft:deepslate":57},"minecraft:used":{"minecraft:calcite":12,"minecraft:moss_block":5,"minecraft:cooked_mutton":4,"minecraft:moss_carpet":2,"minecraft:stone_pickaxe":132,"minecraft:oak_planks":91,"minecraft:decorated_pot":1,"minecraft:wooden_pickaxe":6,"minecraft:rotten_flesh":13,"minecraft:oak_door":1,"create:ochrum":2,"minecraft:mutton":3,"minecraft:crafting_table":4,"minecraft:apple":4,"minecraft:bread":9,"minecraft:iron_pickaxe":409,"marbledsarsenal:police_baton":190,"minecraft:stone_bricks":2,"minecraft:stone_axe":15,"minecraft:cobblestone":32,"minecraft:beef":3,"minecraft:sweet_berries":51,"minecraft:porkchop":4,"minecraft:furnace":3,"minecraft:oak_sapling":1,"minecraft:bucket":1,"minecraft:andesite":42,"minecraft:cooked_beef":6,"minecraft:cobbled_deepslate":69,"minecraft:potato":6},"minecraft:crafted":{"minecraft:cooked_beef":6,"minecraft:oak_door":3,"minecraft:oak_planks":120,"sophisticatedbackpacks:backpack":1,"minecraft:crafting_table":3,"minecraft:wooden_pickaxe":1,"minecraft:furnace":2,"minecraft:bucket":1,"minecraft:stone_axe":1,"minecraft:air":0,"minecraft:iron_ingot":15,"minecraft:iron_pickaxe":2,"minecraft:stone_pickaxe":1,"minecraft:chest":1,"sophisticatedbackpacks:iron_backpack":1},"minecraft:dropped":{"minecraft:moss_carpet":1,"minecraft:porkchop":5,"minecraft:decorated_pot":1,"minecraft:cobblestone":1,"minecraft:rotten_flesh":37,"projectvibrantjourneys:orange_bark_mushroom":5,"minecraft:coal":1,"projectvibrantjourneys:rocks":1,"projectvibrantjourneys:light_brown_bark_mushroom":1,"minecraft:shield":1,"minecraft:oak_sapling":54,"minecraft:spider_eye":1,"projectvibrantjourneys:pinecones":1,"minecraft:phantom_membrane":1,"minecraft:string":1,"minecraft:redstone":2},"minecraft:picked_up":{"minecraft:crafting_table":2,"minecraft:clay_ball":48,"minecraft:andesite":42,"minecraft:leather":4,"minecraft:potato":12,"create:raw_zinc":18,"minecraft:oak_log":90,"minecraft:shield":1,"minecraft:gunpowder":8,"projectvibrantjourneys:rocks":1,"minecraft:lapis_lazuli":21,"minecraft:string":12,"minecraft:moss_carpet":3,"minecraft:raw_copper":127,"minecraft:cooked_mutton":4,"minecraft:bone":4,"minecraft:apple":4,"minecraft:stone_bricks":2,"minecraft:cobbled_deepslate":69,"minecraft:raw_gold":1,"minecraft:iron_ingot":2,"minecraft:beef":3,"minecraft:calcite":12,"minecraft:moss_block":5,"minecraft:oak_planks":6,"minecraft:phantom_membrane":1,"minecraft:furnace":2,"projectvibrantjourneys:light_brown_bark_mushroom":1,"minecraft:stick":34,"minecraft:raw_iron":53,"minecraft:sweet_berries":51,"psg:raw_potassium":30,"effortlessbuilding:muscles":1,"minecraft:porkchop":9,"pointblank:gunmetal_nugget":12,"psg:sulphur":48,"minecraft:spruce_sapling":8,"minecraft:redstone":2,"minecraft:spider_eye":1,"minecraft:rotten_flesh":51,"minecraft:diamond":8,"minecraft:decorated_pot":2,"create:ochrum":2,"k_turrets:raw_titanium":32,"minecraft:mutton":3,"projectvibrantjourneys:orange_bark_mushroom":5,"minecraft:oak_sapling":55,"minecraft:white_wool":1,"projectvibrantjourneys:pinecones":1,"minecraft:coal":102,"minecraft:cobblestone":164},"minecraft:custom":{"minecraft:interact_with_furnace":28,"minecraft:mob_kills":49,"minecraft:interact_with_crafting_table":16,"minecraft:damage_dealt_resisted":140,"minecraft:leave_game":2,"minecraft:time_since_death":103119,"minecraft:climb_one_cm":488,"minecraft:time_since_rest":103119,"minecraft:sprint_one_cm":269852,"minecraft:damage_taken":584,"minecraft:walk_one_cm":163987,"minecraft:drop":20,"minecraft:damage_dealt":8512,"minecraft:swim_one_cm":34966,"minecraft:fly_one_cm":423205,"minecraft:open_chest":13,"minecraft:crouch_one_cm":33160,"minecraft:play_time":103119,"minecraft:sneak_time":15375,"minecraft:walk_under_water_one_cm":8614,"minecraft:jump":2270,"minecraft:walk_on_water_one_cm":14972,"minecraft:total_world_time":103119,"minecraft:fall_one_cm":56749}},"DataVersion":3465}