{"stats":{"minecraft:killed":{"alexsmobs:seagull":1,"alexsmobs:sugar_glider":1,"ecologics:coconut_crab":1,"minecraft:pig":1,"alexsmobs:grizzly_bear":2,"minecraft:sheep":1,"minecraft:zombie":42,"alexsmobs:crow":1},"minecraft:broken":{"minecraft:stone_pickaxe":1,"minecraft:iron_pickaxe":1},"minecraft:mined":{"create:deepslate_zinc_ore":18,"minecraft:deepslate_diamond_ore":8,"psg:sulphur_ore":3,"minecraft:cave_vines_plant":1,"minecraft:decorated_pot":1,"create:ochrum":2,"ecologics:coconut_log":1,"minecraft:spruce_leaves":7,"minecraft:moss_block":10,"minecraft:hay_block":15,"minecraft:furnace":2,"minecraft:iron_ore":34,"minecraft:cobbled_deepslate":12,"minecraft:andesite":42,"minecraft:black_concrete":1,"minecraft:deepslate_lapis_ore":2,"minecraft:cave_vines":1,"minecraft:deepslate_iron_ore":8,"minecraft:stone":157,"minecraft:spruce_slab":1,"farmersdelight:wild_potatoes":13,"create:white_seat":1,"psg:potassium_ore":15,"minecraft:orange_terracotta":4,"psg:deepslate_sulphur_ore":6,"minecraft:crafting_table":3,"minecraft:clay":11,"minecraft:calcite":12,"projectvibrantjourneys:natural_cobweb":10,"minecraft:copper_ore":33,"minecraft:cobblestone":2,"minecraft:deepslate_coal_ore":12,"minecraft:deepslate_gold_ore":1,"minecraft:lapis_ore":2,"minecraft:oak_planks":6,"minecraft:deepslate_copper_ore":2,"k_turrets:titanium_ore":28,"minecraft:coal_ore":70,"minecraft:oak_log":14,"projectvibrantjourneys:short_grass":6,"minecraft:stone_bricks":2,"minecraft:oak_leaves":1,"minecraft:deepslate":57,"minecraft:fern":2},"minecraft:used":{"minecraft:moss_block":5,"minecraft:moss_carpet":2,"minecraft:spruce_slab":5,"minecraft:decorated_pot":1,"minecraft:rotten_flesh":13,"minecraft:oak_door":1,"create:ochrum":2,"minecraft:mutton":3,"projectvibrantjourneys:seashells":6,"projectvibrantjourneys:bones":1,"minecraft:spruce_boat":5,"minecraft:lava_bucket":2,"marbledsarsenal:police_baton":207,"minecraft:stone_bricks":2,"minecraft:beef":3,"minecraft:sweet_berries":54,"minecraft:oak_sapling":1,"minecraft:furnace":3,"minecraft:cooked_beef":8,"minecraft:potato":6,"minecraft:cobbled_deepslate":69,"minecraft:orange_terracotta":4,"minecraft:calcite":12,"minecraft:cooked_mutton":6,"minecraft:stone_pickaxe":132,"minecraft:oak_planks":91,"minecraft:wooden_pickaxe":6,"minecraft:crafting_table":4,"minecraft:white_bed":1,"minecraft:spruce_log":2,"projectvibrantjourneys:dead_fallen_leaves":1,"minecraft:black_concrete":1,"minecraft:apple":4,"minecraft:bread":9,"minecraft:iron_pickaxe":414,"minecraft:stone_axe":16,"ecologics:coconut_slice":8,"minecraft:cobblestone":34,"ecologics:coconut_log":6,"minecraft:porkchop":4,"minecraft:andesite":42,"minecraft:bucket":3},"minecraft:crafted":{"minecraft:oak_door":3,"minecraft:oak_planks":120,"minecraft:furnace":2,"minecraft:stone_pickaxe":1,"minecraft:chest":1,"sophisticatedbackpacks:iron_backpack":1,"minecraft:cooked_beef":6,"sophisticatedbackpacks:backpack":1,"minecraft:crafting_table":3,"minecraft:wooden_pickaxe":1,"minecraft:bucket":1,"minecraft:stone_axe":1,"minecraft:air":0,"minecraft:iron_ingot":15,"minecraft:iron_pickaxe":2},"minecraft:dropped":{"minecraft:porkchop":5,"minecraft:wheat_seeds":1,"minecraft:decorated_pot":1,"minecraft:cobblestone":1,"projectvibrantjourneys:orange_bark_mushroom":5,"minecraft:coal":1,"projectvibrantjourneys:rocks":1,"minecraft:phantom_membrane":1,"minecraft:string":1,"minecraft:lily_pad":1,"projectvibrantjourneys:bark_mushroom":1,"minecraft:redstone":2,"minecraft:moss_carpet":1,"minecraft:rotten_flesh":43,"projectvibrantjourneys:light_brown_bark_mushroom":6,"minecraft:spruce_boat":1,"minecraft:shield":1,"ecologics:coconut_husk":9,"minecraft:oak_sapling":54,"minecraft:spider_eye":1,"minecraft:spruce_slab":4,"projectvibrantjourneys:pinecones":1},"minecraft:picked_up":{"minecraft:crafting_table":2,"minecraft:clay_ball":48,"minecraft:shield":1,"minecraft:string":14,"minecraft:moss_carpet":3,"minecraft:raw_copper":127,"minecraft:cobbled_deepslate":69,"minecraft:beef":3,"create:white_seat":1,"minecraft:calcite":12,"minecraft:spruce_slab":9,"minecraft:phantom_membrane":1,"ecologics:crab_claw":1,"minecraft:furnace":2,"minecraft:stick":61,"minecraft:raw_iron":53,"ecologics:coconut_slice":20,"projectvibrantjourneys:bark_mushroom":1,"ecologics:coconut_seedling":3,"pointblank:gunmetal_nugget":12,"minecraft:porkchop":9,"effortlessbuilding:muscles":1,"psg:sulphur":48,"minecraft:redstone":2,"projectvibrantjourneys:seashells":6,"minecraft:rotten_flesh":56,"minecraft:decorated_pot":2,"minecraft:hay_block":15,"create:ochrum":2,"k_turrets:raw_titanium":32,"ecologics:coconut_log":44,"minecraft:mutton":3,"minecraft:cobblestone":164,"minecraft:white_wool":3,"minecraft:cooked_beef":2,"minecraft:andesite":42,"minecraft:leather":4,"minecraft:potato":12,"minecraft:lily_pad":1,"create:raw_zinc":18,"minecraft:oak_log":90,"minecraft:gunpowder":8,"projectvibrantjourneys:rocks":1,"minecraft:lapis_lazuli":21,"minecraft:orange_terracotta":4,"minecraft:cooked_mutton":7,"minecraft:bone":4,"minecraft:apple":4,"minecraft:stone_bricks":2,"minecraft:wheat_seeds":1,"minecraft:raw_gold":1,"minecraft:iron_ingot":2,"minecraft:moss_block":5,"minecraft:oak_planks":6,"projectvibrantjourneys:light_brown_bark_mushroom":6,"minecraft:sweet_berries":54,"psg:raw_potassium":30,"projectvibrantjourneys:bones":1,"ecologics:coconut_husk":1,"minecraft:spruce_sapling":8,"minecraft:white_bed":1,"minecraft:spruce_log":130,"projectvibrantjourneys:dead_fallen_leaves":1,"minecraft:spider_eye":1,"minecraft:diamond":8,"minecraft:spruce_boat":6,"minecraft:black_concrete":1,"projectvibrantjourneys:orange_bark_mushroom":5,"minecraft:oak_sapling":55,"minecraft:coal":102,"projectvibrantjourneys:pinecones":1},"minecraft:custom":{"minecraft:mob_kills":52,"minecraft:interact_with_crafting_table":17,"minecraft:damage_dealt_resisted":140,"minecraft:leave_game":2,"minecraft:time_since_death":133119,"minecraft:climb_one_cm":488,"minecraft:sprint_one_cm":331974,"minecraft:walk_one_cm":199418,"minecraft:drop":33,"minecraft:play_time":133119,"minecraft:sneak_time":15428,"minecraft:walk_under_water_one_cm":10372,"minecraft:boat_one_cm":322353,"minecraft:jump":2677,"minecraft:walk_on_water_one_cm":19325,"minecraft:total_world_time":133119,"minecraft:interact_with_furnace":28,"minecraft:sleep_in_bed":1,"minecraft:time_since_rest":17616,"minecraft:damage_taken":835,"minecraft:damage_dealt":9117,"minecraft:swim_one_cm":39616,"minecraft:fly_one_cm":498257,"minecraft:open_chest":13,"minecraft:crouch_one_cm":33198,"minecraft:fall_one_cm":69561}},"DataVersion":3465}