{"stats":{"minecraft:killed_by":{"hordes:zombie_player":1},"minecraft:picked_up":{"projectvibrantjourneys:light_brown_bark_mushroom":1,"marbledsarsenal:police_baton":3,"psg:raw_potassium":8,"psg:sulphur":62,"pointblank:gunmetal_nugget":4,"minecraft:spruce_log":11,"alexsmobs:animal_dictionary":2,"marbledsarsenal:cm6m_gas_mask":3,"minecraft:string":1,"minecraft:dirt":2,"pointblank:ammo45acp":192,"pointblank:m1911a1":3,"minecraft:leather_boots":3,"minecraft:wheat_seeds":2,"minecraft:bread":27,"projectvibrantjourneys:twigs":14,"minecraft:coal":23,"minecraft:cobblestone":21},"minecraft:used":{"minecraft:stone_pickaxe":51,"minecraft:wooden_pickaxe":20,"marbledsarsenal:police_baton":7,"minecraft:dirt":2,"minecraft:crafting_table":2,"minecraft:spruce_log":2},"minecraft:crafted":{"minecraft:crafting_table":2,"minecraft:spruce_planks":36,"minecraft:stick":14,"minecraft:wooden_pickaxe":1,"minecraft:stone_pickaxe":1},"minecraft:custom":{"minecraft:time_since_rest":15530,"minecraft:interact_with_furnace":1,"minecraft:sprint_one_cm":36929,"minecraft:damage_taken":276,"minecraft:walk_one_cm":27397,"minecraft:mob_kills":2,"minecraft:drop":15,"minecraft:damage_dealt":452,"minecraft:interact_with_crafting_table":2,"minecraft:fly_one_cm":70872,"minecraft:open_chest":1,"minecraft:crouch_one_cm":2340,"minecraft:play_time":16936,"minecraft:deaths":2,"minecraft:sneak_time":1088,"minecraft:jump":274,"minecraft:damage_dealt_resisted":30,"minecraft:walk_on_water_one_cm":57,"minecraft:time_since_death":15502,"minecraft:total_world_time":16936,"minecraft:fall_one_cm":6806},"minecraft:killed":{"minecraft:zombie":1},"minecraft:dropped":{"minecraft:bread":18,"projectvibrantjourneys:light_brown_bark_mushroom":1,"alexsmobs:animal_dictionary":1,"marbledsarsenal:police_baton":2,"minecraft:leather_boots":2,"minecraft:wooden_pickaxe":1,"pointblank:m1911a1":2,"pointblank:ammo45acp":128,"marbledsarsenal:cm6m_gas_mask":2},"minecraft:mined":{"minecraft:spruce_log":11,"psg:sulphur_ore":14,"minecraft:grass":1,"minecraft:coal_ore":23,"projectvibrantjourneys:short_grass":1,"minecraft:dirt":2,"minecraft:stone":21,"minecraft:fern":1}},"DataVersion":3465}