{"stats":{"minecraft:killed":{"minecraft:zombie":1},"minecraft:crafted":{"minecraft:oak_door":3,"minecraft:oak_planks":40,"minecraft:crafting_table":1,"minecraft:iron_ingot":4,"minecraft:wooden_pickaxe":1,"minecraft:iron_pickaxe":1,"minecraft:stone_pickaxe":1,"minecraft:furnace":1,"minecraft:stone_axe":1,"minecraft:air":0},"minecraft:mined":{"create:deepslate_zinc_ore":2,"minecraft:furnace":1,"minecraft:deepslate_diamond_ore":6,"minecraft:iron_ore":23,"psg:potassium_ore":3,"psg:deepslate_sulphur_ore":6,"psg:sulphur_ore":2,"minecraft:crafting_table":2,"k_turrets:titanium_ore":19,"minecraft:oak_log":14,"minecraft:coal_ore":35,"minecraft:cave_vines":1,"projectvibrantjourneys:short_grass":3,"minecraft:deepslate_iron_ore":4,"minecraft:copper_ore":9,"minecraft:deepslate_coal_ore":12,"minecraft:deepslate_gold_ore":1,"minecraft:stone":15,"minecraft:deepslate":3,"minecraft:oak_leaves":1,"farmersdelight:wild_potatoes":6},"minecraft:picked_up":{"projectvibrantjourneys:light_brown_bark_mushroom":1,"minecraft:raw_iron":38,"minecraft:stick":34,"minecraft:crafting_table":1,"minecraft:clay_ball":4,"psg:raw_potassium":6,"minecraft:potato":5,"minecraft:porkchop":5,"psg:sulphur":43,"minecraft:oak_log":90,"minecraft:spruce_sapling":8,"minecraft:redstone":2,"projectvibrantjourneys:rocks":1,"minecraft:raw_copper":31,"minecraft:bone":1,"minecraft:rotten_flesh":3,"minecraft:apple":4,"minecraft:diamond":6,"minecraft:cobbled_deepslate":3,"minecraft:raw_gold":1,"k_turrets:raw_titanium":22,"minecraft:iron_ingot":2,"projectvibrantjourneys:orange_bark_mushroom":5,"minecraft:oak_sapling":55,"minecraft:coal":66,"minecraft:cobblestone":21,"minecraft:furnace":1},"minecraft:custom":{"minecraft:time_since_rest":29502,"minecraft:interact_with_furnace":4,"minecraft:sprint_one_cm":105733,"minecraft:damage_taken":159,"minecraft:walk_one_cm":61053,"minecraft:mob_kills":1,"minecraft:drop":6,"minecraft:damage_dealt":745,"minecraft:swim_one_cm":18272,"minecraft:interact_with_crafting_table":6,"minecraft:fly_one_cm":150303,"minecraft:crouch_one_cm":3907,"minecraft:play_time":29502,"minecraft:sneak_time":1941,"minecraft:walk_under_water_one_cm":7697,"minecraft:jump":844,"minecraft:walk_on_water_one_cm":11220,"minecraft:time_since_death":29502,"minecraft:climb_one_cm":124,"minecraft:total_world_time":29502,"minecraft:fall_one_cm":23271},"minecraft:used":{"minecraft:iron_pickaxe":22,"minecraft:bread":8,"minecraft:stone_pickaxe":114,"minecraft:oak_planks":12,"minecraft:wooden_pickaxe":6,"marbledsarsenal:police_baton":9,"minecraft:oak_door":1,"minecraft:stone_axe":8,"minecraft:cobblestone":4,"minecraft:crafting_table":2,"minecraft:furnace":1,"minecraft:oak_sapling":1},"minecraft:dropped":{"projectvibrantjourneys:light_brown_bark_mushroom":1,"minecraft:oak_sapling":54,"projectvibrantjourneys:orange_bark_mushroom":5,"minecraft:redstone":1}},"DataVersion":3465}