{"stats":{"minecraft:killed_by":{"hordes:zombie_player":1},"minecraft:broken":{"minecraft:stone_axe":1},"minecraft:picked_up":{"minecraft:birch_log":2,"minecraft:crafting_table":1,"projectvibrantjourneys:fallen_leaves":7,"ecologics:seashell":3,"minecraft:oak_log":111,"minecraft:shield":1,"minecraft:gunpowder":1,"marbledsarsenal:cm6m_gas_mask":3,"minecraft:dirt":22,"minecraft:string":1,"minecraft:raw_copper":41,"minecraft:leather_boots":3,"minecraft:apple":4,"minecraft:wheat_seeds":18,"minecraft:chest":1,"pointblank:workstation":3,"minecraft:furnace":1,"projectvibrantjourneys:light_brown_bark_mushroom":1,"minecraft:oak_slab":22,"minecraft:stick":9,"minecraft:raw_iron":4,"marbledsarsenal:police_baton":3,"psg:raw_potassium":8,"minecraft:torch":1,"minecraft:dandelion":18,"pointblank:gunmetal_nugget":4,"psg:sulphur":74,"minecraft:spruce_sapling":1,"minecraft:blast_furnace":1,"minecraft:spruce_log":38,"alexsmobs:animal_dictionary":2,"pointblank:m1911a1":3,"pointblank:ammo45acp":192,"minecraft:rotten_flesh":1,"minecraft:stone_axe":1,"k_turrets:raw_titanium":2,"minecraft:bread":27,"minecraft:oak_sapling":12,"projectvibrantjourneys:twigs":14,"minecraft:coal":37,"minecraft:cobblestone":29},"minecraft:used":{"minecraft:stone_pickaxe":101,"minecraft:chest":4,"minecraft:wooden_pickaxe":20,"minecraft:torch":37,"minecraft:dirt":19,"minecraft:oak_slab":370,"minecraft:crafting_table":2,"minecraft:blast_furnace":1,"ecologics:seashell":1,"minecraft:spruce_log":7,"minecraft:oak_log":26,"minecraft:bread":1,"marbledsarsenal:police_baton":13,"minecraft:stone_axe":131,"pointblank:workstation":3,"minecraft:cobblestone":17},"minecraft:crafted":{"minecraft:oak_slab":348,"minecraft:oak_planks":176,"minecraft:crafting_table":2,"minecraft:spruce_planks":36,"minecraft:wooden_pickaxe":1,"minecraft:air":0,"minecraft:stick":14,"minecraft:iron_ingot":5,"minecraft:stone_pickaxe":1,"minecraft:chest":3,"minecraft:torch":36},"minecraft:custom":{"minecraft:interact_with_furnace":4,"minecraft:mob_kills":4,"minecraft:interact_with_crafting_table":12,"minecraft:damage_dealt_resisted":30,"minecraft:time_since_death":63502,"minecraft:sleep_in_bed":3,"minecraft:time_since_rest":1481,"minecraft:sprint_one_cm":181786,"minecraft:damage_taken":594,"minecraft:walk_one_cm":108097,"minecraft:drop":26,"minecraft:damage_dealt":693,"minecraft:fly_one_cm":259772,"minecraft:open_chest":21,"minecraft:crouch_one_cm":31384,"minecraft:play_time":64936,"minecraft:deaths":2,"minecraft:sneak_time":8633,"minecraft:boat_one_cm":19884,"minecraft:jump":1192,"minecraft:interact_with_blast_furnace":3,"minecraft:walk_on_water_one_cm":206,"minecraft:total_world_time":64936,"minecraft:fall_one_cm":31289},"minecraft:killed":{"minecraft:zombie":2},"minecraft:dropped":{"minecraft:bread":18,"projectvibrantjourneys:birch_hollow_log":1,"minecraft:wheat_seeds":16,"alexsmobs:animal_dictionary":1,"marbledsarsenal:police_baton":2,"minecraft:cobblestone":9,"minecraft:rotten_flesh":1,"projectvibrantjourneys:light_brown_bark_mushroom":1,"projectvibrantjourneys:fallen_leaves":7,"minecraft:leather_boots":2,"minecraft:oak_sapling":1,"minecraft:wooden_pickaxe":1,"ecologics:seashell":2,"minecraft:string":1,"pointblank:m1911a1":2,"pointblank:ammo45acp":128,"minecraft:dandelion":18,"marbledsarsenal:cm6m_gas_mask":2},"minecraft:mined":{"minecraft:oak_slab":25,"minecraft:dandelion":17,"projectvibrantjourneys:rocks":3,"psg:sulphur_ore":18,"minecraft:torch":1,"projectvibrantjourneys:twigs":3,"minecraft:blast_furnace":1,"minecraft:grass_block":12,"minecraft:cobblestone":1,"minecraft:copper_ore":12,"minecraft:tall_grass":1,"minecraft:spruce_leaves":7,"projectvibrantjourneys:fallen_leaves":7,"minecraft:furnace":1,"ecologics:seashell":2,"minecraft:birch_log":2,"minecraft:iron_ore":4,"minecraft:spruce_log":38,"minecraft:birch_leaves":1,"minecraft:grass":2,"k_turrets:titanium_ore":2,"minecraft:coal_ore":38,"minecraft:oak_log":108,"projectvibrantjourneys:short_grass":85,"minecraft:dirt":22,"pointblank:workstation":3,"minecraft:stone":28,"minecraft:oak_leaves":9,"minecraft:fern":10}},"DataVersion":3465}