{"stats":{"minecraft:killed_by":{"hordes:zombie_player":1},"minecraft:picked_up":{"minecraft:birch_log":2,"minecraft:crafting_table":1,"projectvibrantjourneys:fallen_leaves":7,"ecologics:seashell":3,"minecraft:oak_log":111,"minecraft:shield":1,"minecraft:gunpowder":1,"marbledsarsenal:cm6m_gas_mask":3,"minecraft:dirt":202,"minecraft:string":1,"minecraft:raw_copper":58,"minecraft:leather_boots":3,"minecraft:apple":4,"minecraft:wheat_seeds":18,"minecraft:chest":1,"pointblank:workstation":3,"minecraft:furnace":1,"projectvibrantjourneys:light_brown_bark_mushroom":1,"minecraft:oak_slab":22,"minecraft:stick":9,"minecraft:raw_iron":4,"marbledsarsenal:police_baton":3,"psg:raw_potassium":8,"minecraft:oak_fence":1,"minecraft:torch":4,"minecraft:dandelion":18,"pointblank:gunmetal_nugget":4,"psg:sulphur":74,"minecraft:spruce_sapling":1,"minecraft:blast_furnace":1,"minecraft:spruce_log":38,"alexsmobs:animal_dictionary":2,"pointblank:m1911a1":3,"pointblank:ammo45acp":192,"minecraft:stone_shovel":1,"minecraft:rotten_flesh":1,"minecraft:stone_axe":1,"k_turrets:raw_titanium":2,"minecraft:bread":27,"minecraft:oak_sapling":12,"projectvibrantjourneys:twigs":14,"minecraft:coal":37,"minecraft:cobblestone":176},"minecraft:broken":{"minecraft:stone_pickaxe":1,"minecraft:stone_axe":1,"minecraft:stone_shovel":1},"minecraft:used":{"minecraft:oak_fence":7,"minecraft:cobblestone_stairs":8,"minecraft:stone_shovel":173,"minecraft:stone_pickaxe":254,"minecraft:chest":4,"minecraft:wooden_pickaxe":20,"minecraft:torch":40,"minecraft:dirt":35,"minecraft:oak_slab":370,"minecraft:crafting_table":2,"minecraft:blast_furnace":1,"ecologics:seashell":1,"minecraft:spruce_log":7,"minecraft:oak_log":26,"minecraft:bread":3,"marbledsarsenal:police_baton":13,"minecraft:stone_axe":131,"pointblank:workstation":3,"minecraft:cobblestone":94,"minecraft:furnace":1},"minecraft:crafted":{"minecraft:oak_slab":348,"minecraft:oak_planks":184,"minecraft:stone_shovel":1,"minecraft:crafting_table":2,"minecraft:spruce_planks":36,"minecraft:wooden_pickaxe":1,"minecraft:cobblestone_stairs":8,"minecraft:air":0,"minecraft:stick":14,"minecraft:iron_ingot":5,"minecraft:stone_pickaxe":2,"minecraft:chest":3,"minecraft:torch":36,"minecraft:oak_fence":6},"minecraft:custom":{"minecraft:interact_with_furnace":4,"minecraft:mob_kills":4,"minecraft:interact_with_crafting_table":16,"minecraft:damage_dealt_resisted":30,"minecraft:time_since_death":75502,"minecraft:sleep_in_bed":3,"minecraft:time_since_rest":13481,"minecraft:sprint_one_cm":200007,"minecraft:damage_taken":604,"minecraft:walk_one_cm":151971,"minecraft:drop":27,"minecraft:damage_dealt":693,"minecraft:fly_one_cm":279753,"minecraft:open_chest":27,"minecraft:crouch_one_cm":37869,"minecraft:play_time":76936,"minecraft:deaths":2,"minecraft:sneak_time":10202,"minecraft:boat_one_cm":19884,"minecraft:jump":1322,"minecraft:interact_with_blast_furnace":3,"minecraft:walk_on_water_one_cm":206,"minecraft:total_world_time":76936,"minecraft:fall_one_cm":33418},"minecraft:killed":{"minecraft:zombie":2},"minecraft:dropped":{"minecraft:bread":18,"projectvibrantjourneys:birch_hollow_log":1,"minecraft:wheat_seeds":16,"alexsmobs:animal_dictionary":1,"marbledsarsenal:police_baton":2,"minecraft:cobblestone":9,"minecraft:rotten_flesh":1,"minecraft:dirt":56,"projectvibrantjourneys:light_brown_bark_mushroom":1,"projectvibrantjourneys:fallen_leaves":7,"minecraft:leather_boots":2,"minecraft:oak_sapling":1,"minecraft:wooden_pickaxe":1,"ecologics:seashell":2,"minecraft:string":1,"pointblank:m1911a1":2,"pointblank:ammo45acp":128,"minecraft:dandelion":18,"marbledsarsenal:cm6m_gas_mask":2},"minecraft:mined":{"minecraft:oak_slab":25,"minecraft:dandelion":17,"minecraft:oak_fence":1,"projectvibrantjourneys:rocks":3,"psg:sulphur_ore":18,"minecraft:torch":1,"projectvibrantjourneys:twigs":3,"minecraft:blast_furnace":1,"minecraft:grass_block":23,"minecraft:cobblestone":3,"minecraft:copper_ore":17,"minecraft:tall_grass":1,"minecraft:spruce_leaves":7,"projectvibrantjourneys:fallen_leaves":7,"minecraft:wall_torch":1,"minecraft:furnace":1,"ecologics:seashell":2,"minecraft:birch_log":2,"minecraft:iron_ore":4,"minecraft:spruce_log":38,"minecraft:birch_leaves":1,"minecraft:grass":2,"k_turrets:titanium_ore":2,"minecraft:coal_ore":38,"minecraft:oak_log":108,"projectvibrantjourneys:short_grass":85,"minecraft:dirt":192,"pointblank:workstation":3,"minecraft:stone":174,"minecraft:oak_leaves":9,"minecraft:fern":10}},"DataVersion":3465}