{"stats":{"minecraft:mined":{"minecraft:iron_ore":3,"psg:sulphur_ore":2,"minecraft:crafting_table":1,"k_turrets:titanium_ore":19,"minecraft:oak_log":14,"minecraft:coal_ore":31,"projectvibrantjourneys:short_grass":3,"minecraft:deepslate_iron_ore":4,"minecraft:deepslate_coal_ore":12,"minecraft:stone":8,"minecraft:oak_leaves":1,"farmersdelight:wild_potatoes":6},"minecraft:crafted":{"minecraft:oak_planks":24,"minecraft:crafting_table":1,"minecraft:wooden_pickaxe":1,"minecraft:stone_pickaxe":1,"minecraft:stone_axe":1},"minecraft:picked_up":{"projectvibrantjourneys:light_brown_bark_mushroom":1,"minecraft:raw_iron":11,"minecraft:stick":34,"minecraft:crafting_table":1,"minecraft:potato":5,"psg:sulphur":8,"minecraft:oak_log":90,"minecraft:spruce_sapling":8,"minecraft:rotten_flesh":1,"minecraft:apple":4,"k_turrets:raw_titanium":22,"projectvibrantjourneys:orange_bark_mushroom":5,"minecraft:oak_sapling":55,"minecraft:coal":50,"minecraft:cobblestone":14},"minecraft:custom":{"minecraft:time_since_rest":17502,"minecraft:sprint_one_cm":76983,"minecraft:damage_taken":159,"minecraft:walk_one_cm":36238,"minecraft:drop":5,"minecraft:damage_dealt":556,"minecraft:swim_one_cm":1803,"minecraft:interact_with_crafting_table":2,"minecraft:fly_one_cm":114125,"minecraft:crouch_one_cm":1238,"minecraft:play_time":17502,"minecraft:sneak_time":721,"minecraft:walk_under_water_one_cm":1334,"minecraft:jump":577,"minecraft:walk_on_water_one_cm":1739,"minecraft:time_since_death":17502,"minecraft:total_world_time":17502,"minecraft:fall_one_cm":17187},"minecraft:used":{"minecraft:bread":5,"minecraft:stone_pickaxe":73,"minecraft:wooden_pickaxe":6,"marbledsarsenal:police_baton":5,"minecraft:stone_axe":7,"minecraft:cobblestone":4,"minecraft:crafting_table":1,"minecraft:oak_sapling":1},"minecraft:dropped":{"projectvibrantjourneys:light_brown_bark_mushroom":1,"minecraft:oak_sapling":54,"projectvibrantjourneys:orange_bark_mushroom":5}},"DataVersion":3465}