{"stats":{"minecraft:mined":{"minecraft:soul_sand":2,"regions_unexplored:cattail":1,"minecraft:blast_furnace":2,"modern_industrialization:lignite_coal_ore":64,"minecraft:tall_grass":1,"minecraft:soul_soil":2,"minecraft:copper_ore":10,"minecraft:cyan_bed":2,"minecraft:sugar_cane":10,"minecraft:oak_planks":6,"techreborn:tin_ore":22,"minecraft:large_fern":2,"minecraft:hay_block":8,"minecraft:furnace":4,"minecraft:birch_leaves":1,"treechop:chopped_log":4,"minecraft:anvil":1,"croptopia:peach_crop":2,"minecraft:grass":3,"minecraft:bookshelf":11,"minecraft:oak_log":1,"minecraft:coal_ore":28,"bewitchment:salt_ore":16,"minecraft:gravel":1,"minecraft:stone":61,"minecraft:bone_block":33},"minecraft:picked_up":{"techreborn:raw_tin":22,"minecraft:iron_chestplate":1,"modern_industrialization:lignite_coal":64,"minecraft:anvil":1,"minecraft:leather_leggings":1,"minecraft:leather":2,"minecraft:brown_mushroom":5,"minecraft:red_mushroom":2,"minecraft:oak_log":23,"minecraft:chainmail_chestplate":1,"minecraft:lily_pad":1,"supplementaries:flax_seeds":1,"bewitchment:aconite_seeds":1,"minecraft:raw_copper":33,"minecraft:armor_stand":1,"minecraft:oak_sign":1,"minecraft:apple":1,"minecraft:iron_ingot":14,"minecraft:beef":3,"minecraft:rose_bush":3,"minecraft:poppy":4,"twigs:twig":10,"minecraft:sugar_cane":31,"minecraft:oak_planks":29,"minecraft:furnace":4,"minecraft:book":33,"minecraft:gravel":1,"bewitchment:salt":26,"minecraft:blast_furnace":2,"minecraft:cyan_bed":2,"ae2:sky_stone_block":1,"regions_unexplored:cattail":1,"minecraft:stone_sword":1,"minecraft:rotten_flesh":14,"minecraft:hay_block":8,"minecraft:oak_sapling":23,"minecraft:coal":28,"minecraft:bone_block":33,"minecraft:cobblestone":62},"minecraft:used":{"minecraft:water_bucket":26,"minecraft:leather_leggings":1,"minecraft:stone_sword":119,"minecraft:stone_pickaxe":183,"minecraft:baked_potato":1,"minecraft:oak_planks":5,"minecraft:wooden_pickaxe":59,"minecraft:torch":24,"minecraft:crafting_table":5,"minecraft:blast_furnace":2,"minecraft:firework_rocket":5,"minecraft:bread":12,"minecraft:cyan_bed":1,"minecraft:map":1,"ae2:sky_stone_block":1,"minecraft:gravel":1,"minecraft:cobblestone":20,"minecraft:bucket":26},"minecraft:broken":{"minecraft:stone_pickaxe":2,"minecraft:wooden_pickaxe":1},"minecraft:killed":{"graveyard:ghoul":2,"graveyard:skeleton_creeper":1,"minecraft:vindicator":1,"minecraft:iron_golem":3,"minecraft:zombie":1,"minecraft:cow":1},"minecraft:custom":{"lootr:looted_stat":30,"minecraft:mob_kills":10,"minecraft:interact_with_crafting_table":12,"minecraft:open_barrel":7,"minecraft:damage_dealt_resisted":0,"minecraft:leave_game":4,"minecraft:time_since_death":33988,"minecraft:sleep_in_bed":1,"minecraft:climb_one_cm":6982,"minecraft:hex":0,"minecraft:time_since_rest":34018,"minecraft:sprint_one_cm":175829,"minecraft:damage_taken":943,"minecraft:walk_one_cm":108512,"minecraft:drop":17,"minecraft:damage_dealt":3101,"minecraft:swim_one_cm":5925,"minecraft:talked_to_villager":1,"minecraft:fly_one_cm":217754,"minecraft:crouch_one_cm":2229,"minecraft:play_time":67309,"minecraft:deaths":1,"minecraft:sneak_time":1753,"minecraft:walk_under_water_one_cm":9490,"minecraft:jump":1066,"minecraft:interact_with_blast_furnace":7,"minecraft:walk_on_water_one_cm":11669,"minecraft:total_world_time":67309,"minecraft:fall_one_cm":33634},"minecraft:dropped":{"minecraft:brown_mushroom":1,"minecraft:rotten_flesh":14,"minecraft:oak_planks":23,"minecraft:oak_sign":1,"minecraft:red_mushroom":2,"minecraft:chainmail_chestplate":1,"minecraft:emerald":2,"bewitchment:aconite_seeds":1,"supplementaries:flax_seeds":1,"minecraft:hay_block":8,"minecraft:rose_bush":3,"minecraft:oak_sapling":23,"minecraft:paper":1},"minecraft:crafted":{"minecraft:oak_planks":52,"minecraft:crafting_table":5,"minecraft:wooden_pickaxe":1,"minecraft:copper_ingot":33,"minecraft:air":0,"techreborn:tin_ingot":22,"minecraft:stick":20,"minecraft:iron_ingot":2,"minecraft:stone_pickaxe":2,"minecraft:chest":1,"minecraft:stone_sword":1,"minecraft:torch":24}},"DataVersion":3465}