{"stats":{"minecraft:mined":{"minecraft:white_bed":1,"minecraft:obsidian":11,"minecraft:coal_block":1,"minecraft:spawner":17,"minecraft:polished_blackstone_bricks":1,"minecraft:tall_seagrass":17,"minecraft:magma_block":79,"minecraft:cobbled_deepslate":53,"minecraft:fire":75,"minecraft:fletching_table":16,"minecraft:deepslate_lapis_ore":89,"minecraft:cave_vines":1,"minecraft:dirt_path":1,"farmersdelight:wild_potatoes":13,"minecraft:tripwire":2,"minecraft:brown_mushroom":2,"minecraft:kelp_plant":1,"minecraft:torch":12,"projectvibrantjourneys:twigs":33,"minecraft:blast_furnace":4,"minecraft:polished_andesite_stairs":3,"create:scoria":23,"minecraft:spruce_wall_sign":6,"minecraft:glass":32,"projectvibrantjourneys:fallen_leaves":11,"minecraft:sugar_cane":7,"minecraft:skeleton_skull":9,"minecraft:wheat":1,"mcwdoors:spruce_modern_door":2,"overworld_netherite_ore:deepslate_ancient_debris_ore":4,"minecraft:grass":1193,"projectvibrantjourneys:short_grass":253,"minecraft:oak_fence_gate":3,"minecraft:deepslate":1472,"table_top_craft:chess_piece_figure":5,"create:zinc_ore":52,"minecraft:mossy_cobblestone":48,"projectvibrantjourneys:rocks":20,"psg:sulphur_ore":86,"minecraft:allium":1,"minecraft:moss_block":10,"minecraft:kelp":1,"farmersdelight:wild_onions":2,"create:shaft":1,"minecraft:redstone_ore":27,"minecraft:snow":147,"minecraft:andesite":280,"minecraft:potatoes":174,"minecraft:cobblestone_slab":24,"minecraft:vine":17,"minecraft:rail":125,"minecraft:bamboo":2,"minecraft:white_wool":13,"create:white_seat":1,"minecraft:glass_pane":2,"minecraft:cherry_planks":2,"minecraft:soul_sand":3,"psg:potassium_ore":145,"minecraft:dandelion":7,"psg:deepslate_sulphur_ore":30,"create:fluid_pipe":3,"projectvibrantjourneys:mossy_rocks":1,"minecraft:copper_ore":447,"minecraft:tall_grass":303,"minecraft:deepslate_gold_ore":126,"minecraft:coarse_dirt":167,"minecraft:cobblestone_wall":7,"minecraft:spruce_log":21,"minecraft:gravel":369,"minecraft:cobweb":199,"minecraft:stone_bricks":3,"minecraft:gold_ore":32,"minecraft:fern":2,"minecraft:infested_stone":10,"securitycraft:mine":1,"create:deepslate_zinc_ore":44,"minecraft:spruce_planks":137,"minecraft:oak_sapling":1,"minecraft:cobblestone_stairs":30,"minecraft:brewing_stand":3,"minecraft:spruce_trapdoor":16,"minecraft:cave_vines_plant":1,"minecraft:grass_block":2112,"minecraft:composter":6,"comforts:sleeping_bag_white":1,"minecraft:raw_iron_block":5,"automobility:automobile_assembler":1,"minecraft:iron_ore":676,"create:asurine":69,"minecraft:spruce_slab":1210,"projectvibrantjourneys:cattail":73,"minecraft:deepslate_redstone_ore":109,"minecraft:cyan_terracotta":709,"minecraft:blackstone":1281,"minecraft:orange_terracotta":4,"minecraft:clay":11,"minecraft:mossy_cobblestone_wall":4,"minecraft:calcite":24,"minecraft:poppy":1,"minecraft:chest":9,"projectvibrantjourneys:natural_cobweb":11,"minecraft:cobblestone":672,"refinedstorage:disk_drive":2,"minecraft:oak_planks":32,"minecraft:iron_door":6,"minecraft:wall_torch":13,"minecraft:deepslate_copper_ore":23,"minecraft:seagrass":28,"projectvibrantjourneys:bones":2,"refinedstorage:crafter_manager":1,"minecraft:smooth_stone_slab":4,"minecraft:oak_log":17,"minecraft:sand":328,"minecraft:dirt":2595,"minecraft:wither_skeleton_skull":5,"refinedstorage:controller":1,"minecraft:ancient_debris":1,"create:crimsite":587,"minecraft:oak_leaves":1,"minecraft:diamond_ore":2,"minecraft:tuff":491,"minecraft:deepslate_diamond_ore":79,"minecraft:decorated_pot":1,"create:ochrum":2,"ecologics:coconut_log":1,"minecraft:spruce_leaves":13,"refinedstorage:cable":17,"minecraft:sandstone":5,"minecraft:rooted_dirt":1,"minecraft:hay_block":34,"minecraft:spruce_sapling":57,"minecraft:furnace":16,"minecraft:carrots":148,"minecraft:stripped_spruce_log":2,"minecraft:black_concrete":1,"minecraft:bookshelf":19,"minecraft:deepslate_iron_ore":1011,"minecraft:stone":8624,"minecraft:podzol":4,"minecraft:scaffolding":1,"minecraft:oak_fence":1,"minecraft:crafting_table":7,"minecraft:oak_wood":2,"minecraft:lectern":470,"minecraft:deepslate_coal_ore":21,"minecraft:lapis_ore":104,"minecraft:lily_pad":64,"minecraft:polished_blackstone_brick_stairs":13,"minecraft:air":27,"minecraft:spruce_stairs":8,"k_turrets:deepslate_titanium_ore":18,"minecraft:redstone_torch":1,"minecraft:ice":547,"minecraft:yellow_bed":4,"k_turrets:titanium_ore":42,"minecraft:coal_ore":588,"overworld_netherite_ore:ancient_debris_ore":10,"refinedstorage:crafter":1,"minecraft:polished_andesite":11},"minecraft:broken":{"marbledsarsenal:police_baton":1,"minecraft:diamond_pickaxe":1,"minecraft:wooden_sword":1,"minecraft:iron_sword":1,"minecraft:fishing_rod":1,"minecraft:stone_sword":5,"minecraft:iron_axe":1,"minecraft:iron_pickaxe":5,"mutantmonsters:hulk_hammer":2,"minecraft:iron_shovel":1,"marbledsarsenal:hazmat_armor_helmet":1,"minecraft:stone_pickaxe":41,"minecraft:stone_axe":9,"minecraft:stone_shovel":6,"minecraft:leather_boots":1,"create:sand_paper":1},"minecraft:dropped":{"minecraft:iron_sword":1,"minecraft:porkchop":5,"minecraft:lapis_lazuli":53,"pointblank:holographic_em":1,"automobility:automobile_frame":3,"projectvibrantjourneys:orange_bark_mushroom":11,"sophisticatedbackpacks:gold_backpack":3,"minecraft:dirt":578,"k_turrets:bullet_drone_item":2,"alexsmobs:flying_fish":2,"minecraft:gold_nugget":15,"minecraft:wooden_sword":4,"securitycraft:reinforced_gravel":1,"minecraft:phantom_membrane":2,"minecraft:sand":320,"minecraft:white_wool":5,"minecraft:bone":2,"minecraft:stone_axe":2,"minecraft:cobbled_deepslate":329,"projectvibrantjourneys:twigs":1,"minecraft:wheat":1,"minecraft:rotten_flesh":195,"minecraft:oak_planks":117,"marbledsarsenal:desert_military_armor_helmet":2,"minecraft:azure_bluet":1,"minecraft:white_bed":1,"psg:sulphur":144,"create:scoria":23,"minecraft:coal_ore":17,"minecraft:charcoal":917,"minecraft:leather_leggings":1,"minecraft:spruce_slab":8,"minecraft:glass":46,"projectvibrantjourneys:cattail":40,"automobility:automobile_wheel":12,"refinedstorage:crafter_manager":1,"pointblank:javelin":1,"minecraft:enchanted_book":7,"minecraft:iron_ingot":4,"projectvibrantjourneys:oak_hollow_log":4,"minecraft:wheat_seeds":135,"minecraft:iron_helmet":2,"minecraft:cobblestone":404,"minecraft:book":1,"minecraft:coal":23,"minecraft:golden_apple":1,"projectvibrantjourneys:rocks":2,"minecraft:oxeye_daisy":1,"minecraft:lava_bucket":4,"minecraft:cobweb":22,"marbledsarsenal:hazmat_armor_boots":1,"minecraft:ink_sac":4,"minecraft:wooden_axe":1,"minecraft:potion":5,"minecraft:string":47,"automobility:automobile_engine":3,"minecraft:lily_pad":36,"pointblank:ammo45acp":190,"minecraft:spruce_sapling":55,"marbledsarsenal:swat_armor_helmet":3,"minecraft:moss_carpet":5,"minecraft:stone_sword":1,"marbledsarsenal:swat_armor_leggings":3,"minecraft:chicken":3,"minecraft:iron_boots":1,"sophisticatedbackpacks:backpack":5,"minecraft:name_tag":2,"dweller_dweller:teeth_necklace_chestplate":1,"minecraft:spruce_fence":6,"minecraft:diamond_sword":1,"minecraft:potato":169,"minecraft:spruce_boat":1,"minecraft:stone":766,"ecologics:walnut":4,"minecraft:allium":1,"minecraft:spruce_planks":114,"minecraft:diamond_pickaxe":5,"minecraft:spider_eye":7,"sophisticatedbackpacks:copper_backpack":1,"automobility:crowbar":1,"minecraft:spruce_sign":8,"marbledsarsenal:desert_military_armor_leggings":1,"minecraft:soul_sand":450,"minecraft:brown_mushroom":2,"minecraft:diamond_axe":1,"minecraft:oak_log":1,"minecraft:baked_potato":95,"k_turrets:titanium_ore":8,"minecraft:decorated_pot":1,"ecologics:walnut_sapling":4,"minecraft:leather":1,"marbledsarsenal:desert_military_armor_chestplate":1,"marbledsarsenal:swat_armor_boots":3,"minecraft:cod":1,"minecraft:flint":23,"create:fluid_pipe":2,"sophisticatedbackpacks:stack_upgrade_starter_tier":1,"projectvibrantjourneys:fallen_leaves":19,"sophisticatedbackpacks:refill_upgrade":1,"pointblank:acog":1,"minecraft:snowball":16,"farmersdelight:onion":3,"projectvibrantjourneys:bark_mushroom":5,"minecraft:gravel":187,"securitycraft:dirt_mine":1,"securitycraft:sentry":3,"minecraft:carrot":379,"minecraft:poppy":2,"projectvibrantjourneys:light_brown_bark_mushroom":12,"pointblank:xm7":7,"minecraft:gunpowder":25,"minecraft:skeleton_skull":4,"psg:saltpetre":117,"ecologics:coconut_husk":13,"projectvibrantjourneys:pinecones":1,"minecraft:arrow":1,"create_netherless:coal_rod":8,"minecraft:quartz":205,"effortlessbuilding:muscles":1,"minecraft:water_bucket":2,"minecraft:stone_hoe":1,"minecraft:bread":28,"minecraft:golden_helmet":1,"minecraft:mossy_cobblestone":5,"minecraft:poisonous_potato":1,"pointblank:m203launcher":3,"marbledsarsenal:desert_military_armor_boots":3,"minecraft:copper_ingot":1,"minecraft:grass_block":386,"minecraft:stick":19,"minecraft:blue_dye":4,"minecraft:torch":59,"minecraft:iron_leggings":1,"minecraft:iron_axe":1,"securitycraft:sc_manual":1,"sophisticatedbackpacks:crafting_upgrade":2,"dweller_dweller:dweller_dweller_tooth":1,"ecologics:walnut_log":4,"minecraft:dandelion":4,"minecraft:redstone":20,"securitycraft:mine":3,"minecraft:coarse_dirt":90,"marbledsarsenal:swat_armor_chestplate":3,"minecraft:tuff":60,"pointblank:mk48":4,"alexsmobs:bear_fur":2,"pointblank:ammo68":268,"pointblank:gunmetal_nugget":86,"securitycraft:universal_block_remover":1,"minecraft:copper_ore":6,"minecraft:shield":1,"minecraft:iron_chestplate":3,"minecraft:andesite":407,"minecraft:golden_leggings":1,"minecraft:oak_sapling":54,"minecraft:spruce_log":451,"minecraft:slime_ball":1,"minecraft:stone_pickaxe":4},"minecraft:custom":{"minecraft:interact_with_crafting_table":431,"minecraft:leave_game":22,"minecraft:time_since_death":855724,"minecraft:play_time":2127325,"minecraft:deaths":40,"minecraft:jump":29916,"minecraft:interact_with_furnace":805,"minecraft:traded_with_villager":1053,"minecraft:sleep_in_bed":62,"minecraft:damage_dealt":182222,"minecraft:interact_with_smoker":85,"minecraft:use_cauldron":9,"minecraft:inspect_dispenser":27,"minecraft:interact_with_anvil":38,"minecraft:damage_dealt_absorbed":593,"minecraft:sneak_time":202466,"minecraft:interact_with_blast_furnace":51,"minecraft:total_world_time":2127325,"minecraft:interact_with_stonecutter":1,"minecraft:time_since_rest":6249,"minecraft:swim_one_cm":354583,"minecraft:fly_one_cm":5091702,"minecraft:open_chest":2010,"minecraft:fall_one_cm":596616,"lootr:looted_stat":46,"minecraft:sprint_one_cm":5216234,"minecraft:drop":573,"minecraft:talked_to_villager":954,"minecraft:interact_with_brewingstand":5,"minecraft:walk_on_water_one_cm":303341,"minecraft:player_kills":17,"minecraft:crouch_one_cm":459156,"minecraft:mob_kills":1133,"minecraft:fill_cauldron":1,"minecraft:damage_dealt_resisted":15194,"minecraft:climb_one_cm":136668,"minecraft:walk_one_cm":4541705,"minecraft:raid_win":2,"minecraft:walk_under_water_one_cm":344857,"minecraft:boat_one_cm":369260,"minecraft:raid_trigger":1,"minecraft:damage_taken":21796,"minecraft:damage_absorbed":134,"minecraft:minecart_one_cm":1289},"minecraft:picked_up":{"minecraft:wooden_axe":2,"minecraft:iron_chestplate":3,"minecraft:lead":4,"minecraft:diamond_sword":1,"minecraft:enchanted_book":6,"marbledsarsenal:swat_armor_chestplate":1,"refinedstorage:controller":2,"pointblank:xm7":7,"minecraft:brewing_stand":3,"securitycraft:reinforced_cobblestone_slab":49,"effortlessbuilding:elastic_hand":1,"minecraft:polished_blackstone_brick_stairs":17,"minecraft:string":248,"minecraft:gold_nugget":19,"minecraft:cobbled_deepslate":532,"minecraft:spruce_planks":368,"mcwdoors:spruce_modern_door":2,"minecraft:coal_block":1,"ecologics:crab_claw":1,"minecraft:golden_helmet":2,"minecraft:spruce_pressure_plate":1,"pointblank:gunmetal_ingot":1,"marbledsarsenal:police_baton":2,"minecraft:composter":6,"marbledsarsenal:hazmat_armor_helmet":1,"marbledsarsenal:riot_armor_chestplate":3,"psg:sulphur":579,"minecraft:cherry_log":71,"refinedstorage:disk_drive":2,"minecraft:golden_chestplate":1,"minecraft:cauldron":4,"automobility:automobile_frame":5,"pointblank:m1911a1":3,"minecraft:stone_sword":4,"create:scoria":23,"farmersdelight:onion":3,"create:ochrum":2,"minecraft:cyan_terracotta":349,"projectvibrantjourneys:cattail":48,"minecraft:snowball":137,"alexsmobs:flying_fish":2,"minecraft:birch_log":12,"minecraft:magma_block":192,"minecraft:feather":7,"minecraft:cooked_beef":2,"minecraft:iron_door":6,"minecraft:water_bucket":7,"minecraft:flint":59,"minecraft:map":20,"farmersdelight:tomato":1,"psg:potassium":3,"securitycraft:reinforced_stone_button":16,"pointblank:grenade40mm":1,"create:shaft":1,"minecraft:glowstone_dust":18,"minecraft:moss_block":5,"securitycraft:mine":17,"k_turrets:titanium_ingot":40,"automobility:automobile_engine":4,"ecologics:coconut_husk":1,"minecraft:stripped_spruce_log":2,"sophisticatedbackpacks:iron_backpack":7,"minecraft:ink_sac":14,"overworld_netherite_ore:large_ancient_shard":3,"securitycraft:reinforced_dispenser":4,"securitycraft:universal_block_remover":1,"minecraft:iron_hoe":1,"minecraft:polished_andesite":15,"create:crimsite":464,"minecraft:deepslate":16,"minecraft:deepslate_gold_ore":5,"overworld_netherite_ore:deepslate_ancient_debris_ore":1,"marbledsarsenal:desert_military_armor_helmet":1,"pointblank:acog":1,"minecraft:golden_horse_armor":1,"minecraft:bread":190,"alexsmobs:maggot":1,"minecraft:diamond_pickaxe":14,"sophisticatedbackpacks:gold_backpack":14,"minecraft:crafting_table":8,"minecraft:coarse_dirt":186,"minecraft:clay_ball":48,"minecraft:leather_leggings":1,"create:fluid_pipe":5,"minecraft:iron_shovel":2,"minecraft:glass_pane":1,"psg:potassium_ore":12,"minecraft:deepslate_diamond_ore":3,"marbledsarsenal:riot_armor_leggings":3,"minecraft:beef":3,"create:white_seat":1,"minecraft:spruce_slab":815,"minecraft:poppy":2,"minecraft:minecart":10,"minecraft:chest":9,"minecraft:birch_sapling":4,"minecraft:egg":1,"minecraft:copper_ore":6,"minecraft:sandstone":6,"minecraft:stone":747,"minecraft:oak_door":1,"sophisticatedbackpacks:backpack":4,"minecraft:spruce_fence":4,"pointblank:gunmetal_nugget":1343,"minecraft:carrot":657,"minecraft:redstone":981,"pointblank:javelin":1,"k_turrets:bullet_drone_item":1,"minecraft:decorated_pot":2,"minecraft:hay_block":34,"marbledsarsenal:desert_military_armor_boots":2,"minecraft:gold_ingot":5,"sophisticatedbackpacks:copper_backpack":1,"philipsruins:bone_bricks_slab":4,"minecraft:mutton":4,"refinedstorage:crafter_manager":1,"minecraft:white_wool":14,"minecraft:rail":151,"minecraft:oxeye_daisy":1,"minecraft:lapis_ore":2,"dweller_dweller:dweller_dweller_tooth":4,"marbledsarsenal:swat_armor_boots":1,"overworld_netherite_ore:ancientdebrispiece":20,"minecraft:oak_log":162,"minecraft:lily_pad":67,"minecraft:ancient_debris":1,"marbledsarsenal:cm6m_gas_mask":3,"minecraft:white_banner":2,"automobility:automobile_wheel":16,"marbledsarsenal:swat_armor_helmet":1,"psg:saltpetre":53,"minecraft:apple":9,"minecraft:stone_bricks":2,"minecraft:oak_fence_gate":15,"minecraft:stone_pickaxe":27,"minecraft:cobweb":17,"minecraft:iron_sword":11,"minecraft:polished_andesite_stairs":3,"minecraft:smooth_basalt":1,"marbledsarsenal:swat_armor_leggings":1,"minecraft:sweet_berries":54,"minecraft:gravel":419,"minecraft:spruce_sapling":275,"minecraft:spruce_log":3087,"minecraft:oak_wood":2,"minecraft:coal_ore":19,"minecraft:slime_ball":19,"minecraft:stone_axe":12,"minecraft:diamond_axe":1,"pointblank:ammo68":64,"securitycraft:keypad":2,"minecraft:baked_potato":459,"projectvibrantjourneys:orange_bark_mushroom":11,"projectvibrantjourneys:twigs":2,"minecraft:ender_pearl":5,"minecraft:wheat":2,"securitycraft:keypad_item":2,"minecraft:potion":2,"minecraft:raw_copper":2858,"minecraft:smooth_stone_slab":6,"minecraft:iron_leggings":1,"minecraft:smooth_stone":1,"minecraft:bucket":4,"comforts:sleeping_bag_white":17,"minecraft:redstone_torch":2,"minecraft:cobblestone_slab":33,"minecraft:calcite":51,"minecraft:iron_pickaxe":2,"alexsmobs:raccoon_tail":1,"minecraft:iron_boots":3,"minecraft:furnace":208,"minecraft:stick":608,"ecologics:walnut_log":4,"minecraft:oak_fence":1,"minecraft:torch":295,"ecologics:coconut_seedling":3,"minecraft:spruce_stairs":16,"securitycraft:reinforced_gravel":2,"minecraft:porkchop":16,"effortlessbuilding:muscles":2,"minecraft:pointed_dripstone":8,"mutantmonsters:hulk_hammer":7,"pointblank:ammo45acp":189,"projectvibrantjourneys:seashells":6,"minecraft:rotten_flesh":998,"ecologics:coconut_log":44,"create:asurine":84,"create:veridium":7,"minecraft:obsidian":11,"minecraft:cod":1,"minecraft:cobblestone":12244,"ecologics:walnut_planks":28,"k_turrets:gauss_drone_item":6,"ecologics:walnut":4,"minecraft:cherry_planks":2,"minecraft:andesite":611,"projectvibrantjourneys:fallen_leaves":26,"minecraft:golden_leggings":1,"minecraft:potato":697,"alexsmobs:bear_fur":2,"minecraft:tuff":115,"create:raw_zinc":87,"projectvibrantjourneys:rocks":2,"projectvibrantjourneys:oak_hollow_log":4,"minecraft:lapis_lazuli":2415,"minecraft:dirt":3780,"securitycraft:sentry":11,"minecraft:leather_boots":1,"minecraft:glass":95,"minecraft:bone":90,"minecraft:wheat_seeds":362,"minecraft:raw_gold":336,"minecraft:fletching_table":16,"minecraft:bamboo":26,"minecraft:powered_rail":3,"securitycraft:reinforced_spruce_fence":1,"minecraft:oak_planks":67,"minecraft:stone_hoe":5,"securitycraft:dirt_mine":1,"psg:raw_potassium":517,"minecraft:poisonous_potato":2,"marbledsarsenal:riot_armor_helmet":3,"minecraft:sand":376,"minecraft:grass_block":986,"projectvibrantjourneys:dead_fallen_leaves":1,"minecraft:mossy_cobblestone":40,"minecraft:diamond":176,"minecraft:spruce_boat":13,"minecraft:black_concrete":1,"minecraft:crossbow":1,"minecraft:golden_apple":2,"minecraft:spruce_sign":11,"minecraft:emerald":102,"pointblank:m203launcher":3,"minecraft:oak_sapling":92,"marbledsarsenal:riot_armor_boots":3,"minecraft:charcoal":123,"minecraft:allium":2,"minecraft:azure_bluet":1,"minecraft:chicken":3,"minecraft:ladder":3,"minecraft:brown_mushroom":2,"minecraft:wooden_pickaxe":1,"minecraft:shield":2,"minecraft:moss_carpet":7,"minecraft:iron_axe":6,"minecraft:wooden_sword":12,"minecraft:item_frame":1,"minecraft:blackstone":611,"ecologics:walnut_sapling":4,"minecraft:mossy_cobblestone_wall":4,"minecraft:lectern":471,"marbledsarsenal:hazmat_armor_boots":1,"minecraft:sugar_cane":15,"pointblank:mk48":12,"minecraft:spruce_trapdoor":14,"minecraft:phantom_membrane":12,"minecraft:raw_iron":3350,"projectvibrantjourneys:bark_mushroom":5,"ecologics:coconut_slice":20,"minecraft:copper_ingot":43,"automobility:automobile_assembler":2,"minecraft:polished_blackstone_bricks":2,"minecraft:trident":2,"dweller_dweller:teeth_necklace_chestplate":1,"pointblank:holographic_em":1,"securitycraft:reinforced_spruce_log":7,"minecraft:arrow":5,"k_turrets:raw_titanium":54,"securitycraft:keypad_door_item":15,"minecraft:skeleton_skull":6,"minecraft:air":0,"minecraft:leather":15,"k_turrets:titanium_ore":8,"minecraft:cobblestone_wall":7,"minecraft:yellow_bed":5,"minecraft:gunpowder":194,"minecraft:cobblestone_stairs":30,"minecraft:orange_terracotta":4,"minecraft:cooked_mutton":7,"refinedstorage:crafter":1,"minecraft:iron_ingot":26,"philipsruins:broken_bone":4,"securitycraft:universal_block_reinforcer_lvl1":1,"marbledsapi:steel_ingot":1,"refinedstorage:cable":17,"minecraft:soul_sand":450,"minecraft:book":113,"projectvibrantjourneys:light_brown_bark_mushroom":12,"minecraft:oak_slab":3,"minecraft:quartz":205,"minecraft:dandelion":5,"minecraft:lava_bucket":7,"minecraft:raw_iron_block":7,"projectvibrantjourneys:bones":1,"minecraft:blast_furnace":2,"minecraft:white_bed":2,"securitycraft:reinforced_iron_block":12,"minecraft:spider_eye":27,"minecraft:iron_helmet":3,"minecraft:cherry_sapling":33,"securitycraft:door_indestructible_iron_item":6,"automobility:crowbar":1,"minecraft:coal":985,"projectvibrantjourneys:pinecones":1},"minecraft:killed":{"minecraft:cod":1,"minecraft:zombie_horse":14,"minecraft:chicken":3,"ecologics:coconut_crab":1,"minecraft:iron_golem":1,"hordes:drowned_player":1,"minecraft:pillager":19,"minecraft:zombie":771,"k_turrets:cobble_drone":1,"hordes:zombie_player":54,"alexsmobs:seagull":1,"minecraft:zoglin":6,"minecraft:husk":81,"minecraft:wandering_trader":1,"alexsmobs:gelada_monkey":4,"minecraft:zombified_piglin":39,"minecraft:pig":5,"alexsmobs:grizzly_bear":4,"minecraft:zombie_villager":17,"minecraft:sheep":1,"minecraft:trader_llama":4,"alexsmobs:fly":2,"dweller_dweller:dweller_dweller":2,"alexsmobs:sugar_glider":1,"minecraft:drowned":60,"alexsmobs:flying_fish":2,"minecraft:squid":3,"alexsmobs:cockroach":2,"ecologics:squirrel":1,"alexsmobs:crow":2,"mutantmonsters:mutant_zombie":1},"minecraft:killed_by":{"minecraft:zombie":14,"k_turrets:cobble_drone":1,"hordes:zombie_player":7,"minecraft:zombie_horse":1,"minecraft:drowned":2,"minecraft:player":8},"minecraft:crafted":{"minecraft:black_dye":10,"minecraft:smooth_stone":3,"marbledsarsenal:riot_armor_boots":1,"marbledsarsenal:swat_armor_chestplate":3,"refinedstorage:4k_storage_disk":1,"psg:potassium_block":63,"marbledsarsenal:winter_military_armor_boots":1,"minecraft:chain":4,"psg:sulphur":630,"sophisticatedbackpacks:crafting_upgrade":3,"securitycraft:keypad_item":2,"k_turrets:titanium_ingot":11,"minecraft:bookshelf":14,"minecraft:cooked_mutton":15,"minecraft:iron_bars":16,"minecraft:glass":498,"marbledsarsenal:riot_armor_leggings":1,"k_turrets:bullet_drone_item":1,"psg:potassium":765,"minecraft:iron_door":3,"refinedstorage:processor_binding":24,"refinedstorage:raw_advanced_processor":4,"tacz:target":1,"minecraft:emerald":960,"refinedstorage:storage_housing":1,"psg:saltpetre":514,"minecraft:raw_gold_block":2,"minecraft:copper_ingot":3673,"minecraft:fletching_table":5,"marbledsarsenal:swat_armor_helmet":3,"marbledsapi:raw_steel":133,"sophisticatedbackpacks:refill_upgrade":2,"marbledsarsenal:riot_armor_chestplate":1,"minecraft:lectern":6,"minecraft:iron_pickaxe":3,"minecraft:iron_block":265,"minecraft:gold_ingot":201,"refinedstorage:machine_casing":3,"marbledsarsenal:winter_military_armor_leggings":1,"marbledsarsenal:swat_armor_leggings":3,"mcwdoors:spruce_modern_door":3,"pointblank:guninternals":10,"minecraft:stone_shovel":7,"minecraft:iron_nugget":90,"ecologics:coconut_planks":152,"comforts:sleeping_bag_white":1,"sophisticatedbackpacks:stack_upgrade_tier_1":1,"minecraft:bone_meal":324,"minecraft:spruce_fence":15,"marbledsarsenal:desert_military_armor_helmet":1,"marbledsarsenal:swat_armor_boots":3,"minecraft:diamond":9,"minecraft:spruce_stairs":32,"securitycraft:universal_block_remover":1,"minecraft:spruce_slab":1794,"minecraft:stone_pickaxe":36,"marbledsarsenal:winter_military_armor_chestplate":1,"minecraft:redstone_block":38,"minecraft:wheat":54,"minecraft:coal_block":6,"securitycraft:portable_radar":4,"marbledsapi:steel_sheet":24,"k_turrets:gauss_drone_item":1,"pointblank:processor":1,"sophisticatedbackpacks:gold_backpack":7,"minecraft:bone":2,"marbledsarsenal:desert_military_armor_chestplate":1,"securitycraft:cobblestone_mine":1,"minecraft:enchanted_book":38,"marbledsarsenal:riot_armor_helmet":1,"minecraft:oak_fence_gate":8,"securitycraft:door_indestructible_iron_item":2,"minecraft:golden_apple":12,"minecraft:gunpowder":1566,"refinedstorage:raw_basic_processor":6,"k_turrets:gauss_bullet":32,"minecraft:white_bed":2,"minecraft:ancient_debris":3,"marbledsarsenal:desert_military_armor_boots":1,"securitycraft:mine":9,"minecraft:oak_planks":352,"minecraft:cobblestone_slab":1266,"toolbelt:pouch":2,"minecraft:lightning_rod":2,"refinedstorage:cable":24,"refinedstorage:controller":1,"minecraft:cobblestone_stairs":96,"minecraft:stone":734,"minecraft:heavy_weighted_pressure_plate":2,"minecraft:bow":6,"minecraft:raw_copper":612,"refinedstorage:4k_storage_part":1,"minecraft:chest":67,"marbledsapi:steel_ingot":122,"minecraft:copper_block":345,"minecraft:rail":32,"refinedstorage:disk_drive":1,"minecraft:oak_fence":42,"securitycraft:keypad_door_item":2,"minecraft:raw_iron_block":21,"minecraft:smoker":2,"pointblank:printer":1,"pointblank:gunmetal_mesh":1,"sophisticatedbackpacks:backpack":1,"minecraft:cauldron":4,"minecraft:crafting_table":21,"minecraft:spruce_planks":13820,"minecraft:wooden_pickaxe":2,"minecraft:baked_potato":491,"create:sand_paper":1,"minecraft:gold_block":14,"refinedstorage:basic_processor":8,"sophisticatedbackpacks:upgrade_base":7,"minecraft:dispenser":6,"minecraft:spruce_trapdoor":32,"minecraft:diamond_pickaxe":3,"minecraft:charcoal":95,"minecraft:emerald_block":7,"sophisticatedbackpacks:diamond_backpack":1,"minecraft:stick":23978,"minecraft:iron_ingot":1863,"minecraft:stone_sword":5,"minecraft:snow_block":11,"minecraft:redstone_torch":5,"securitycraft:sc_manual":1,"minecraft:shears":1,"minecraft:cherry_planks":120,"minecraft:wooden_sword":2,"minecraft:oak_door":3,"minecraft:raw_iron":315,"toolbelt:belt":1,"minecraft:redstone":54,"securitycraft:furnace_mine":2,"minecraft:coal":144,"securitycraft:sentry":4,"minecraft:fishing_rod":1,"marbledsarsenal:winter_military_armor_helmet":1,"psg:sulphur_sack":141,"minecraft:stone_button":16,"minecraft:furnace":20,"minecraft:blast_furnace":1,"sophisticatedbackpacks:stack_upgrade_starter_tier":2,"minecraft:gray_dye":8,"refinedstorage:quartz_enriched_iron":108,"minecraft:diamond_block":2,"securitycraft:keypad_frame":2,"minecraft:raw_copper_block":45,"minecraft:glass_pane":32,"refinedstorage:crafter":2,"refinedstorage:destruction_core":2,"refinedstorage:advanced_processor":8,"refinedstorage:silicon":40,"minecraft:netherite_scrap":3,"refinedstorage:1k_storage_part":3,"sophisticatedbackpacks:iron_backpack":1,"minecraft:cooked_beef":6,"pointblank:gunmetal_ingot":218,"minecraft:bucket":1,"marbledsarsenal:desert_military_armor_leggings":1,"minecraft:stone_axe":9,"minecraft:air":0,"minecraft:bread":18,"minecraft:blue_dye":16,"securitycraft:dirt_mine":2,"minecraft:white_wool":7,"minecraft:white_dye":7,"minecraft:raw_gold":18,"refinedstorage:construction_core":2,"minecraft:anvil":3,"minecraft:torch":188,"create:zinc_ingot":149,"minecraft:lapis_lazuli":18,"minecraft:lapis_block":46,"psg:explosivebundle":1},"minecraft:used":{"minecraft:moss_block":5,"marbledsarsenal:riot_armor_chestplate":12,"k_turrets:gauss_drone_item":4,"minecraft:spruce_slab":1549,"minecraft:chest":47,"minecraft:stone":104,"minecraft:rotten_flesh":52,"securitycraft:keypad_item":4,"marbledsarsenal:riot_armor_boots":7,"minecraft:allium":1,"automobility:automobile_assembler":2,"minecraft:stripped_spruce_log":2,"marbledsarsenal:swat_armor_chestplate":6,"minecraft:spruce_boat":13,"minecraft:lava_bucket":95,"minecraft:grass_block":345,"minecraft:polished_andesite_stairs":3,"create:shaft":1,"minecraft:sweet_berries":54,"mutantmonsters:hulk_hammer":92,"minecraft:oak_sapling":1,"minecraft:furnace":98,"minecraft:egg":1,"minecraft:potato":167,"securitycraft:door_indestructible_iron_item":6,"minecraft:powered_rail":2,"minecraft:blackstone":732,"create:crimsite":79,"minecraft:wooden_pickaxe":8,"securitycraft:keypad_frame":2,"minecraft:composter":4,"minecraft:golden_apple":16,"minecraft:sand":1,"minecraft:blast_furnace":3,"securitycraft:universal_block_remover":79,"mcwdoors:spruce_modern_door":2,"minecraft:lectern":475,"minecraft:diamond_ore":2,"securitycraft:mine":3,"minecraft:coal_block":1,"minecraft:diamond_sword":999,"minecraft:wooden_sword":175,"minecraft:stone_sword":666,"minecraft:torch":483,"create:ochrum":2,"minecraft:brewing_stand":2,"minecraft:anvil":3,"minecraft:ancient_debris":1,"marbledsarsenal:hazmat_armor_boots":1,"minecraft:oak_fence_gate":22,"projectvibrantjourneys:fallen_leaves":3,"minecraft:iron_axe":192,"minecraft:smooth_basalt":1,"minecraft:beef":8,"refinedstorage:crafter":1,"securitycraft:dirt_mine":1,"minecraft:goat_horn":4,"create:fluid_pipe":3,"comforts:sleeping_bag_white":17,"psg:potassium_ore":6,"minecraft:orange_terracotta":4,"minecraft:cobbled_deepslate":150,"minecraft:pointed_dripstone":8,"sophisticatedbackpacks:gold_backpack":9,"minecraft:calcite":51,"minecraft:wheat_seeds":1,"minecraft:water_bucket":458,"securitycraft:reinforced_spruce_log":7,"minecraft:cherry_planks":35,"minecraft:cauldron":8,"minecraft:fletching_table":21,"minecraft:leather_boots":1,"minecraft:polished_blackstone_bricks":2,"securitycraft:cobblestone_mine":1,"minecraft:mossy_cobblestone":35,"minecraft:rail":109,"minecraft:crafting_table":25,"minecraft:white_bed":2,"minecraft:spruce_log":347,"minecraft:diamond_pickaxe":11596,"minecraft:diamond_shovel":2238,"minecraft:iron_pickaxe":1243,"minecraft:spruce_pressure_plate":1,"minecraft:spruce_trapdoor":46,"minecraft:spruce_sapling":155,"minecraft:cobblestone":5880,"minecraft:porkchop":4,"minecraft:cooked_porkchop":10,"minecraft:glass_pane":17,"minecraft:dandelion":1,"minecraft:moss_carpet":2,"minecraft:iron_shovel":111,"minecraft:decorated_pot":1,"minecraft:iron_sword":524,"alexsmobs:medium_catfish_bucket":3,"marbledsarsenal:riot_armor_helmet":6,"minecraft:iron_chestplate":1,"minecraft:mutton":4,"minecraft:carrot":421,"minecraft:tuff":32,"refinedstorage:controller":2,"minecraft:glass":369,"minecraft:cyan_terracotta":261,"farmersdelight:tomato":1,"minecraft:coal_ore":1,"marbledsarsenal:police_baton":592,"philipsruins:bone_bricks_slab":1,"minecraft:stone_bricks":2,"minecraft:item_frame":1,"minecraft:deepslate_diamond_ore":3,"minecraft:hay_block":9,"securitycraft:reinforced_spruce_fence":1,"marbledsarsenal:cm6m_gas_mask":2,"minecraft:skeleton_skull":2,"refinedstorage:disk_drive":2,"marbledsarsenal:riot_armor_leggings":4,"table_top_craft:chess_piece_figure":6,"minecraft:stone_pickaxe":5692,"minecraft:oak_planks":115,"minecraft:ender_pearl":1,"minecraft:sandstone":6,"minecraft:diamond_axe":940,"minecraft:white_wool":5,"minecraft:crossbow":5,"tacz:target":1,"minecraft:redstone_torch":1,"sophisticatedbackpacks:backpack":3,"projectvibrantjourneys:dead_fallen_leaves":1,"minecraft:black_concrete":1,"minecraft:string":3,"minecraft:bread":59,"minecraft:iron_door":6,"create:asurine":84,"minecraft:deepslate":12,"minecraft:gravel":329,"create:white_seat":1,"ecologics:coconut_slice":12,"minecraft:andesite":304,"minecraft:mossy_cobblestone_wall":4,"minecraft:smooth_stone_slab":6,"minecraft:coarse_dirt":71,"minecraft:bone_meal":65,"minecraft:cobweb":14,"minecraft:experience_bottle":6,"minecraft:oak_fence":41,"sophisticatedbackpacks:iron_backpack":7,"minecraft:stone_shovel":854,"minecraft:spruce_planks":1024,"securitycraft:keypad_door_item":16,"minecraft:deepslate_gold_ore":5,"minecraft:stone_hoe":3,"minecraft:oak_door":2,"securitycraft:reinforced_cobblestone_slab":49,"minecraft:dirt":2042,"minecraft:spruce_stairs":36,"minecraft:cobblestone_wall":7,"projectvibrantjourneys:seashells":6,"projectvibrantjourneys:bones":1,"minecraft:spruce_fence":23,"securitycraft:reinforced_gravel":1,"psg:potassium_block":1,"minecraft:wooden_axe":1,"alexsmobs:maggot":1,"minecraft:bookshelf":10,"minecraft:polished_blackstone_brick_stairs":13,"securitycraft:sentry":12,"minecraft:minecart":11,"minecraft:cooked_beef":19,"overworld_netherite_ore:deepslate_ancient_debris_ore":1,"marbledsarsenal:hazmat_armor_helmet":1,"minecraft:cooked_mutton":14,"minecraft:cobblestone_stairs":210,"minecraft:polished_andesite":12,"minecraft:baked_potato":357,"pointblank:printer":1,"minecraft:spruce_sign":3,"minecraft:cobblestone_slab":889,"securitycraft:furnace_mine":2,"minecraft:smoker":2,"refinedstorage:cable":23,"minecraft:apple":4,"minecraft:lapis_ore":2,"minecraft:golden_leggings":1,"minecraft:stone_axe":958,"minecraft:fishing_rod":21,"ecologics:coconut_log":6,"minecraft:white_banner":2,"minecraft:bucket":557,"minecraft:yellow_bed":5,"minecraft:splash_potion":5,"minecraft:smooth_stone":1}},"DataVersion":3465}