{"stats":{"minecraft:killed":{"minecraft:zombie":23},"minecraft:crafted":{"minecraft:oak_door":3,"minecraft:oak_planks":40,"minecraft:crafting_table":1,"minecraft:wooden_pickaxe":1,"minecraft:furnace":1,"minecraft:stone_axe":1,"minecraft:air":0,"minecraft:iron_ingot":4,"minecraft:iron_pickaxe":1,"minecraft:stone_pickaxe":1},"minecraft:mined":{"create:deepslate_zinc_ore":18,"minecraft:deepslate_diamond_ore":7,"psg:potassium_ore":3,"minecraft:clay":7,"psg:deepslate_sulphur_ore":6,"psg:sulphur_ore":2,"minecraft:crafting_table":2,"minecraft:copper_ore":9,"minecraft:cobblestone":2,"minecraft:deepslate_coal_ore":12,"minecraft:deepslate_gold_ore":1,"minecraft:oak_planks":3,"minecraft:furnace":1,"minecraft:iron_ore":23,"minecraft:deepslate_lapis_ore":2,"k_turrets:titanium_ore":19,"minecraft:coal_ore":35,"minecraft:oak_log":14,"minecraft:cave_vines":1,"projectvibrantjourneys:short_grass":3,"minecraft:deepslate_iron_ore":4,"minecraft:stone":15,"minecraft:oak_leaves":1,"farmersdelight:wild_potatoes":6,"minecraft:deepslate":22},"minecraft:picked_up":{"minecraft:crafting_table":1,"minecraft:clay_ball":32,"minecraft:leather":4,"minecraft:potato":5,"create:raw_zinc":18,"minecraft:oak_log":90,"minecraft:gunpowder":6,"projectvibrantjourneys:rocks":1,"minecraft:lapis_lazuli":10,"minecraft:string":1,"minecraft:raw_copper":31,"minecraft:bone":2,"minecraft:apple":4,"minecraft:cobbled_deepslate":22,"minecraft:raw_gold":1,"minecraft:beef":3,"minecraft:iron_ingot":2,"minecraft:oak_planks":3,"minecraft:phantom_membrane":1,"minecraft:furnace":1,"projectvibrantjourneys:light_brown_bark_mushroom":1,"minecraft:stick":34,"minecraft:raw_iron":38,"psg:raw_potassium":6,"pointblank:gunmetal_nugget":7,"minecraft:porkchop":5,"psg:sulphur":43,"minecraft:spruce_sapling":8,"minecraft:redstone":2,"minecraft:rotten_flesh":37,"minecraft:diamond":7,"k_turrets:raw_titanium":23,"projectvibrantjourneys:orange_bark_mushroom":5,"minecraft:oak_sapling":55,"minecraft:coal":67,"minecraft:cobblestone":23},"minecraft:broken":{"minecraft:stone_pickaxe":1},"minecraft:custom":{"minecraft:interact_with_furnace":5,"minecraft:mob_kills":23,"minecraft:interact_with_crafting_table":6,"minecraft:damage_dealt_resisted":60,"minecraft:leave_game":1,"minecraft:time_since_death":42873,"minecraft:climb_one_cm":124,"minecraft:time_since_rest":42873,"minecraft:sprint_one_cm":127388,"minecraft:damage_taken":231,"minecraft:walk_one_cm":78791,"minecraft:drop":13,"minecraft:damage_dealt":4124,"minecraft:swim_one_cm":18272,"minecraft:fly_one_cm":170791,"minecraft:crouch_one_cm":10984,"minecraft:play_time":42873,"minecraft:sneak_time":6567,"minecraft:walk_under_water_one_cm":7697,"minecraft:jump":1057,"minecraft:walk_on_water_one_cm":11220,"minecraft:total_world_time":42873,"minecraft:fall_one_cm":26224},"minecraft:used":{"minecraft:stone_pickaxe":132,"minecraft:oak_planks":30,"minecraft:wooden_pickaxe":6,"minecraft:oak_door":1,"minecraft:crafting_table":2,"minecraft:bread":9,"minecraft:iron_pickaxe":51,"marbledsarsenal:police_baton":79,"minecraft:stone_axe":11,"minecraft:cobblestone":8,"minecraft:oak_sapling":1,"minecraft:furnace":1,"minecraft:cobbled_deepslate":3},"minecraft:dropped":{"minecraft:porkchop":5,"minecraft:cobblestone":1,"minecraft:rotten_flesh":4,"projectvibrantjourneys:orange_bark_mushroom":5,"minecraft:coal":1,"projectvibrantjourneys:rocks":1,"projectvibrantjourneys:light_brown_bark_mushroom":1,"minecraft:oak_sapling":54,"minecraft:phantom_membrane":1,"minecraft:redstone":2}},"DataVersion":3465}