{"stats":{"minecraft:killed_by":{"minecraft:zombie":1},"minecraft:picked_up":{"minecraft:crafting_table":1,"projectvibrantjourneys:fallen_leaves":2,"minecraft:brown_wool":2,"minecraft:red_mushroom":1,"projectvibrantjourneys:birch_hollow_log":2,"minecraft:oak_log":8,"projectvibrantjourneys:rocks":4,"projectvibrantjourneys:sea_oats":5,"marbledsarsenal:cm6m_gas_mask":1,"minecraft:dirt":6,"minecraft:leather_boots":1,"minecraft:apple":1,"minecraft:wheat_seeds":1,"comforts:sleeping_bag_white":1,"minecraft:chest":1,"ecologics:crab_claw":1,"projectvibrantjourneys:light_brown_bark_mushroom":1,"minecraft:stick":6,"minecraft:raw_iron":11,"marbledsarsenal:police_baton":1,"minecraft:sweet_berries":18,"ecologics:coconut_slice":12,"minecraft:gravel":2,"projectvibrantjourneys:bones":2,"minecraft:spruce_sapling":5,"pointblank:ammo45acp":64,"pointblank:m1911a1":2,"projectvibrantjourneys:seashells":4,"k_turrets:raw_titanium":2,"ecologics:coconut_log":5,"minecraft:gray_wool":2,"minecraft:bread":9,"projectvibrantjourneys:orange_bark_mushroom":1,"projectvibrantjourneys:twigs":1,"minecraft:mutton":10,"minecraft:coal":14,"minecraft:white_wool":4,"minecraft:cobblestone":54},"minecraft:used":{"projectvibrantjourneys:rocks":4,"minecraft:stone_pickaxe":71,"projectvibrantjourneys:birch_hollow_log":1,"minecraft:leather_boots":1,"minecraft:dirt":6,"minecraft:crafting_table":1,"projectvibrantjourneys:seashells":1,"minecraft:brown_wool":1,"marbledsarsenal:police_baton":19,"minecraft:spruce_sapling":5,"minecraft:gravel":2,"minecraft:cobblestone":1,"marbledsarsenal:cm6m_gas_mask":1,"comforts:sleeping_bag_white":1,"minecraft:gray_wool":1},"minecraft:crafted":{"minecraft:oak_planks":32,"minecraft:crafting_table":1,"ecologics:coconut_planks":20,"comforts:sleeping_bag_white":1,"minecraft:brown_dye":1,"minecraft:bone":2,"minecraft:stone_axe":2,"minecraft:orange_dye":1,"minecraft:stone_pickaxe":1,"minecraft:prismarine_shard":3},"minecraft:custom":{"minecraft:interact_with_furnace":1,"minecraft:mob_kills":7,"minecraft:interact_with_crafting_table":4,"minecraft:time_since_death":39469,"minecraft:sleep_in_bed":1,"minecraft:time_since_rest":4221,"minecraft:sprint_one_cm":73909,"minecraft:damage_taken":397,"minecraft:walk_one_cm":65155,"minecraft:drop":12,"minecraft:damage_dealt":708,"minecraft:swim_one_cm":2465,"minecraft:fly_one_cm":116340,"minecraft:open_chest":1,"minecraft:crouch_one_cm":10776,"minecraft:play_time":41681,"minecraft:deaths":2,"minecraft:sneak_time":3353,"minecraft:walk_under_water_one_cm":125,"minecraft:boat_one_cm":15958,"minecraft:jump":537,"minecraft:walk_on_water_one_cm":2172,"minecraft:total_world_time":41681,"minecraft:fall_one_cm":16548},"minecraft:killed":{"minecraft:sheep":5,"ecologics:coconut_crab":1,"alexsmobs:fly":1},"minecraft:dropped":{"minecraft:stone_axe":2,"minecraft:brown_dye":1,"minecraft:wheat_seeds":1,"minecraft:orange_dye":1,"minecraft:cobblestone":1,"minecraft:red_mushroom":1,"minecraft:gray_wool":1,"projectvibrantjourneys:fallen_leaves":2,"minecraft:brown_wool":1,"pointblank:m1911a1":1},"minecraft:mined":{"projectvibrantjourneys:sea_oats":8,"projectvibrantjourneys:rocks":1,"minecraft:crafting_table":1,"projectvibrantjourneys:twigs":1,"minecraft:grass_block":4,"minecraft:brown_wool":1,"minecraft:chest":1,"minecraft:tall_grass":3,"ecologics:coconut_log":6,"projectvibrantjourneys:fallen_leaves":1,"minecraft:gray_wool":1,"minecraft:iron_ore":11,"minecraft:sweet_berry_bush":7,"k_turrets:titanium_ore":2,"minecraft:grass":6,"projectvibrantjourneys:birch_hollow_log":2,"minecraft:coal_ore":14,"minecraft:oak_log":11,"projectvibrantjourneys:short_grass":6,"minecraft:gravel":2,"minecraft:dirt":2,"minecraft:stone":44}},"DataVersion":3465}