{"stats":{"minecraft:killed_by":{"minecraft:zombie":1},"minecraft:picked_up":{"projectvibrantjourneys:light_brown_bark_mushroom":1,"marbledsarsenal:police_baton":1,"minecraft:leather_boots":1,"pointblank:ammo45acp":64,"pointblank:m1911a1":2,"minecraft:spruce_sapling":5,"minecraft:bread":9,"minecraft:crafting_table":1,"minecraft:cobblestone":1,"marbledsarsenal:cm6m_gas_mask":1,"minecraft:dirt":6,"minecraft:stick":3},"minecraft:used":{"minecraft:dirt":6,"marbledsarsenal:cm6m_gas_mask":1,"minecraft:leather_boots":1},"minecraft:custom":{"minecraft:time_since_rest":15530,"minecraft:crouch_one_cm":554,"minecraft:play_time":17681,"minecraft:sprint_one_cm":20263,"minecraft:walk_one_cm":21723,"minecraft:damage_taken":313,"minecraft:deaths":2,"minecraft:sneak_time":163,"minecraft:drop":2,"minecraft:jump":147,"minecraft:walk_on_water_one_cm":20,"minecraft:time_since_death":15469,"minecraft:total_world_time":17681,"minecraft:fall_one_cm":4949,"minecraft:fly_one_cm":34255},"minecraft:dropped":{"pointblank:m1911a1":1,"minecraft:cobblestone":1},"minecraft:mined":{"minecraft:grass":1,"minecraft:grass_block":4,"projectvibrantjourneys:short_grass":1,"minecraft:dirt":2,"minecraft:crafting_table":1}},"DataVersion":3465}