{"stats":{"minecraft:killed":{"dweller_dweller:dweller_dweller":1,"alexsmobs:snow_leopard":1,"alexsmobs:sugar_glider":3,"alexsmobs:banana_slug":2,"minecraft:chicken":1,"minecraft:drowned":3,"minecraft:pig":26,"minecraft:zombie_villager":1,"minecraft:sheep":8,"minecraft:zombie":32,"minecraft:cow":11},"minecraft:broken":{"minecraft:stone_axe":1,"minecraft:iron_helmet":1},"minecraft:used":{"minecraft:moss_carpet":3,"minecraft:chest":4,"minecraft:spruce_planks":120,"minecraft:decorated_pot":1,"minecraft:rotten_flesh":33,"minecraft:dirt":8,"minecraft:birch_door":3,"minecraft:wooden_axe":29,"minecraft:birch_sapling":2,"marbledsarsenal:police_baton":268,"minecraft:beef":5,"minecraft:sweet_berries":13,"minecraft:furnace":7,"projectvibrantjourneys:cattail":1,"minecraft:cooked_beef":2,"minecraft:cobbled_deepslate":1,"minecraft:cooked_mutton":10,"minecraft:water_bucket":3,"minecraft:oak_planks":175,"minecraft:stone_pickaxe":87,"minecraft:wooden_pickaxe":23,"minecraft:white_wool":5,"minecraft:crafting_table":14,"minecraft:campfire":1,"minecraft:white_bed":1,"minecraft:spruce_log":42,"minecraft:apple":1,"minecraft:chicken":1,"minecraft:bread":9,"minecraft:iron_pickaxe":142,"minecraft:spruce_sapling":1,"projectvibrantjourneys:ice_chunks":1,"minecraft:gravel":2,"minecraft:stone_axe":123,"minecraft:wooden_sword":14,"minecraft:porkchop":2,"minecraft:cooked_porkchop":5,"minecraft:bucket":3,"alexsmobs:animal_dictionary":1},"minecraft:mined":{"create:zinc_ore":11,"minecraft:spruce_planks":5,"minecraft:white_bed":1,"minecraft:deepslate_diamond_ore":8,"farmersdelight:wild_carrots":3,"minecraft:jack_o_lantern":15,"projectvibrantjourneys:rocks":4,"psg:sulphur_ore":17,"minecraft:grass_block":8,"minecraft:decorated_pot":2,"minecraft:red_mushroom":1,"minecraft:spruce_leaves":8,"minecraft:acacia_slab":1,"minecraft:kelp":2,"minecraft:moss_block":3,"minecraft:large_fern":3,"minecraft:tall_seagrass":3,"minecraft:redstone_ore":5,"minecraft:furnace":10,"minecraft:iron_ore":11,"projectvibrantjourneys:orange_bark_mushroom":1,"minecraft:acacia_stairs":2,"create:asurine":1,"minecraft:deepslate_iron_ore":25,"projectvibrantjourneys:ice_chunks":1,"projectvibrantjourneys:seashells":2,"minecraft:stone":69,"minecraft:white_wool":5,"projectvibrantjourneys:cattail":2,"minecraft:deepslate_redstone_ore":3,"minecraft:brown_mushroom":1,"projectvibrantjourneys:sea_oats":1,"minecraft:blackstone":1,"minecraft:lily_of_the_valley":1,"psg:potassium_ore":1,"psg:deepslate_sulphur_ore":7,"minecraft:clay":3,"minecraft:crafting_table":14,"create:scoria":1,"minecraft:chest":2,"projectvibrantjourneys:natural_cobweb":14,"minecraft:copper_ore":18,"minecraft:deepslate_coal_ore":10,"minecraft:deepslate_gold_ore":7,"minecraft:lapis_ore":2,"minecraft:oak_planks":12,"minecraft:seagrass":2,"ecologics:seashell":1,"k_turrets:deepslate_titanium_ore":1,"minecraft:birch_log":3,"minecraft:sweet_berry_bush":29,"minecraft:ice":1,"minecraft:birch_leaves":2,"k_turrets:titanium_ore":3,"minecraft:grass":2,"minecraft:oak_log":2,"minecraft:coal_ore":19,"projectvibrantjourneys:short_grass":18,"minecraft:gravel":3,"minecraft:dirt":12,"projectvibrantjourneys:pinecones":1,"minecraft:smooth_basalt":1,"minecraft:acacia_planks":2,"minecraft:deepslate":3,"minecraft:fern":2},"minecraft:crafted":{"minecraft:wooden_sword":2,"minecraft:oak_planks":156,"minecraft:furnace":1,"minecraft:cooked_mutton":9,"minecraft:bow":1,"minecraft:stone_pickaxe":1,"minecraft:chest":2,"minecraft:birch_door":3,"minecraft:cooked_porkchop":8,"minecraft:crafting_table":6,"pointblank:gunmetal_ingot":6,"minecraft:spruce_planks":232,"minecraft:wooden_pickaxe":1,"minecraft:copper_ingot":30,"securitycraft:taser":1,"minecraft:bucket":1,"minecraft:birch_planks":26,"minecraft:campfire":1,"minecraft:stone_axe":2,"minecraft:orange_dye":1,"minecraft:air":0,"minecraft:shield":2,"minecraft:stick":12,"minecraft:iron_pickaxe":1,"minecraft:iron_ingot":19,"minecraft:wooden_axe":3},"minecraft:killed_by":{"mutantmonsters:mutant_zombie":1,"dweller_dweller:dweller_dweller":1,"alexsmobs:grizzly_bear":1},"minecraft:dropped":{"minecraft:brown_mushroom":1,"minecraft:moss_block":2,"minecraft:porkchop":5,"minecraft:wheat_seeds":2,"minecraft:orange_dye":1,"marbledsarsenal:police_baton":1,"minecraft:crafting_table":2,"minecraft:cooked_porkchop":4,"minecraft:cobblestone":2,"minecraft:leather":13,"projectvibrantjourneys:orange_bark_mushroom":13,"minecraft:coal":1,"minecraft:red_mushroom":1,"minecraft:stick":3,"minecraft:dirt":2,"projectvibrantjourneys:fallen_leaves":2,"minecraft:wooden_sword":2,"minecraft:gold_nugget":9,"minecraft:phantom_membrane":1,"minecraft:flowering_azalea":2,"minecraft:string":8,"minecraft:white_wool":6,"projectvibrantjourneys:bark_mushroom":2,"minecraft:acacia_planks":2,"minecraft:spruce_sapling":122,"minecraft:redstone":1,"minecraft:smooth_basalt":2,"minecraft:bone":2,"minecraft:moss_carpet":4,"minecraft:sweet_berries":19,"minecraft:kelp":1,"minecraft:blackstone":1,"minecraft:cobbled_deepslate":2,"minecraft:raw_copper":1,"minecraft:birch_sapling":1,"minecraft:rotten_flesh":45,"minecraft:clay_ball":12,"minecraft:oak_planks":80,"psg:raw_potassium":1,"minecraft:cooked_mutton":7,"create:asurine":1,"minecraft:acacia_stairs":2,"projectvibrantjourneys:sea_oats":1,"psg:sulphur":16,"pointblank:gunmetal_nugget":8,"minecraft:lily_of_the_valley":1,"minecraft:filled_map":3,"projectvibrantjourneys:light_brown_bark_mushroom":7,"minecraft:shield":3,"create:scoria":1,"minecraft:spruce_planks":8,"minecraft:oak_sapling":59,"k_turrets:raw_titanium":1,"projectvibrantjourneys:pinecones":1,"minecraft:wooden_pickaxe":1,"minecraft:stone_pickaxe":1,"minecraft:beef":6,"projectvibrantjourneys:cattail":1,"ecologics:seashell":1},"minecraft:picked_up":{"minecraft:wooden_axe":1,"minecraft:crafting_table":18,"minecraft:birch_door":1,"minecraft:chicken":2,"minecraft:clay_ball":12,"minecraft:brown_mushroom":1,"ecologics:seashell":1,"projectvibrantjourneys:ice_chunks":1,"minecraft:shield":2,"minecraft:string":16,"minecraft:moss_carpet":7,"minecraft:raw_copper":129,"minecraft:blackstone":1,"minecraft:cobbled_deepslate":3,"minecraft:spruce_planks":5,"minecraft:beef":18,"minecraft:light_gray_wool":1,"minecraft:iron_pickaxe":2,"minecraft:chest":4,"minecraft:birch_sapling":3,"minecraft:phantom_membrane":1,"minecraft:furnace":13,"pointblank:gunmetal_ingot":6,"minecraft:stick":130,"minecraft:raw_iron":54,"marbledsarsenal:police_baton":2,"minecraft:copper_ingot":68,"projectvibrantjourneys:bark_mushroom":2,"sophisticatedbackpacks:backpack":1,"effortlessbuilding:muscles":1,"minecraft:porkchop":61,"pointblank:gunmetal_nugget":163,"psg:sulphur":282,"minecraft:carrot":6,"minecraft:redstone":67,"pointblank:ammo45acp":39,"pointblank:m1911a1":2,"minecraft:rotten_flesh":71,"minecraft:decorated_pot":1,"create:scoria":1,"k_turrets:raw_titanium":1,"create:asurine":1,"projectvibrantjourneys:cattail":2,"minecraft:gold_ingot":7,"minecraft:mutton":12,"minecraft:white_wool":11,"minecraft:cobblestone":66,"minecraft:birch_log":4,"minecraft:feather":5,"minecraft:cooked_beef":2,"projectvibrantjourneys:fallen_leaves":2,"minecraft:leather":13,"minecraft:red_mushroom":1,"minecraft:filled_map":1,"projectvibrantjourneys:birch_hollow_log":5,"create:raw_zinc":11,"minecraft:oak_log":103,"minecraft:gunpowder":6,"projectvibrantjourneys:sea_oats":1,"minecraft:lapis_lazuli":42,"marbledsarsenal:cm6m_gas_mask":2,"minecraft:dirt":10,"minecraft:leather_boots":2,"minecraft:cooked_mutton":12,"minecraft:bone":13,"minecraft:acacia_planks":2,"minecraft:apple":1,"minecraft:kelp":1,"minecraft:wheat_seeds":2,"minecraft:raw_gold":7,"minecraft:moss_block":2,"minecraft:oak_planks":123,"minecraft:flowering_azalea":2,"projectvibrantjourneys:light_brown_bark_mushroom":7,"minecraft:smooth_basalt":2,"minecraft:cooked_porkchop":4,"minecraft:sweet_berries":51,"psg:raw_potassium":3,"minecraft:gravel":2,"minecraft:lily_of_the_valley":1,"minecraft:spruce_sapling":145,"minecraft:white_bed":1,"minecraft:spruce_log":914,"minecraft:acacia_stairs":2,"minecraft:spider_eye":7,"alexsmobs:animal_dictionary":2,"minecraft:slime_ball":2,"minecraft:diamond":17,"minecraft:stone_axe":2,"minecraft:iron_helmet":1,"projectvibrantjourneys:orange_bark_mushroom":14,"minecraft:jack_o_lantern":15,"minecraft:oak_sapling":59,"minecraft:coal":94,"projectvibrantjourneys:pinecones":1,"minecraft:ender_pearl":2},"minecraft:custom":{"minecraft:mob_kills":90,"minecraft:interact_with_crafting_table":31,"minecraft:damage_dealt_resisted":147,"minecraft:leave_game":3,"minecraft:time_since_death":41814,"minecraft:climb_one_cm":931,"minecraft:sprint_one_cm":356828,"minecraft:walk_one_cm":254673,"minecraft:drop":95,"minecraft:play_time":165846,"minecraft:sneak_time":32537,"minecraft:deaths":3,"minecraft:walk_under_water_one_cm":37581,"minecraft:boat_one_cm":204175,"minecraft:jump":3711,"minecraft:walk_on_water_one_cm":47661,"minecraft:total_world_time":165846,"minecraft:interact_with_furnace":63,"minecraft:sleep_in_bed":1,"minecraft:time_since_rest":26351,"minecraft:damage_taken":2391,"minecraft:damage_dealt":19877,"minecraft:swim_one_cm":98414,"minecraft:fly_one_cm":692552,"minecraft:open_chest":35,"minecraft:crouch_one_cm":65297,"minecraft:fall_one_cm":92671}},"DataVersion":3465}