{"stats":{"minecraft:crafted":{"minecraft:crafting_table":1,"minecraft:stick":8,"minecraft:wooden_pickaxe":1,"minecraft:wooden_axe":1,"minecraft:birch_planks":26,"minecraft:orange_dye":1},"minecraft:mined":{"minecraft:birch_log":3,"projectvibrantjourneys:orange_bark_mushroom":1,"minecraft:crafting_table":2,"minecraft:grass":1,"minecraft:grass_block":5,"projectvibrantjourneys:short_grass":1,"minecraft:dirt":8,"minecraft:stone":2},"minecraft:picked_up":{"minecraft:birch_log":4,"projectvibrantjourneys:light_brown_bark_mushroom":4,"minecraft:stick":7,"minecraft:crafting_table":2,"projectvibrantjourneys:fallen_leaves":2,"projectvibrantjourneys:birch_hollow_log":5,"minecraft:oak_log":64,"minecraft:dirt":5,"minecraft:moss_carpet":4,"minecraft:apple":1,"minecraft:wheat_seeds":1,"projectvibrantjourneys:orange_bark_mushroom":5,"minecraft:oak_sapling":30,"minecraft:birch_sapling":1,"minecraft:cobblestone":2},"minecraft:custom":{"minecraft:time_since_rest":4917,"minecraft:sprint_one_cm":7015,"minecraft:walk_one_cm":15724,"minecraft:drop":8,"minecraft:interact_with_crafting_table":2,"minecraft:fly_one_cm":4810,"minecraft:crouch_one_cm":1395,"minecraft:play_time":4917,"minecraft:sneak_time":318,"minecraft:jump":67,"minecraft:time_since_death":4917,"minecraft:total_world_time":4917,"minecraft:fall_one_cm":476},"minecraft:dropped":{"projectvibrantjourneys:light_brown_bark_mushroom":4,"minecraft:moss_carpet":4,"minecraft:wheat_seeds":1,"minecraft:orange_dye":1,"projectvibrantjourneys:fallen_leaves":2,"projectvibrantjourneys:orange_bark_mushroom":4},"minecraft:used":{"minecraft:wooden_axe":1,"minecraft:wooden_pickaxe":2,"minecraft:dirt":5,"minecraft:crafting_table":2,"alexsmobs:animal_dictionary":1}},"DataVersion":3465}