{"stats":{"minecraft:mined":{"minecraft:red_bed":1,"brewery:gingerbread":3,"minecraft:dark_oak_fence":1,"minecraft:grass_block":1,"minecells:rotting_corpse":1,"twigs:twig":1,"minecraft:tall_grass":19,"brewery:beer_hops":2,"minecraft:gilded_blackstone":1,"promenade:maple_log":3,"treechop:chopped_log":1,"minecraft:grass":3,"minecraft:bookshelf":12,"minecraft:cobweb":9,"ae2:sky_stone_block":1,"minecraft:stone":7,"ad_astra:sky_stone":3},"minecraft:picked_up":{"minecraft:brown_mushroom":3,"minecraft:red_mushroom":3,"minecraft:gilded_blackstone":1,"minecraft:lily_pad":1,"supplementaries:flax_seeds":1,"ad_astra:sky_stone":6,"soulsweapons:soul_ingot":1,"minecraft:white_banner":1,"minecraft:soul_soil":1,"minecraft:string":9,"minecraft:red_bed":1,"minecraft:lantern":1,"fishofthieves:stormfish":2,"bewitchment:mandrake_seeds":1,"minecraft:cobbled_deepslate_slab":1,"minecraft:iron_ingot":1,"promenade:maple_log":34,"twigs:twig":11,"minecraft:egg":2,"minecraft:book":36,"brewery:gingerbread":3,"bewitchment:belladonna_seeds":1,"minecraft:arrow":10,"soulsweapons:translucent_double_greatsword":1,"promenade:vermilion_maple_sapling":15,"minecraft:rotten_flesh":11,"promenade:sap_maple_sapling":22,"minecraft:emerald":8,"minecraft:bread":44,"promenade:apricot":2,"promenade:maple_planks":1,"minecraft:coal":4,"minecraft:white_wool":2,"minecraft:cobblestone":4},"minecraft:used":{"spellbladenext:frost_claymore":90,"promenade:apricot":2,"soulsweapons:translucent_double_greatsword":34,"minecraft:stone_sword":114,"fishofthieves:stormfish":2,"promenade:sap_maple_sapling":1,"spellbladenext:arcane_blade":6,"promenade:vermilion_maple_sapling":6,"simplyswords:diamond_twinblade":6,"minecraft:white_wool":2,"minecraft:red_bed":1,"minecraft:crafting_table":1,"promenade:maple_planks":133,"paladins:iron_mace":2,"minecraft:lantern":1,"minecraft:bread":29,"minecraft:iron_pickaxe":14,"minecraft:stone_axe":1,"minecraft:cobblestone":4,"minecraft:goat_horn":5,"minecraft:egg":2,"minecraft:potato":3,"brewery:gingerbread":3,"minecraft:experience_bottle":2,"minecraft:cobweb":9},"minecraft:killed":{"minecraft:salmon":1,"naturalist:butterfly":1,"minecraft:vindicator":2,"soulsweapons:remnant":2,"minecraft:zombie_horse":4,"minecraft:pillager":8,"minecraft:zombie":7},"minecraft:custom":{"lootr:looted_stat":45,"minecraft:interact_with_furnace":1,"minecraft:mob_kills":26,"minecraft:traded_with_villager":1,"minecraft:interact_with_crafting_table":2,"minecraft:open_barrel":2,"minecraft:damage_dealt_resisted":0,"minecraft:leave_game":2,"minecraft:time_since_death":94881,"minecraft:sleep_in_bed":1,"minecraft:climb_one_cm":4856,"minecraft:hex":0,"minecraft:time_since_rest":22043,"minecraft:sprint_one_cm":170552,"minecraft:damage_taken":1213,"minecraft:walk_one_cm":164327,"minecraft:drop":39,"minecraft:damage_dealt":5218,"minecraft:swim_one_cm":13232,"minecraft:talked_to_villager":10,"minecraft:fly_one_cm":291592,"minecraft:raid_win":1,"minecraft:open_chest":2,"minecraft:crouch_one_cm":6690,"minecraft:play_time":94881,"minecraft:sneak_time":2931,"minecraft:walk_under_water_one_cm":6331,"minecraft:jump":1487,"minecraft:walk_on_water_one_cm":8584,"minecraft:threat":4,"minecraft:total_world_time":94881,"minecraft:fall_one_cm":50007},"minecraft:dropped":{"minecraft:iron_ingot":1,"minecraft:bread":44,"minecraft:stone_axe":1,"minecraft:brown_mushroom":3,"minecraft:soul_soil":1,"minecraft:wheat_seeds":6,"minecraft:stone_sword":1,"soulsweapons:translucent_double_greatsword":2,"minecraft:rotten_flesh":11,"promenade:sap_maple_sapling":21,"minecraft:cobbled_deepslate_slab":1,"minecraft:carrot":14,"minecraft:coal":4,"minecraft:red_mushroom":3,"minecraft:cod":1,"ad_astra:sky_stone":6,"supplementaries:flax_seeds":1,"minecraft:potato":5,"bewitchment:mandrake_seeds":1,"minecraft:iron_chestplate":1,"minecraft:gold_nugget":5,"minecraft:bone_meal":9,"fishofthieves:stormfish":2,"minecraft:white_banner":1,"minecraft:blue_orchid":6,"promenade:vermilion_maple_sapling":9,"bewitchment:belladonna_seeds":1,"twigs:twig":2},"minecraft:crafted":{"minecraft:crafting_table":1,"minecraft:bone_meal":9,"minecraft:stone_axe":1,"minecraft:stick":18,"promenade:maple_planks":136,"minecraft:iron_pickaxe":1,"minecraft:dark_oak_planks":44}},"DataVersion":3465}