{"stats":{"minecraft:killed_by":{"minecraft:zombie":1},"minecraft:broken":{"minecraft:stone_pickaxe":2,"minecraft:leather_boots":1},"minecraft:picked_up":{"minecraft:crafting_table":3,"minecraft:coarse_dirt":1,"minecraft:prismarine_shard":3,"minecraft:brown_mushroom":1,"minecraft:mourner_pottery_sherd":1,"minecraft:shield":1,"comforts:sleeping_bag_white":2,"minecraft:calcite":2,"pointblank:workstation":1,"minecraft:chest":2,"minecraft:birch_sapling":2,"ecologics:crab_claw":2,"minecraft:furnace":3,"minecraft:stick":25,"minecraft:raw_iron":41,"marbledsarsenal:police_baton":1,"ecologics:coconut_slice":24,"minecraft:torch":5,"pointblank:gunmetal_nugget":4,"psg:sulphur":74,"minecraft:skull_pottery_sherd":1,"minecraft:diorite":7,"pointblank:m1911a1":2,"pointblank:ammo45acp":64,"projectvibrantjourneys:seashells":4,"k_turrets:raw_titanium":31,"ecologics:coconut_log":5,"minecraft:mutton":21,"minecraft:white_wool":8,"minecraft:cobblestone":216,"minecraft:birch_log":4,"projectvibrantjourneys:fallen_leaves":2,"ecologics:coconut_planks":16,"minecraft:brown_wool":2,"minecraft:red_mushroom":1,"projectvibrantjourneys:birch_hollow_log":3,"minecraft:oak_log":58,"projectvibrantjourneys:rocks":4,"projectvibrantjourneys:sea_oats":10,"marbledsarsenal:cm6m_gas_mask":1,"minecraft:dirt":20,"minecraft:leather_boots":1,"minecraft:bone":2,"minecraft:apple":5,"minecraft:wheat_seeds":8,"minecraft:oak_planks":32,"projectvibrantjourneys:light_brown_bark_mushroom":3,"minecraft:sweet_berries":180,"psg:raw_potassium":8,"minecraft:dandelion":1,"projectvibrantjourneys:bones":2,"minecraft:gravel":2,"minecraft:amethyst_shard":4,"minecraft:prize_pottery_sherd":2,"minecraft:spruce_sapling":5,"minecraft:blast_furnace":2,"minecraft:miner_pottery_sherd":1,"minecraft:gray_wool":2,"minecraft:emerald":1,"minecraft:bread":9,"projectvibrantjourneys:orange_bark_mushroom":1,"minecraft:oak_sapling":20,"projectvibrantjourneys:twigs":2,"minecraft:coal":151},"minecraft:used":{"minecraft:oak_fence":5,"minecraft:chest":1,"minecraft:torch":23,"minecraft:dirt":19,"projectvibrantjourneys:seashells":1,"marbledsarsenal:police_baton":29,"pointblank:workstation":1,"minecraft:sweet_berries":174,"minecraft:furnace":5,"minecraft:oak_sapling":1,"marbledsarsenal:cm6m_gas_mask":1,"comforts:sleeping_bag_white":1,"minecraft:calcite":2,"minecraft:cooked_mutton":3,"projectvibrantjourneys:rocks":4,"minecraft:water_bucket":13,"minecraft:diorite":3,"minecraft:stone_pickaxe":264,"projectvibrantjourneys:birch_hollow_log":1,"minecraft:leather_boots":1,"minecraft:crafting_table":4,"minecraft:blast_furnace":2,"minecraft:oak_log":14,"minecraft:bread":9,"minecraft:brown_wool":1,"minecraft:iron_pickaxe":99,"minecraft:gravel":2,"minecraft:spruce_sapling":7,"minecraft:stone_axe":65,"minecraft:cobblestone":24,"minecraft:bucket":15,"alexsmobs:animal_dictionary":1,"minecraft:gray_wool":1,"minecraft:coarse_dirt":1},"minecraft:crafted":{"minecraft:oak_planks":176,"minecraft:iron_nugget":9,"ecologics:coconut_planks":20,"comforts:sleeping_bag_white":1,"minecraft:furnace":2,"minecraft:cooked_mutton":11,"create:copper_nugget":9,"psg:potassium":8,"minecraft:stone_pickaxe":2,"minecraft:prismarine_shard":3,"minecraft:stone_hoe":1,"minecraft:crafting_table":1,"minecraft:brown_dye":1,"minecraft:copper_ingot":42,"minecraft:bucket":2,"minecraft:bone":2,"minecraft:stone_axe":3,"minecraft:orange_dye":1,"minecraft:air":0,"minecraft:shield":3,"minecraft:stick":4,"minecraft:iron_ingot":34,"minecraft:iron_pickaxe":1,"minecraft:torch":56},"minecraft:custom":{"minecraft:mob_kills":10,"minecraft:interact_with_crafting_table":19,"minecraft:time_since_death":87469,"minecraft:sprint_one_cm":187626,"minecraft:walk_one_cm":202877,"minecraft:drop":32,"minecraft:play_time":89681,"minecraft:deaths":2,"minecraft:sneak_time":12298,"minecraft:walk_under_water_one_cm":3333,"minecraft:boat_one_cm":15958,"minecraft:jump":1427,"minecraft:interact_with_blast_furnace":4,"minecraft:walk_on_water_one_cm":3472,"minecraft:total_world_time":89681,"minecraft:interact_with_furnace":27,"minecraft:sleep_in_bed":2,"minecraft:time_since_rest":26859,"minecraft:damage_taken":1099,"minecraft:damage_dealt":948,"minecraft:swim_one_cm":3508,"minecraft:fly_one_cm":248317,"minecraft:open_chest":42,"minecraft:crouch_one_cm":35741,"minecraft:fall_one_cm":38299},"minecraft:killed":{"ecologics:coconut_crab":1,"minecraft:sheep":8,"alexsmobs:fly":1},"minecraft:dropped":{"minecraft:wheat_seeds":4,"minecraft:orange_dye":1,"minecraft:mourner_pottery_sherd":2,"minecraft:cobblestone":1,"minecraft:red_mushroom":1,"minecraft:dirt":1,"minecraft:gray_wool":1,"minecraft:diorite":2,"minecraft:torch":38,"projectvibrantjourneys:fallen_leaves":2,"minecraft:brown_wool":1,"pointblank:m1911a1":1,"minecraft:skull_pottery_sherd":2,"minecraft:dandelion":1,"minecraft:prize_pottery_sherd":1,"minecraft:stone_axe":2,"minecraft:brown_dye":1,"projectvibrantjourneys:light_brown_bark_mushroom":2,"minecraft:shield":3,"minecraft:chest":1,"minecraft:miner_pottery_sherd":2},"minecraft:mined":{"minecraft:large_amethyst_bud":1,"projectvibrantjourneys:rocks":2,"minecraft:grass_block":21,"minecraft:decorated_pot":1,"minecraft:brown_wool":1,"ecologics:coconut_log":6,"minecraft:large_fern":1,"minecraft:furnace":3,"minecraft:iron_ore":43,"minecraft:stone":169,"projectvibrantjourneys:sea_oats":8,"minecraft:amethyst_cluster":1,"minecraft:crafting_table":3,"minecraft:torch":5,"projectvibrantjourneys:twigs":2,"minecraft:blast_furnace":2,"minecraft:emerald_ore":1,"minecraft:calcite":2,"minecraft:chest":2,"minecraft:tall_grass":18,"minecraft:cobblestone":4,"projectvibrantjourneys:fallen_leaves":1,"minecraft:diorite":5,"minecraft:gray_wool":1,"minecraft:coarse_dirt":1,"minecraft:birch_log":4,"minecraft:sweet_berry_bush":18,"minecraft:birch_leaves":1,"minecraft:grass":23,"k_turrets:titanium_ore":27,"projectvibrantjourneys:birch_hollow_log":2,"minecraft:oak_log":61,"minecraft:coal_ore":94,"projectvibrantjourneys:short_grass":28,"minecraft:gravel":2,"minecraft:dirt":4,"pointblank:workstation":1,"minecraft:oak_leaves":10,"minecraft:fern":2}},"DataVersion":3465}