{"stats":{"minecraft:mined":{"brewery:gingerbread":3,"minecraft:dark_oak_fence":1,"minecraft:grass_block":1,"minecells:rotting_corpse":1,"twigs:twig":1,"modern_industrialization:lignite_coal_ore":24,"brewery:beer_hops":2,"minecraft:gilded_blackstone":1,"promenade:maple_log":3,"techreborn:lead_ore":7,"treechop:chopped_log":1,"minecraft:bookshelf":12,"bewitchment:salt_ore":10,"minecraft:stone":15,"ae2:sky_stone_block":1,"ad_astra:sky_stone":3,"create:limestone":1,"supplementaries:book_pile_horizontal":1,"minecraft:red_bed":1,"modern_industrialization:nickel_ore":3,"minecraft:tall_grass":19,"minecraft:copper_ore":2,"techreborn:tin_ore":16,"techreborn:silver_ore":9,"techreborn:ruby_ore":6,"minecraft:wheat":2,"minecraft:grass":3,"minecraft:coal_ore":32,"minecraft:cobweb":9},"minecraft:picked_up":{"techreborn:raw_tin":5,"modern_industrialization:lignite_coal":48,"minecraft:brown_mushroom":3,"minecraft:gilded_blackstone":1,"ad_astra:sky_stone":6,"minecraft:string":9,"minecraft:red_bed":1,"minecraft:soul_soil":1,"minecraft:raw_copper":3,"fishofthieves:stormfish":2,"techreborn:raw_silver":13,"techreborn:nickel_ingot":1,"minecraft:iron_pickaxe":1,"minecraft:egg":2,"techreborn:ruby_gem":10,"minecraft:arrow":10,"minecraft:rotten_flesh":11,"promenade:sap_maple_sapling":22,"promenade:apricot":2,"promenade:maple_planks":1,"minecraft:white_wool":2,"minecraft:cobblestone":5,"minecraft:red_mushroom":3,"minecraft:lily_pad":1,"supplementaries:flax_seeds":1,"soulsweapons:soul_ingot":1,"minecraft:lantern":1,"minecraft:white_banner":1,"minecraft:wheat_seeds":7,"minecraft:cobbled_deepslate_slab":1,"bewitchment:mandrake_seeds":1,"minecraft:iron_ingot":1,"promenade:maple_log":34,"twigs:twig":11,"minecraft:book":40,"brewery:gingerbread":3,"fishofthieves:islehopper":2,"techreborn:raw_lead":9,"bewitchment:belladonna_seeds":1,"bewitchment:salt":1,"techreborn:red_garnet_gem":3,"soulsweapons:translucent_double_greatsword":1,"promenade:vermilion_maple_sapling":15,"modern_industrialization:raw_nickel":3,"minecraft:diamond":1,"paladins:iron_mace":1,"minecraft:bread":44,"minecraft:emerald":8,"minecraft:coal":36},"minecraft:used":{"spellbladenext:frost_claymore":92,"minecraft:stone_sword":114,"fishofthieves:stormfish":2,"simplyswords:diamond_twinblade":6,"minecraft:dark_oak_planks":13,"minecraft:lantern":1,"minecraft:goat_horn":5,"minecraft:egg":2,"minecraft:potato":3,"promenade:apricot":2,"soulsweapons:translucent_double_greatsword":34,"promenade:sap_maple_sapling":1,"spellbladenext:arcane_blade":6,"promenade:vermilion_maple_sapling":6,"minecraft:white_wool":2,"minecraft:crafting_table":1,"minecraft:red_bed":1,"promenade:maple_planks":133,"paladins:iron_mace":3,"minecraft:book":4,"minecraft:bread":35,"minecraft:iron_pickaxe":133,"minecraft:stone_axe":1,"minecraft:cobblestone":4,"brewery:gingerbread":3,"minecraft:cobweb":9,"minecraft:experience_bottle":2},"minecraft:killed":{"minecraft:vindicator":2,"minecraft:zombie_horse":4,"minecraft:salmon":1,"naturalist:butterfly":1,"soulsweapons:remnant":2,"minecraft:pillager":8,"minecraft:zombie":7},"minecraft:custom":{"lootr:looted_stat":47,"minecraft:mob_kills":26,"minecraft:interact_with_crafting_table":2,"minecraft:open_barrel":2,"minecraft:damage_dealt_resisted":0,"minecraft:leave_game":2,"minecraft:time_since_death":106881,"minecraft:climb_one_cm":5008,"minecraft:sprint_one_cm":187941,"minecraft:walk_one_cm":184681,"minecraft:drop":61,"minecraft:talked_to_villager":10,"minecraft:raid_win":1,"minecraft:play_time":106881,"minecraft:sneak_time":3015,"minecraft:walk_under_water_one_cm":6439,"minecraft:jump":1690,"minecraft:walk_on_water_one_cm":9001,"minecraft:total_world_time":106881,"minecraft:interact_with_furnace":1,"minecraft:traded_with_villager":1,"minecraft:sleep_in_bed":1,"minecraft:hex":2,"minecraft:time_since_rest":34043,"minecraft:damage_taken":1461,"minecraft:damage_dealt":5271,"minecraft:swim_one_cm":13232,"minecraft:fly_one_cm":331369,"minecraft:open_chest":2,"minecraft:crouch_one_cm":6759,"minecraft:threat":4,"minecraft:fall_one_cm":55972},"minecraft:dropped":{"minecraft:iron_ingot":1,"minecraft:bread":44,"minecraft:brown_mushroom":3,"minecraft:wheat_seeds":13,"minecraft:diamond":1,"soulsweapons:translucent_double_greatsword":2,"paladins:iron_mace":2,"techreborn:raw_lead":2,"promenade:sap_maple_sapling":21,"fishofthieves:islehopper":2,"minecraft:apple":40,"minecraft:coal":4,"minecraft:red_mushroom":3,"minecraft:cod":1,"ad_astra:sky_stone":6,"modern_industrialization:raw_nickel":3,"techreborn:raw_tin":5,"minecraft:gold_nugget":5,"minecraft:bone_meal":9,"minecraft:white_banner":1,"minecraft:iron_pickaxe":1,"promenade:vermilion_maple_sapling":9,"minecraft:string":17,"ftbquests:book":1,"techreborn:nickel_ingot":1,"bewitchment:belladonna_seeds":1,"twigs:twig":2,"minecraft:stone_axe":1,"minecraft:soul_soil":1,"techreborn:red_garnet_gem":3,"bewitchment:salt":1,"minecraft:stone_sword":1,"minecraft:rotten_flesh":11,"minecraft:cobbled_deepslate_slab":1,"minecraft:carrot":14,"supplementaries:flax_seeds":1,"minecraft:potato":5,"techreborn:raw_silver":8,"bewitchment:mandrake_seeds":1,"minecraft:iron_chestplate":1,"modern_industrialization:lignite_coal":48,"fishofthieves:stormfish":2,"minecraft:blue_orchid":6},"minecraft:crafted":{"minecraft:bone_meal":9,"promenade:maple_planks":136,"minecraft:dark_oak_planks":44,"minecraft:crafting_table":1,"minecraft:stone_axe":1,"minecraft:stick":18,"minecraft:iron_pickaxe":1}},"DataVersion":3465}