{"stats":{"minecraft:mined":{"brewery:gingerbread":3,"minecells:putrid_log":15,"minecraft:dark_oak_fence":1,"minecraft:grass_block":1,"minecells:rotting_corpse":1,"twigs:twig":1,"modern_industrialization:lignite_coal_ore":24,"brewery:beer_hops":2,"minecells:putrid_board_block":2,"minecells:bloomrock_tiles":1,"minecraft:gilded_blackstone":1,"minecraft:spawner":1,"promenade:maple_log":3,"techreborn:lead_ore":7,"minecraft:iron_ore":4,"treechop:chopped_log":1,"ae2:mysterious_cube":1,"minecraft:bookshelf":12,"bewitchment:salt_ore":10,"minecraft:iron_bars":2,"minecells:wilted_wall_leaves":1,"minecells:king_statue":3,"minecraft:stone":18,"ae2:sky_stone_block":3,"ad_astra:sky_stone":3,"create:limestone":1,"ae2:large_quartz_bud":1,"supplementaries:book_pile_horizontal":1,"minecraft:red_bed":1,"minecells:wilted_leaves":1,"modern_industrialization:nickel_ore":3,"minecraft:tall_grass":19,"minecraft:copper_ore":2,"minecraft:cobblestone":3,"minecells:alchemy_equipment_0":1,"regions_unexplored:pine_log":1,"techreborn:tin_ore":16,"minecells:bloomrock":2,"techreborn:silver_ore":9,"techreborn:ruby_ore":21,"minecraft:wheat":2,"minecraft:grass":3,"minecraft:coal_ore":32,"ae2:small_quartz_bud":1,"minecraft:cobweb":9,"minecells:bloomrock_wilted_grass_block":1},"minecraft:picked_up":{"techreborn:raw_tin":5,"modern_industrialization:lignite_coal":48,"minecraft:brown_mushroom":3,"minecells:king_statue":3,"ae2:silicon_press":1,"minecraft:gilded_blackstone":1,"minecells:bloomrock_tiles":2,"ad_astra:sky_stone":6,"minecraft:shield":1,"minecraft:string":9,"minecraft:red_bed":1,"minecraft:soul_soil":1,"minecraft:raw_copper":12,"fishofthieves:stormfish":2,"techreborn:raw_silver":13,"techreborn:nickel_ingot":2,"regions_unexplored:pine_log":13,"minecraft:beef":1,"minecraft:iron_pickaxe":3,"minecraft:egg":2,"minecells:guts":8,"minecraft:stick":1,"minecraft:raw_iron":4,"minecells:arcane_goo":3,"minecells:monsters_eye":5,"sophisticatedbackpacks:backpack":1,"techreborn:ruby_gem":30,"minecells:putrid_log":68,"minecells:putrid_fence":2,"minecraft:goat_horn":3,"techreborn:steel_ingot":2,"ae2:sky_stone_block":8,"minecraft:arrow":19,"minecraft:rotten_flesh":28,"ae2:certus_quartz_dust":4,"promenade:sap_maple_sapling":22,"minecells:putrid_board_block":2,"ae2:calculation_processor_press":1,"promenade:apricot":2,"promenade:maple_planks":1,"minecraft:white_wool":2,"minecraft:cobblestone":11,"minecraft:leather":17,"minecraft:red_mushroom":3,"minecraft:lily_pad":1,"supplementaries:flax_seeds":1,"minecraft:gunpowder":1,"simplyswords:diamond_glaive":1,"soulsweapons:soul_ingot":1,"minecraft:lantern":1,"minecraft:white_banner":1,"minecraft:bow":1,"minecraft:wheat_seeds":7,"minecraft:cobbled_deepslate_slab":1,"bewitchment:mandrake_seeds":1,"minecraft:iron_ingot":1,"ae2:logic_processor_press":1,"promenade:maple_log":34,"twigs:twig":48,"minecraft:book":40,"minecells:monster_cell":25,"brewery:gingerbread":3,"regions_unexplored:pine_sapling":2,"fishofthieves:islehopper":2,"techreborn:raw_lead":9,"minecells:infected_flesh":10,"bewitchment:belladonna_seeds":1,"bewitchment:salt":1,"minecells:metal_shards":2,"techreborn:red_garnet_gem":3,"simplyswords:diamond_spear":1,"soulsweapons:translucent_double_greatsword":1,"promenade:vermilion_maple_sapling":15,"modern_industrialization:raw_nickel":3,"minecraft:diamond":1,"minecells:explosive_bulb":2,"simplyswords:diamond_chakram":1,"minecells:bloomrock":10,"paladins:iron_mace":1,"ae2:engineering_processor_press":1,"minecraft:bread":44,"minecraft:emerald":8,"simplyswords:iron_chakram":1,"minecraft:coal":36},"minecraft:broken":{"minecraft:iron_chestplate":1,"techreborn:ruby_helmet":1,"techreborn:ruby_leggings":1,"techreborn:ruby_boots":1},"minecraft:killed_by":{"minecells:leaping_zombie":1},"minecraft:used":{"regions_unexplored:pine_planks":2,"spellbladenext:frost_claymore":999,"simplyswords:thunderbrand":9,"minecraft:stone_sword":114,"simplyswords:diamond_glaive":12,"fishofthieves:stormfish":2,"minecraft:chest":1,"simplyswords:diamond_twinblade":8,"minecraft:dark_oak_planks":44,"minecraft:lantern":1,"ae2:sky_stone_block":20,"minecells:guts":1,"minecraft:bow":1,"minecraft:goat_horn":5,"minecraft:egg":2,"minecraft:potato":3,"promenade:apricot":2,"soulsweapons:translucent_double_greatsword":34,"minecells:putrid_planks":57,"promenade:sap_maple_sapling":1,"spellbladenext:arcane_blade":14,"simplyswords:slumbering_lichblade":1,"promenade:vermilion_maple_sapling":6,"minecells:putrid_board_block":7,"minecraft:white_wool":2,"minecraft:crafting_table":3,"minecraft:red_bed":1,"promenade:maple_planks":133,"paladins:iron_mace":3,"minecraft:book":4,"techreborn:ruby_pickaxe":12,"minecraft:bread":100,"minecraft:iron_pickaxe":166,"minecraft:stone_axe":1,"minecraft:cobblestone":11,"brewery:gingerbread":3,"minecraft:cobweb":9,"minecraft:experience_bottle":2},"minecraft:killed":{"minecells:mutated_bat":3,"minecells:undead_archer":5,"minecraft:vindicator":2,"minecraft:zombie_horse":4,"minecraft:skeleton":1,"naturalist:deer":1,"minecells:leaping_zombie":29,"minecells:protector":3,"minecells:grenadier":5,"minecells:runner":1,"minecraft:salmon":1,"naturalist:butterfly":1,"soulsweapons:remnant":2,"minecraft:pillager":8,"archon:mana_leech":4,"minecraft:zombie":7,"friendsandfoes:moobloom":2,"minecells:shieldbearer":5,"minecraft:cow":7},"minecraft:custom":{"lootr:looted_stat":175,"minecraft:mob_kills":93,"minecraft:interact_with_crafting_table":9,"minecraft:open_barrel":2,"minecraft:damage_dealt_resisted":0,"minecraft:leave_game":2,"minecraft:time_since_death":12663,"minecraft:climb_one_cm":5370,"minecraft:damage_resisted":0,"minecraft:sprint_one_cm":465964,"minecraft:walk_one_cm":437573,"minecraft:drop":127,"minecraft:talked_to_villager":10,"minecraft:target_hit":1,"minecraft:raid_win":1,"minecraft:play_time":178881,"minecraft:deaths":1,"minecraft:sneak_time":3567,"minecraft:walk_under_water_one_cm":8046,"minecraft:jump":3480,"minecraft:walk_on_water_one_cm":13245,"minecraft:total_world_time":178881,"minecraft:interact_with_furnace":1,"minecraft:traded_with_villager":1,"minecraft:sleep_in_bed":1,"minecraft:hex":29,"minecraft:time_since_rest":12908,"minecraft:damage_taken":5150,"minecraft:damage_dealt":18125,"minecraft:swim_one_cm":20976,"minecraft:fly_one_cm":752590,"minecraft:open_chest":19,"minecraft:crouch_one_cm":9074,"minecraft:threat":42,"minecraft:fall_one_cm":106060},"minecraft:dropped":{"minecells:putrid_log":7,"minecraft:iron_ingot":1,"minecraft:bread":44,"minecraft:brown_mushroom":3,"minecraft:wheat_seeds":13,"simplyswords:diamond_chakram":1,"minecraft:diamond":1,"soulsweapons:translucent_double_greatsword":2,"paladins:iron_mace":2,"techreborn:raw_lead":9,"ae2:sky_stone_block":8,"promenade:sap_maple_sapling":21,"fishofthieves:islehopper":2,"techreborn:steel_ingot":2,"minecraft:apple":40,"regions_unexplored:pine_sapling":2,"minecells:putrid_sapling":6,"minecraft:coal":4,"minecraft:red_mushroom":3,"minecraft:cod":1,"minecraft:stick":19,"minecells:bloomrock":26,"ad_astra:sky_stone":6,"minecells:bloomrock_tiles":2,"minecells:infected_flesh":13,"modern_industrialization:raw_nickel":3,"techreborn:raw_tin":5,"minecells:putrid_fence":2,"minecells:red_putrid_sapling":16,"minecraft:iron_leggings":1,"minecraft:chain":3,"minecraft:gold_nugget":5,"minecraft:bone_meal":9,"minecraft:white_banner":1,"minecraft:iron_pickaxe":4,"promenade:vermilion_maple_sapling":9,"minecraft:string":17,"ftbquests:book":1,"techreborn:nickel_ingot":3,"bewitchment:belladonna_seeds":1,"twigs:twig":39,"techreborn:ruby_chestplate":1,"minecraft:stone_axe":1,"minecraft:goat_horn":4,"minecraft:soul_soil":1,"techreborn:red_garnet_gem":3,"minecraft:iron_nugget":1,"bewitchment:salt":1,"minecraft:stone_sword":1,"minecraft:raw_copper":12,"simplyswords:gold_warglaive":1,"archon:removal_scroll":1,"minecraft:rotten_flesh":26,"techreborn:ruby_pickaxe":1,"minecraft:cobbled_deepslate_slab":1,"minecraft:carrot":14,"patchouli:guide_book":1,"supplementaries:flax_seeds":1,"minecells:orange_putrid_sapling":8,"minecraft:potato":5,"minecells:putrid_board_block":9,"minecraft:shield":2,"techreborn:raw_silver":13,"bewitchment:mandrake_seeds":1,"minecraft:iron_chestplate":2,"ae2:certus_quartz_dust":4,"modern_industrialization:lignite_coal":48,"fishofthieves:stormfish":2,"minecraft:arrow":1,"minecraft:bow":2,"minecraft:blue_orchid":6,"minecraft:beef":1},"minecraft:crafted":{"techreborn:ruby_helmet":1,"techreborn:ruby_leggings":1,"techreborn:ruby_boots":1,"minecraft:bone_meal":9,"minecells:putrid_planks":272,"minecraft:iron_boots":1,"promenade:maple_planks":136,"minecraft:chest":1,"minecraft:dark_oak_planks":44,"sophisticatedbackpacks:iron_backpack":1,"minecraft:crafting_table":3,"minecraft:iron_helmet":1,"sophisticatedbackpacks:gold_backpack":1,"minecraft:stone_axe":1,"techreborn:ruby_pickaxe":2,"regions_unexplored:pine_planks":52,"minecraft:iron_chestplate":1,"techreborn:ruby_chestplate":1,"sophisticatedbackpacks:diamond_backpack":1,"minecraft:stick":22,"minecraft:iron_pickaxe":1,"minecraft:iron_leggings":1}},"DataVersion":3465}