{"stats":{"minecraft:killed_by":{"minecraft:zombie":1},"minecraft:picked_up":{"marbledsarsenal:police_baton":1,"minecraft:leather_boots":1,"pointblank:ammo45acp":64,"pointblank:m1911a1":1,"minecraft:bread":9,"marbledsarsenal:cm6m_gas_mask":1,"minecraft:dirt":6},"minecraft:used":{"minecraft:dirt":6},"minecraft:custom":{"minecraft:time_since_rest":3530,"minecraft:crouch_one_cm":453,"minecraft:play_time":5681,"minecraft:sprint_one_cm":7185,"minecraft:walk_one_cm":6503,"minecraft:damage_taken":313,"minecraft:deaths":2,"minecraft:sneak_time":107,"minecraft:jump":40,"minecraft:time_since_death":3469,"minecraft:total_world_time":5681,"minecraft:fall_one_cm":1547,"minecraft:fly_one_cm":6388},"minecraft:mined":{"minecraft:grass":1,"minecraft:grass_block":4,"projectvibrantjourneys:short_grass":1,"minecraft:dirt":2}},"DataVersion":3465}