{"stats":{"minecraft:killed":{"minecraft:pig":3,"alexsmobs:snow_leopard":1},"minecraft:crafted":{"minecraft:crafting_table":1,"minecraft:wooden_pickaxe":1,"minecraft:birch_planks":26,"minecraft:orange_dye":1,"minecraft:stick":8,"minecraft:stone_pickaxe":1,"minecraft:wooden_axe":3},"minecraft:mined":{"minecraft:blackstone":1,"psg:sulphur_ore":5,"minecraft:clay":1,"minecraft:crafting_table":3,"minecraft:grass_block":5,"minecraft:copper_ore":9,"minecraft:deepslate_coal_ore":10,"minecraft:spruce_leaves":1,"minecraft:large_fern":1,"minecraft:birch_log":3,"minecraft:iron_ore":4,"projectvibrantjourneys:orange_bark_mushroom":1,"minecraft:grass":1,"k_turrets:titanium_ore":3,"minecraft:coal_ore":8,"projectvibrantjourneys:short_grass":3,"minecraft:deepslate_iron_ore":13,"projectvibrantjourneys:pinecones":1,"minecraft:dirt":8,"projectvibrantjourneys:ice_chunks":1,"minecraft:smooth_basalt":1,"minecraft:stone":10},"minecraft:picked_up":{"minecraft:birch_log":4,"minecraft:crafting_table":3,"minecraft:clay_ball":4,"projectvibrantjourneys:fallen_leaves":2,"projectvibrantjourneys:birch_hollow_log":5,"minecraft:oak_log":75,"minecraft:dirt":5,"minecraft:moss_carpet":4,"minecraft:raw_copper":34,"minecraft:blackstone":1,"minecraft:apple":1,"minecraft:wheat_seeds":2,"minecraft:birch_sapling":1,"projectvibrantjourneys:light_brown_bark_mushroom":5,"minecraft:stick":79,"minecraft:raw_iron":13,"minecraft:smooth_basalt":2,"projectvibrantjourneys:bark_mushroom":2,"minecraft:porkchop":5,"pointblank:gunmetal_nugget":6,"psg:sulphur":23,"minecraft:spruce_sapling":122,"minecraft:spruce_log":324,"projectvibrantjourneys:orange_bark_mushroom":10,"minecraft:oak_sapling":59,"minecraft:coal":11,"minecraft:cobblestone":4,"projectvibrantjourneys:pinecones":1},"minecraft:custom":{"minecraft:mob_kills":4,"minecraft:interact_with_crafting_table":3,"minecraft:time_since_death":16917,"minecraft:time_since_rest":16917,"minecraft:sprint_one_cm":50002,"minecraft:damage_taken":167,"minecraft:walk_one_cm":46104,"minecraft:drop":19,"minecraft:damage_dealt":640,"minecraft:swim_one_cm":2755,"minecraft:fly_one_cm":86048,"minecraft:crouch_one_cm":5162,"minecraft:play_time":16917,"minecraft:sneak_time":1342,"minecraft:walk_under_water_one_cm":696,"minecraft:jump":460,"minecraft:walk_on_water_one_cm":4562,"minecraft:total_world_time":16917,"minecraft:fall_one_cm":12262},"minecraft:used":{"minecraft:stone_pickaxe":44,"minecraft:wooden_pickaxe":23,"minecraft:dirt":5,"minecraft:crafting_table":3,"minecraft:wooden_axe":5,"minecraft:apple":1,"minecraft:bread":4,"minecraft:birch_sapling":1,"marbledsarsenal:police_baton":14,"alexsmobs:animal_dictionary":1},"minecraft:dropped":{"minecraft:moss_carpet":4,"minecraft:blackstone":1,"minecraft:wheat_seeds":2,"minecraft:orange_dye":1,"minecraft:cobblestone":1,"minecraft:clay_ball":4,"projectvibrantjourneys:orange_bark_mushroom":9,"projectvibrantjourneys:light_brown_bark_mushroom":5,"projectvibrantjourneys:fallen_leaves":2,"projectvibrantjourneys:pinecones":1,"minecraft:wooden_pickaxe":1,"projectvibrantjourneys:bark_mushroom":2,"minecraft:smooth_basalt":2}},"DataVersion":3465}