{"stats":{"minecraft:killed":{"dweller_dweller:dweller_dweller":1,"alexsmobs:snow_leopard":1,"alexsmobs:banana_slug":2,"minecraft:chicken":1,"minecraft:drowned":3,"minecraft:pig":14,"minecraft:zombie_villager":1,"minecraft:sheep":5,"minecraft:zombie":32,"minecraft:cow":11},"minecraft:broken":{"minecraft:stone_axe":1,"minecraft:iron_helmet":1},"minecraft:used":{"minecraft:moss_carpet":3,"minecraft:chest":4,"minecraft:spruce_planks":93,"minecraft:decorated_pot":1,"minecraft:rotten_flesh":33,"minecraft:dirt":8,"minecraft:birch_door":3,"minecraft:wooden_axe":29,"minecraft:birch_sapling":2,"marbledsarsenal:police_baton":238,"minecraft:beef":5,"minecraft:sweet_berries":13,"minecraft:furnace":6,"projectvibrantjourneys:cattail":1,"minecraft:cooked_beef":2,"minecraft:cobbled_deepslate":1,"minecraft:cooked_mutton":4,"minecraft:water_bucket":3,"minecraft:oak_planks":175,"minecraft:stone_pickaxe":87,"minecraft:wooden_pickaxe":23,"minecraft:white_wool":5,"minecraft:crafting_table":11,"minecraft:white_bed":1,"minecraft:spruce_log":31,"minecraft:apple":1,"minecraft:chicken":1,"minecraft:bread":9,"minecraft:iron_pickaxe":131,"minecraft:spruce_sapling":1,"projectvibrantjourneys:ice_chunks":1,"minecraft:gravel":2,"minecraft:stone_axe":106,"minecraft:wooden_sword":6,"minecraft:porkchop":2,"minecraft:cooked_porkchop":5,"minecraft:bucket":3,"alexsmobs:animal_dictionary":1},"minecraft:mined":{"create:zinc_ore":8,"minecraft:spruce_planks":5,"minecraft:white_bed":1,"minecraft:deepslate_diamond_ore":8,"farmersdelight:wild_carrots":3,"minecraft:jack_o_lantern":15,"projectvibrantjourneys:rocks":4,"psg:sulphur_ore":17,"minecraft:grass_block":8,"minecraft:decorated_pot":1,"minecraft:spruce_leaves":6,"minecraft:acacia_slab":1,"minecraft:kelp":2,"minecraft:moss_block":3,"minecraft:large_fern":3,"minecraft:tall_seagrass":3,"minecraft:redstone_ore":5,"minecraft:furnace":7,"minecraft:iron_ore":11,"projectvibrantjourneys:orange_bark_mushroom":1,"minecraft:acacia_stairs":2,"create:asurine":1,"minecraft:deepslate_iron_ore":25,"projectvibrantjourneys:ice_chunks":1,"minecraft:stone":66,"minecraft:white_wool":5,"projectvibrantjourneys:cattail":2,"minecraft:deepslate_redstone_ore":3,"minecraft:blackstone":1,"psg:potassium_ore":1,"psg:deepslate_sulphur_ore":7,"minecraft:clay":3,"minecraft:crafting_table":9,"minecraft:chest":2,"minecraft:copper_ore":18,"minecraft:deepslate_coal_ore":10,"minecraft:deepslate_gold_ore":7,"minecraft:lapis_ore":2,"minecraft:oak_planks":12,"minecraft:seagrass":2,"k_turrets:deepslate_titanium_ore":1,"minecraft:birch_log":3,"minecraft:sweet_berry_bush":29,"minecraft:ice":1,"minecraft:birch_leaves":1,"k_turrets:titanium_ore":3,"minecraft:grass":2,"minecraft:oak_log":2,"minecraft:coal_ore":19,"projectvibrantjourneys:short_grass":14,"minecraft:gravel":3,"minecraft:dirt":12,"projectvibrantjourneys:pinecones":1,"minecraft:smooth_basalt":1,"minecraft:acacia_planks":2,"minecraft:deepslate":3,"minecraft:fern":2},"minecraft:crafted":{"minecraft:wooden_sword":1,"minecraft:oak_planks":156,"minecraft:furnace":1,"minecraft:cooked_mutton":9,"minecraft:stone_pickaxe":1,"minecraft:chest":2,"minecraft:birch_door":3,"minecraft:cooked_porkchop":8,"minecraft:crafting_table":6,"pointblank:gunmetal_ingot":6,"minecraft:spruce_planks":232,"minecraft:wooden_pickaxe":1,"minecraft:copper_ingot":27,"minecraft:bucket":1,"minecraft:birch_planks":26,"minecraft:stone_axe":1,"minecraft:orange_dye":1,"minecraft:air":0,"minecraft:shield":2,"minecraft:stick":12,"minecraft:iron_pickaxe":1,"minecraft:iron_ingot":18,"minecraft:wooden_axe":3},"minecraft:killed_by":{"mutantmonsters:mutant_zombie":1,"dweller_dweller:dweller_dweller":1,"alexsmobs:grizzly_bear":1},"minecraft:dropped":{"minecraft:moss_block":2,"minecraft:porkchop":5,"minecraft:wheat_seeds":2,"minecraft:orange_dye":1,"marbledsarsenal:police_baton":1,"minecraft:crafting_table":2,"minecraft:cooked_porkchop":4,"minecraft:cobblestone":2,"minecraft:leather":13,"projectvibrantjourneys:orange_bark_mushroom":9,"minecraft:coal":1,"minecraft:stick":3,"minecraft:dirt":2,"projectvibrantjourneys:fallen_leaves":2,"minecraft:wooden_sword":1,"minecraft:gold_nugget":9,"minecraft:phantom_membrane":1,"minecraft:flowering_azalea":2,"minecraft:string":8,"minecraft:white_wool":6,"projectvibrantjourneys:bark_mushroom":2,"minecraft:acacia_planks":2,"minecraft:spruce_sapling":122,"minecraft:redstone":1,"minecraft:smooth_basalt":2,"minecraft:bone":1,"minecraft:moss_carpet":4,"minecraft:sweet_berries":19,"minecraft:kelp":1,"minecraft:blackstone":1,"minecraft:cobbled_deepslate":2,"minecraft:raw_copper":1,"minecraft:rotten_flesh":43,"minecraft:clay_ball":12,"minecraft:oak_planks":80,"psg:raw_potassium":1,"minecraft:cooked_mutton":7,"create:asurine":1,"minecraft:acacia_stairs":2,"psg:sulphur":16,"pointblank:gunmetal_nugget":8,"minecraft:filled_map":3,"projectvibrantjourneys:light_brown_bark_mushroom":5,"minecraft:shield":2,"minecraft:spruce_planks":8,"minecraft:oak_sapling":59,"k_turrets:raw_titanium":1,"projectvibrantjourneys:pinecones":1,"minecraft:wooden_pickaxe":1,"minecraft:stone_pickaxe":1,"minecraft:beef":6,"projectvibrantjourneys:cattail":1},"minecraft:picked_up":{"minecraft:wooden_axe":1,"minecraft:crafting_table":13,"minecraft:birch_door":1,"minecraft:chicken":2,"minecraft:clay_ball":12,"projectvibrantjourneys:ice_chunks":1,"minecraft:shield":1,"minecraft:string":2,"minecraft:moss_carpet":7,"minecraft:raw_copper":129,"minecraft:blackstone":1,"minecraft:cobbled_deepslate":3,"minecraft:spruce_planks":5,"minecraft:beef":18,"minecraft:iron_pickaxe":2,"minecraft:chest":4,"minecraft:birch_sapling":2,"minecraft:phantom_membrane":1,"minecraft:furnace":10,"pointblank:gunmetal_ingot":6,"minecraft:stick":128,"minecraft:raw_iron":54,"marbledsarsenal:police_baton":2,"minecraft:copper_ingot":68,"projectvibrantjourneys:bark_mushroom":2,"sophisticatedbackpacks:backpack":1,"effortlessbuilding:muscles":1,"minecraft:porkchop":38,"pointblank:gunmetal_nugget":163,"psg:sulphur":282,"minecraft:carrot":6,"minecraft:redstone":67,"pointblank:ammo45acp":39,"pointblank:m1911a1":2,"minecraft:rotten_flesh":71,"minecraft:decorated_pot":1,"k_turrets:raw_titanium":1,"create:asurine":1,"projectvibrantjourneys:cattail":2,"minecraft:gold_ingot":7,"minecraft:mutton":10,"minecraft:white_wool":9,"minecraft:cobblestone":63,"minecraft:birch_log":4,"minecraft:feather":5,"minecraft:cooked_beef":2,"projectvibrantjourneys:fallen_leaves":2,"minecraft:leather":13,"minecraft:filled_map":1,"projectvibrantjourneys:birch_hollow_log":5,"create:raw_zinc":8,"minecraft:oak_log":103,"minecraft:gunpowder":6,"minecraft:lapis_lazuli":42,"marbledsarsenal:cm6m_gas_mask":2,"minecraft:dirt":10,"minecraft:leather_boots":2,"minecraft:cooked_mutton":12,"minecraft:bone":13,"minecraft:acacia_planks":2,"minecraft:apple":1,"minecraft:kelp":1,"minecraft:wheat_seeds":2,"minecraft:raw_gold":7,"minecraft:moss_block":2,"minecraft:oak_planks":123,"minecraft:flowering_azalea":2,"projectvibrantjourneys:light_brown_bark_mushroom":5,"minecraft:smooth_basalt":2,"minecraft:cooked_porkchop":4,"minecraft:sweet_berries":51,"psg:raw_potassium":3,"minecraft:gravel":2,"minecraft:spruce_sapling":145,"minecraft:white_bed":1,"minecraft:spruce_log":794,"minecraft:acacia_stairs":2,"minecraft:spider_eye":7,"alexsmobs:animal_dictionary":2,"minecraft:slime_ball":2,"minecraft:diamond":17,"minecraft:stone_axe":2,"minecraft:iron_helmet":1,"projectvibrantjourneys:orange_bark_mushroom":10,"minecraft:jack_o_lantern":15,"minecraft:oak_sapling":59,"minecraft:coal":86,"projectvibrantjourneys:pinecones":1,"minecraft:ender_pearl":2},"minecraft:custom":{"minecraft:mob_kills":72,"minecraft:interact_with_crafting_table":21,"minecraft:damage_dealt_resisted":147,"minecraft:leave_game":3,"minecraft:time_since_death":17814,"minecraft:climb_one_cm":58,"minecraft:sprint_one_cm":268844,"minecraft:walk_one_cm":205488,"minecraft:drop":82,"minecraft:play_time":141846,"minecraft:sneak_time":32142,"minecraft:deaths":3,"minecraft:walk_under_water_one_cm":36677,"minecraft:boat_one_cm":204175,"minecraft:jump":3071,"minecraft:walk_on_water_one_cm":45042,"minecraft:total_world_time":141846,"minecraft:interact_with_furnace":57,"minecraft:sleep_in_bed":1,"minecraft:time_since_rest":2351,"minecraft:damage_taken":2254,"minecraft:damage_dealt":18162,"minecraft:swim_one_cm":71089,"minecraft:fly_one_cm":540164,"minecraft:open_chest":33,"minecraft:crouch_one_cm":63577,"minecraft:fall_one_cm":73288}},"DataVersion":3465}