{"stats":{"minecraft:mined":{"minecraft:red_bed":1,"brewery:gingerbread":3,"minecraft:dark_oak_fence":1,"minecraft:grass_block":1,"minecells:rotting_corpse":1,"twigs:twig":1,"minecraft:tall_grass":19,"brewery:beer_hops":2,"promenade:maple_log":3,"treechop:chopped_log":1,"minecraft:grass":3,"minecraft:bookshelf":12,"minecraft:cobweb":9,"ae2:sky_stone_block":1,"minecraft:stone":7},"minecraft:picked_up":{"minecraft:brown_mushroom":3,"minecraft:lily_pad":1,"supplementaries:flax_seeds":1,"soulsweapons:soul_ingot":1,"minecraft:soul_soil":1,"minecraft:string":9,"minecraft:red_bed":1,"minecraft:lantern":1,"fishofthieves:stormfish":2,"bewitchment:mandrake_seeds":1,"minecraft:cobbled_deepslate_slab":1,"minecraft:iron_ingot":1,"promenade:maple_log":34,"twigs:twig":11,"minecraft:egg":2,"minecraft:book":36,"brewery:gingerbread":3,"bewitchment:belladonna_seeds":1,"soulsweapons:translucent_double_greatsword":1,"promenade:vermilion_maple_sapling":15,"minecraft:rotten_flesh":11,"promenade:sap_maple_sapling":22,"minecraft:emerald":1,"minecraft:bread":44,"promenade:apricot":2,"promenade:maple_planks":1,"minecraft:white_wool":2,"minecraft:cobblestone":4},"minecraft:used":{"promenade:apricot":2,"soulsweapons:translucent_double_greatsword":34,"minecraft:stone_sword":114,"fishofthieves:stormfish":2,"promenade:sap_maple_sapling":1,"spellbladenext:arcane_blade":1,"promenade:vermilion_maple_sapling":6,"minecraft:white_wool":2,"minecraft:red_bed":1,"minecraft:crafting_table":1,"promenade:maple_planks":77,"paladins:iron_mace":2,"minecraft:lantern":1,"minecraft:bread":20,"minecraft:iron_pickaxe":8,"minecraft:stone_axe":1,"minecraft:cobblestone":4,"minecraft:goat_horn":3,"minecraft:egg":2,"minecraft:potato":3,"brewery:gingerbread":3,"minecraft:experience_bottle":2,"minecraft:cobweb":9},"minecraft:killed":{"naturalist:butterfly":1,"soulsweapons:remnant":2,"minecraft:zombie_horse":4,"minecraft:pillager":1,"minecraft:zombie":7},"minecraft:custom":{"lootr:looted_stat":44,"minecraft:interact_with_furnace":1,"minecraft:mob_kills":16,"minecraft:traded_with_villager":1,"minecraft:interact_with_crafting_table":2,"minecraft:open_barrel":2,"minecraft:damage_dealt_resisted":0,"minecraft:leave_game":2,"minecraft:time_since_death":82881,"minecraft:sleep_in_bed":1,"minecraft:climb_one_cm":4856,"minecraft:hex":0,"minecraft:time_since_rest":10043,"minecraft:sprint_one_cm":137752,"minecraft:damage_taken":845,"minecraft:walk_one_cm":140757,"minecraft:drop":29,"minecraft:damage_dealt":3257,"minecraft:swim_one_cm":4981,"minecraft:talked_to_villager":8,"minecraft:fly_one_cm":221688,"minecraft:open_chest":2,"minecraft:crouch_one_cm":6637,"minecraft:play_time":82881,"minecraft:sneak_time":2878,"minecraft:walk_under_water_one_cm":1062,"minecraft:jump":1136,"minecraft:walk_on_water_one_cm":1705,"minecraft:threat":1,"minecraft:total_world_time":82881,"minecraft:fall_one_cm":39350},"minecraft:dropped":{"minecraft:iron_ingot":1,"minecraft:bread":44,"minecraft:stone_axe":1,"minecraft:brown_mushroom":3,"minecraft:soul_soil":1,"minecraft:wheat_seeds":6,"minecraft:stone_sword":1,"soulsweapons:translucent_double_greatsword":1,"minecraft:rotten_flesh":11,"promenade:sap_maple_sapling":21,"minecraft:cobbled_deepslate_slab":1,"minecraft:carrot":14,"minecraft:cod":1,"supplementaries:flax_seeds":1,"minecraft:potato":5,"minecraft:iron_chestplate":1,"minecraft:gold_nugget":5,"minecraft:bone_meal":9,"fishofthieves:stormfish":2,"minecraft:blue_orchid":6,"promenade:vermilion_maple_sapling":9,"bewitchment:belladonna_seeds":1,"twigs:twig":2},"minecraft:crafted":{"minecraft:crafting_table":1,"minecraft:bone_meal":9,"minecraft:stone_axe":1,"minecraft:stick":18,"promenade:maple_planks":136,"minecraft:iron_pickaxe":1}},"DataVersion":3465}