{"stats":{"minecraft:killed_by":{"dweller_dweller:dweller_dweller":1},"minecraft:killed":{"dweller_dweller:dweller_dweller":1,"alexsmobs:snow_leopard":1,"minecraft:pig":3,"minecraft:zombie":24,"minecraft:cow":3},"minecraft:crafted":{"minecraft:wooden_sword":1,"minecraft:oak_planks":156,"minecraft:furnace":1,"minecraft:stone_pickaxe":1,"minecraft:birch_door":3,"minecraft:cooked_porkchop":4,"minecraft:crafting_table":3,"pointblank:gunmetal_ingot":6,"minecraft:spruce_planks":16,"minecraft:wooden_pickaxe":1,"minecraft:bucket":1,"minecraft:birch_planks":26,"minecraft:stone_axe":1,"minecraft:orange_dye":1,"minecraft:air":0,"minecraft:stick":12,"minecraft:iron_pickaxe":1,"minecraft:iron_ingot":6,"minecraft:wooden_axe":3},"minecraft:mined":{"create:zinc_ore":8,"minecraft:spruce_planks":1,"minecraft:deepslate_diamond_ore":8,"minecraft:jack_o_lantern":15,"projectvibrantjourneys:rocks":4,"psg:sulphur_ore":9,"minecraft:grass_block":5,"minecraft:spruce_leaves":1,"minecraft:acacia_slab":1,"minecraft:moss_block":3,"minecraft:large_fern":2,"minecraft:redstone_ore":5,"minecraft:furnace":2,"minecraft:iron_ore":11,"minecraft:acacia_stairs":2,"projectvibrantjourneys:orange_bark_mushroom":1,"minecraft:deepslate_iron_ore":25,"projectvibrantjourneys:ice_chunks":1,"minecraft:stone":51,"projectvibrantjourneys:cattail":2,"minecraft:deepslate_redstone_ore":3,"minecraft:blackstone":1,"psg:potassium_ore":1,"psg:deepslate_sulphur_ore":7,"minecraft:crafting_table":6,"minecraft:clay":3,"minecraft:copper_ore":11,"minecraft:deepslate_coal_ore":10,"minecraft:lapis_ore":2,"minecraft:deepslate_gold_ore":7,"minecraft:oak_planks":3,"minecraft:birch_log":3,"k_turrets:deepslate_titanium_ore":1,"minecraft:ice":1,"k_turrets:titanium_ore":3,"minecraft:grass":2,"minecraft:coal_ore":19,"minecraft:oak_log":2,"projectvibrantjourneys:short_grass":5,"projectvibrantjourneys:pinecones":1,"minecraft:dirt":8,"minecraft:smooth_basalt":1,"minecraft:acacia_planks":2,"minecraft:deepslate":3},"minecraft:broken":{"minecraft:stone_axe":1},"minecraft:picked_up":{"minecraft:crafting_table":8,"minecraft:birch_door":1,"minecraft:clay_ball":12,"projectvibrantjourneys:ice_chunks":1,"minecraft:string":2,"minecraft:moss_carpet":4,"minecraft:raw_copper":75,"minecraft:blackstone":1,"minecraft:cobbled_deepslate":3,"minecraft:spruce_planks":1,"minecraft:beef":6,"minecraft:iron_pickaxe":1,"minecraft:birch_sapling":1,"minecraft:phantom_membrane":1,"minecraft:furnace":3,"minecraft:stick":95,"minecraft:raw_iron":54,"marbledsarsenal:police_baton":1,"projectvibrantjourneys:bark_mushroom":2,"effortlessbuilding:muscles":1,"minecraft:porkchop":10,"pointblank:gunmetal_nugget":119,"psg:sulphur":154,"minecraft:redstone":67,"pointblank:m1911a1":1,"pointblank:ammo45acp":36,"minecraft:rotten_flesh":48,"k_turrets:raw_titanium":1,"projectvibrantjourneys:cattail":2,"minecraft:cobblestone":48,"minecraft:birch_log":4,"minecraft:cooked_beef":2,"projectvibrantjourneys:fallen_leaves":2,"minecraft:leather":4,"minecraft:filled_map":1,"projectvibrantjourneys:birch_hollow_log":5,"create:raw_zinc":8,"minecraft:oak_log":103,"minecraft:gunpowder":2,"marbledsarsenal:cm6m_gas_mask":1,"minecraft:lapis_lazuli":28,"minecraft:dirt":5,"minecraft:leather_boots":1,"minecraft:bone":10,"minecraft:acacia_planks":2,"minecraft:apple":1,"minecraft:wheat_seeds":2,"minecraft:raw_gold":7,"minecraft:moss_block":2,"minecraft:oak_planks":22,"minecraft:flowering_azalea":2,"projectvibrantjourneys:light_brown_bark_mushroom":5,"minecraft:smooth_basalt":2,"minecraft:cooked_porkchop":4,"psg:raw_potassium":3,"minecraft:spruce_sapling":122,"minecraft:spruce_log":614,"minecraft:acacia_stairs":2,"minecraft:spider_eye":2,"alexsmobs:animal_dictionary":1,"minecraft:diamond":10,"minecraft:stone_axe":1,"minecraft:jack_o_lantern":15,"projectvibrantjourneys:orange_bark_mushroom":10,"minecraft:oak_sapling":59,"minecraft:coal":37,"projectvibrantjourneys:pinecones":1},"minecraft:custom":{"minecraft:mob_kills":33,"minecraft:interact_with_crafting_table":13,"minecraft:damage_dealt_resisted":147,"minecraft:time_since_death":38300,"minecraft:climb_one_cm":58,"minecraft:sprint_one_cm":98516,"minecraft:walk_one_cm":129903,"minecraft:drop":49,"minecraft:play_time":76917,"minecraft:deaths":1,"minecraft:walk_under_water_one_cm":25861,"minecraft:sneak_time":25154,"minecraft:boat_one_cm":99789,"minecraft:jump":1553,"minecraft:walk_on_water_one_cm":34513,"minecraft:total_world_time":76917,"minecraft:interact_with_furnace":9,"minecraft:time_since_rest":38340,"minecraft:damage_taken":1114,"minecraft:damage_dealt":12952,"minecraft:fly_one_cm":189656,"minecraft:swim_one_cm":30559,"minecraft:open_chest":4,"minecraft:crouch_one_cm":43491,"minecraft:fall_one_cm":29975},"minecraft:used":{"minecraft:spruce_planks":17,"minecraft:rotten_flesh":2,"minecraft:dirt":5,"minecraft:birch_door":3,"minecraft:wooden_axe":5,"minecraft:birch_sapling":1,"marbledsarsenal:police_baton":151,"projectvibrantjourneys:cattail":1,"minecraft:furnace":2,"minecraft:cooked_beef":2,"minecraft:cobbled_deepslate":1,"minecraft:water_bucket":3,"minecraft:stone_pickaxe":87,"minecraft:oak_planks":123,"minecraft:wooden_pickaxe":23,"minecraft:crafting_table":8,"minecraft:apple":1,"minecraft:bread":9,"minecraft:iron_pickaxe":94,"projectvibrantjourneys:ice_chunks":1,"minecraft:stone_axe":86,"minecraft:wooden_sword":6,"minecraft:cooked_porkchop":5,"minecraft:bucket":3,"alexsmobs:animal_dictionary":1},"minecraft:dropped":{"minecraft:moss_block":2,"minecraft:porkchop":5,"minecraft:wheat_seeds":2,"minecraft:orange_dye":1,"minecraft:crafting_table":2,"minecraft:cobblestone":1,"minecraft:leather":4,"projectvibrantjourneys:orange_bark_mushroom":9,"minecraft:coal":1,"minecraft:stick":3,"projectvibrantjourneys:fallen_leaves":2,"minecraft:gold_nugget":9,"minecraft:wooden_sword":1,"minecraft:phantom_membrane":1,"minecraft:flowering_azalea":2,"minecraft:string":1,"projectvibrantjourneys:bark_mushroom":2,"minecraft:spruce_sapling":122,"minecraft:smooth_basalt":2,"minecraft:redstone":1,"minecraft:moss_carpet":4,"minecraft:blackstone":1,"minecraft:cobbled_deepslate":2,"minecraft:clay_ball":12,"psg:raw_potassium":1,"minecraft:acacia_stairs":2,"pointblank:gunmetal_nugget":8,"minecraft:filled_map":2,"projectvibrantjourneys:light_brown_bark_mushroom":5,"minecraft:oak_sapling":59,"k_turrets:raw_titanium":1,"projectvibrantjourneys:pinecones":1,"projectvibrantjourneys:cattail":1,"minecraft:wooden_pickaxe":1,"minecraft:stone_pickaxe":1,"minecraft:beef":6}},"DataVersion":3465}