{"stats":{"minecraft:killed_by":{"minecraft:zombie":1},"minecraft:picked_up":{"projectvibrantjourneys:light_brown_bark_mushroom":1,"minecraft:stick":4,"minecraft:crafting_table":1,"marbledsarsenal:police_baton":1,"ecologics:coconut_slice":12,"projectvibrantjourneys:fallen_leaves":2,"minecraft:brown_wool":1,"minecraft:gravel":2,"projectvibrantjourneys:bones":2,"minecraft:spruce_sapling":5,"projectvibrantjourneys:rocks":4,"projectvibrantjourneys:sea_oats":5,"marbledsarsenal:cm6m_gas_mask":1,"minecraft:dirt":6,"pointblank:m1911a1":2,"pointblank:ammo45acp":64,"minecraft:leather_boots":1,"projectvibrantjourneys:seashells":4,"minecraft:wheat_seeds":1,"ecologics:coconut_log":5,"minecraft:gray_wool":1,"minecraft:bread":9,"projectvibrantjourneys:orange_bark_mushroom":1,"projectvibrantjourneys:twigs":1,"minecraft:chest":1,"minecraft:mutton":7,"ecologics:crab_claw":1,"minecraft:white_wool":2,"minecraft:cobblestone":1},"minecraft:used":{"projectvibrantjourneys:rocks":3,"marbledsarsenal:police_baton":13,"minecraft:gravel":2,"minecraft:spruce_sapling":5,"minecraft:leather_boots":1,"minecraft:dirt":6,"marbledsarsenal:cm6m_gas_mask":1,"projectvibrantjourneys:seashells":1},"minecraft:custom":{"minecraft:time_since_rest":27530,"minecraft:interact_with_furnace":1,"minecraft:sprint_one_cm":38143,"minecraft:damage_taken":387,"minecraft:walk_one_cm":44694,"minecraft:mob_kills":6,"minecraft:drop":5,"minecraft:damage_dealt":534,"minecraft:swim_one_cm":1497,"minecraft:fly_one_cm":57157,"minecraft:open_chest":1,"minecraft:crouch_one_cm":1681,"minecraft:play_time":29681,"minecraft:deaths":2,"minecraft:sneak_time":504,"minecraft:walk_under_water_one_cm":83,"minecraft:boat_one_cm":176,"minecraft:jump":259,"minecraft:time_since_death":27469,"minecraft:walk_on_water_one_cm":1441,"minecraft:total_world_time":29681,"minecraft:fall_one_cm":7328},"minecraft:dropped":{"minecraft:wheat_seeds":1,"projectvibrantjourneys:fallen_leaves":2,"minecraft:cobblestone":1,"pointblank:m1911a1":1},"minecraft:killed":{"minecraft:sheep":4,"ecologics:coconut_crab":1,"alexsmobs:fly":1},"minecraft:mined":{"projectvibrantjourneys:sea_oats":8,"projectvibrantjourneys:rocks":1,"minecraft:crafting_table":1,"projectvibrantjourneys:twigs":1,"minecraft:grass":2,"minecraft:grass_block":4,"projectvibrantjourneys:short_grass":3,"minecraft:chest":1,"minecraft:gravel":2,"minecraft:dirt":2,"ecologics:coconut_log":6,"projectvibrantjourneys:fallen_leaves":1}},"DataVersion":3465}