{"stats":{"minecraft:mined":{"minecells:putrid_log":15,"minecraft:grass_block":1,"twigs:twig":1,"modern_industrialization:lignite_coal_ore":24,"brewery:beer_hops":2,"minecells:putrid_board_block":2,"minecells:bloomrock_tiles":2,"minecraft:gilded_blackstone":1,"minecraft:spawner":2,"minecraft:iron_ore":4,"minecraft:fire":2,"minecraft:iron_bars":2,"minecells:wilted_wall_leaves":1,"minecells:king_statue":3,"create:limestone":1,"ae2:large_quartz_bud":1,"minecraft:red_bed":1,"minecells:putrid_planks":65,"minecraft:cobblestone":3,"regions_unexplored:pine_log":1,"minecells:bloomrock":2,"techreborn:silver_ore":9,"minecraft:wheat":2,"minecraft:grass":3,"ae2:small_quartz_bud":1,"minecells:bloomrock_wilted_grass_block":1,"brewery:gingerbread":3,"minecraft:dark_oak_fence":1,"minecells:rotting_corpse":1,"promenade:maple_log":3,"techreborn:lead_ore":7,"treechop:chopped_log":1,"ae2:mysterious_cube":1,"minecraft:bookshelf":12,"bewitchment:salt_ore":10,"ae2:sky_stone_block":3,"minecraft:stone":18,"ad_astra:sky_stone":3,"supplementaries:book_pile_horizontal":1,"minecraft:snow_block":18,"minecells:wilted_leaves":1,"minecraft:crafting_table":2,"modern_industrialization:nickel_ore":3,"minecraft:copper_ore":2,"minecraft:tall_grass":19,"minecells:alchemy_equipment_0":1,"techreborn:tin_ore":16,"supplementaries:urn":3,"techreborn:ruby_ore":24,"minecraft:coal_ore":32,"minecraft:cobweb":9},"minecraft:picked_up":{"techreborn:raw_tin":5,"beachparty:rubber_ring_axolotl":1,"minecraft:enchanted_book":2,"minecraft:gilded_blackstone":1,"minecraft:string":9,"minecraft:soul_soil":1,"minecraft:raw_copper":12,"minecraft:iron_leggings":1,"fishofthieves:stormfish":2,"techreborn:nickel_ingot":2,"regions_unexplored:pine_log":13,"minecraft:iron_pickaxe":3,"minecells:transposition_core":2,"minecraft:iron_boots":1,"minecells:guts":15,"minecraft:stick":1,"minecraft:torch":6,"simplyswords:arcanethyst":1,"minecells:putrid_log":68,"minecells:putrid_fence":2,"minecraft:goat_horn":3,"ae2:sky_stone_block":8,"minecraft:rotten_flesh":37,"minecells:putrid_board_block":2,"promenade:apricot":2,"minecraft:snowball":72,"minecraft:cobblestone":11,"supplementaries:flax_seeds":1,"minecraft:lantern":1,"minecraft:bone":1,"minecraft:bow":1,"minecraft:wheat_seeds":7,"minecraft:cobbled_deepslate_slab":1,"minecraft:raw_gold":8,"adventurez:raw_venison":2,"ae2:logic_processor_press":1,"twigs:twig":48,"brewery:gingerbread":3,"regions_unexplored:pine_sapling":2,"fishofthieves:islehopper":2,"techreborn:raw_lead":9,"minecells:metal_shards":2,"techreborn:red_garnet_gem":5,"simplyswords:diamond_spear":1,"minecells:explosive_bulb":2,"minecraft:diamond":1,"simplyswords:soulpyre":1,"simplyswords:diamond_chakram":1,"minecells:bloomrock":10,"minecraft:emerald":10,"minecraft:bread":61,"minecells:boss_stem_cell":1,"modern_industrialization:lignite_coal":48,"minecraft:crafting_table":2,"minecraft:brown_mushroom":3,"minecells:king_statue":3,"ae2:silicon_press":1,"minecraft:shield":1,"ad_astra:sky_stone":6,"minecells:bloomrock_tiles":3,"minecraft:red_bed":1,"techreborn:raw_silver":13,"minecells:sewer_calamari":16,"minecraft:beef":1,"minecells:vine_rune":9,"minecraft:egg":2,"minecraft:raw_iron":4,"minecells:monsters_eye":6,"minecells:arcane_goo":3,"sophisticatedbackpacks:backpack":1,"techreborn:ruby_gem":38,"techreborn:steel_ingot":2,"minecraft:arrow":30,"ae2:certus_quartz_dust":4,"promenade:sap_maple_sapling":22,"minecraft:gold_ingot":6,"ae2:calculation_processor_press":1,"promenade:maple_planks":1,"minecraft:white_wool":2,"minecraft:glow_ink_sac":3,"minecraft:leather":19,"minecraft:red_mushroom":11,"croptopia:glowing_calamari":1,"minecraft:lily_pad":1,"minecraft:gunpowder":2,"soulsweapons:soul_ingot":1,"simplyswords:diamond_glaive":1,"minecraft:white_banner":1,"minecells:putrid_planks":84,"simplyswords:iron_warglaive":1,"bewitchment:mandrake_seeds":1,"minecraft:iron_ingot":1,"promenade:maple_log":34,"minecraft:book":40,"minecells:monster_cell":74,"minecells:infected_flesh":20,"bewitchment:belladonna_seeds":1,"bewitchment:salt":1,"soulsweapons:translucent_double_greatsword":1,"promenade:vermilion_maple_sapling":15,"modern_industrialization:raw_nickel":3,"minecraft:slime_ball":12,"minecraft:iron_helmet":1,"paladins:iron_mace":1,"ae2:engineering_processor_press":1,"simplyswords:iron_chakram":1,"minecraft:coal":36},"minecraft:killed_by":{"minecells:leaping_zombie":1},"minecraft:broken":{"minecraft:iron_chestplate":1,"techreborn:ruby_helmet":1,"techreborn:ruby_leggings":1,"techreborn:ruby_boots":1},"minecraft:used":{"regions_unexplored:pine_planks":7,"spellbladenext:frost_claymore":2267,"simplyswords:thunderbrand":63,"minecraft:chest":1,"simplyswords:diamond_twinblade":8,"beachparty:rubber_ring_axolotl":2,"minecraft:lantern":1,"minecraft:bow":1,"minecraft:egg":2,"minecraft:potato":3,"promenade:apricot":2,"promenade:sap_maple_sapling":1,"spellbladenext:arcane_blade":14,"promenade:vermilion_maple_sapling":6,"minecraft:white_wool":2,"minecraft:golden_apple":1,"techreborn:ruby_axe":1,"minecraft:bread":131,"brewery:gingerbread":3,"minecraft:experience_bottle":2,"minecraft:cobweb":9,"minecraft:stone_sword":114,"simplyswords:diamond_glaive":12,"fishofthieves:stormfish":2,"minecraft:wooden_shovel":18,"minecraft:torch":6,"minecraft:dark_oak_planks":44,"ae2:sky_stone_block":20,"minecells:guts":1,"minecraft:goat_horn":5,"soulsweapons:translucent_double_greatsword":34,"minecells:putrid_planks":227,"minecells:putrid_board_block":7,"simplyswords:slumbering_lichblade":1,"minecraft:crafting_table":10,"minecraft:red_bed":1,"promenade:maple_planks":133,"paladins:iron_mace":3,"minecraft:book":4,"minecraft:apple":22,"techreborn:ruby_pickaxe":18,"minecraft:iron_pickaxe":166,"minecraft:stone_axe":1,"minecraft:cobblestone":11,"beachparty:rubber_ring_pelican":1},"minecraft:killed":{"minecraft:zombie_horse":4,"minecraft:skeleton":1,"minecells:sewers_tentacle":12,"minecells:leaping_zombie":53,"minecells:protector":3,"minecells:grenadier":5,"minecraft:salmon":1,"minecraft:pillager":9,"archon:mana_leech":4,"minecraft:zombie":7,"minecells:shieldbearer":5,"minecraft:cow":7,"minecells:mutated_bat":7,"minecraft:vindicator":2,"minecells:undead_archer":13,"naturalist:deer":1,"minecraft:husk":2,"minecells:runner":8,"naturalist:butterfly":1,"soulsweapons:remnant":2,"adventurez:deer":1,"friendsandfoes:moobloom":2},"minecraft:custom":{"lootr:looted_stat":197,"minecraft:interact_with_crafting_table":21,"minecraft:open_barrel":2,"minecraft:leave_game":2,"minecraft:time_since_death":13156,"minecraft:damage_resisted":0,"minecraft:sprint_one_cm":577816,"minecraft:drop":211,"minecraft:talked_to_villager":10,"minecraft:play_time":226881,"minecraft:deaths":2,"minecraft:jump":4464,"minecraft:walk_on_water_one_cm":15860,"minecraft:interact_with_furnace":1,"minecraft:traded_with_villager":1,"minecraft:sleep_in_bed":2,"minecraft:damage_dealt":34618,"minecraft:crouch_one_cm":10490,"minecraft:mob_kills":152,"minecraft:damage_dealt_resisted":0,"minecraft:climb_one_cm":7010,"minecraft:walk_one_cm":604725,"minecraft:target_hit":1,"minecraft:raid_win":1,"minecraft:sneak_time":3970,"minecraft:walk_under_water_one_cm":8354,"minecraft:total_world_time":226881,"minecraft:hex":0,"minecraft:time_since_rest":13680,"minecraft:damage_taken":7691,"minecraft:damage_absorbed":41,"minecraft:swim_one_cm":21424,"minecraft:fly_one_cm":1018680,"minecraft:open_chest":21,"minecraft:threat":63,"minecraft:fall_one_cm":128163},"minecraft:dropped":{"minecraft:iron_sword":2,"minecraft:brown_mushroom":3,"minecraft:glow_ink_sac":3,"techreborn:advanced_alloy_ingot":1,"minecraft:diamond":1,"soulsweapons:translucent_double_greatsword":2,"minecraft:dark_oak_sapling":2,"fishofthieves:islehopper":2,"simplyswords:iron_halberd":2,"minecells:putrid_sapling":6,"minecraft:red_mushroom":11,"minecraft:cod":1,"minecells:bloomrock_tiles":3,"minecells:infected_flesh":23,"techreborn:raw_tin":5,"modern_industrialization:raw_nickel":3,"minecraft:snowball":72,"minecraft:chain":3,"minecraft:gold_nugget":5,"minecraft:bone_meal":9,"minecraft:iron_pickaxe":5,"ftbquests:book":1,"bewitchment:belladonna_seeds":1,"twigs:twig":39,"techreborn:ruby_chestplate":1,"minecraft:stone_axe":1,"minecells:king_statue":3,"minecraft:compass":7,"minecraft:goat_horn":4,"bewitchment:salt":1,"minecraft:iron_nugget":1,"archon:removal_scroll":1,"minecells:putrid_planks":166,"minecraft:rotten_flesh":31,"simplyswords:arcanethyst":1,"techreborn:ruby_pickaxe":1,"minecraft:carrot":14,"patchouli:guide_book":1,"beachparty:rubber_ring_axolotl":1,"supplementaries:flax_seeds":1,"techreborn:raw_silver":13,"minecraft:gunpowder":2,"modern_industrialization:lignite_coal":48,"fishofthieves:stormfish":2,"minecraft:arrow":1,"minecraft:beef":1,"adventurez:raw_venison":2,"minecraft:enchanted_book":23,"minecraft:iron_ingot":1,"minecells:putrid_log":7,"minecraft:bread":66,"minecraft:wheat_seeds":13,"simplyswords:diamond_chakram":1,"paladins:iron_mace":2,"techreborn:raw_lead":9,"ae2:sky_stone_block":8,"minecraft:feather":4,"minecraft:iron_helmet":3,"promenade:sap_maple_sapling":21,"minecraft:apple":40,"techreborn:steel_ingot":2,"regions_unexplored:pine_sapling":2,"minecraft:coal":4,"minecraft:stick":21,"minecells:bloomrock":26,"ad_astra:sky_stone":6,"minecells:putrid_fence":2,"minecells:red_putrid_sapling":16,"minecraft:iron_leggings":4,"simplyswords:sword_on_a_stick":1,"minecraft:white_banner":1,"promenade:vermilion_maple_sapling":9,"minecraft:string":46,"techreborn:nickel_ingot":3,"croptopia:glowing_calamari":1,"simplyswords:diamond_cutlass":1,"techreborn:red_garnet_gem":5,"minecraft:soul_soil":1,"minecraft:stone_sword":1,"minecraft:raw_copper":12,"simplyswords:gold_warglaive":1,"minecraft:diamond_hoe":2,"minecraft:iron_boots":3,"techreborn:ruby_gem":2,"minecraft:cobbled_deepslate_slab":1,"simplyswords:soulpyre":1,"minecraft:potato":5,"minecraft:shield":2,"minecells:orange_putrid_sapling":8,"minecells:putrid_board_block":9,"bewitchment:mandrake_seeds":1,"minecraft:iron_chestplate":3,"ae2:certus_quartz_dust":4,"minecraft:wooden_shovel":1,"simplyswords:iron_longsword":1,"minecells:guts":1,"minecraft:blue_orchid":6,"minecraft:bow":2,"simplyswords:iron_warglaive":1,"simplyswords:slumbering_lichblade":1},"minecraft:crafted":{"techreborn:ruby_leggings":1,"techreborn:ruby_boots":1,"minecells:putrid_planks":272,"minecraft:iron_boots":3,"minecraft:chest":1,"techreborn:ruby_axe":1,"minecraft:wooden_shovel":1,"minecraft:crafting_table":8,"minecraft:iron_helmet":3,"minecraft:iron_chestplate":3,"sophisticatedbackpacks:diamond_backpack":1,"minecraft:stick":30,"minecraft:iron_pickaxe":1,"techreborn:ruby_helmet":1,"minecraft:bone_meal":9,"promenade:maple_planks":136,"minecraft:dark_oak_planks":44,"sophisticatedbackpacks:iron_backpack":1,"techreborn:ruby_spade":1,"sophisticatedbackpacks:gold_backpack":1,"minecraft:stone_axe":1,"techreborn:ruby_pickaxe":2,"regions_unexplored:pine_planks":52,"techreborn:ruby_chestplate":1,"minecraft:golden_apple":1,"minecraft:iron_leggings":3}},"DataVersion":3465}