{"stats":{"minecraft:killed_by":{"minecraft:zombie":1},"minecraft:picked_up":{"minecraft:crafting_table":3,"minecraft:prismarine_shard":3,"ecologics:coconut_planks":16,"projectvibrantjourneys:fallen_leaves":2,"minecraft:brown_wool":2,"minecraft:mourner_pottery_sherd":1,"minecraft:red_mushroom":1,"projectvibrantjourneys:birch_hollow_log":3,"minecraft:oak_log":10,"minecraft:shield":1,"projectvibrantjourneys:rocks":4,"projectvibrantjourneys:sea_oats":10,"marbledsarsenal:cm6m_gas_mask":1,"minecraft:dirt":13,"minecraft:leather_boots":1,"minecraft:bone":2,"minecraft:apple":3,"minecraft:wheat_seeds":1,"comforts:sleeping_bag_white":2,"minecraft:chest":2,"minecraft:oak_planks":32,"ecologics:crab_claw":2,"minecraft:furnace":3,"projectvibrantjourneys:light_brown_bark_mushroom":1,"minecraft:stick":11,"minecraft:raw_iron":34,"marbledsarsenal:police_baton":1,"minecraft:sweet_berries":49,"ecologics:coconut_slice":24,"psg:raw_potassium":8,"psg:sulphur":74,"minecraft:gravel":2,"projectvibrantjourneys:bones":2,"pointblank:gunmetal_nugget":4,"minecraft:amethyst_shard":4,"minecraft:skull_pottery_sherd":1,"minecraft:prize_pottery_sherd":2,"minecraft:spruce_sapling":5,"minecraft:blast_furnace":2,"minecraft:diorite":4,"pointblank:ammo45acp":64,"pointblank:m1911a1":2,"projectvibrantjourneys:seashells":4,"minecraft:miner_pottery_sherd":1,"k_turrets:raw_titanium":24,"ecologics:coconut_log":5,"minecraft:gray_wool":2,"minecraft:bread":9,"minecraft:oak_sapling":1,"projectvibrantjourneys:orange_bark_mushroom":1,"projectvibrantjourneys:twigs":2,"minecraft:mutton":21,"minecraft:coal":113,"minecraft:white_wool":8,"minecraft:cobblestone":185},"minecraft:broken":{"minecraft:stone_pickaxe":2},"minecraft:used":{"minecraft:oak_fence":5,"projectvibrantjourneys:rocks":4,"minecraft:stone_pickaxe":264,"minecraft:chest":1,"projectvibrantjourneys:birch_hollow_log":1,"minecraft:leather_boots":1,"minecraft:dirt":13,"minecraft:crafting_table":3,"minecraft:blast_furnace":2,"projectvibrantjourneys:seashells":1,"minecraft:bread":1,"minecraft:brown_wool":1,"marbledsarsenal:police_baton":27,"minecraft:spruce_sapling":7,"minecraft:gravel":2,"minecraft:stone_axe":2,"minecraft:cobblestone":8,"minecraft:oak_sapling":1,"minecraft:sweet_berries":31,"minecraft:furnace":5,"alexsmobs:animal_dictionary":1,"marbledsarsenal:cm6m_gas_mask":1,"comforts:sleeping_bag_white":1,"minecraft:gray_wool":1},"minecraft:crafted":{"minecraft:oak_planks":40,"minecraft:iron_nugget":9,"minecraft:crafting_table":1,"ecologics:coconut_planks":20,"comforts:sleeping_bag_white":1,"minecraft:brown_dye":1,"minecraft:furnace":2,"minecraft:copper_ingot":42,"minecraft:bone":2,"minecraft:stone_axe":3,"minecraft:orange_dye":1,"minecraft:cooked_mutton":11,"minecraft:air":0,"create:copper_nugget":9,"minecraft:shield":3,"minecraft:stick":4,"psg:potassium":8,"minecraft:iron_ingot":34,"minecraft:iron_pickaxe":1,"minecraft:stone_pickaxe":2,"minecraft:prismarine_shard":3},"minecraft:custom":{"minecraft:interact_with_furnace":25,"minecraft:mob_kills":10,"minecraft:interact_with_crafting_table":16,"minecraft:time_since_death":63469,"minecraft:sleep_in_bed":2,"minecraft:time_since_rest":2859,"minecraft:sprint_one_cm":124923,"minecraft:damage_taken":464,"minecraft:walk_one_cm":112721,"minecraft:drop":24,"minecraft:damage_dealt":948,"minecraft:swim_one_cm":2465,"minecraft:fly_one_cm":177135,"minecraft:open_chest":23,"minecraft:crouch_one_cm":27191,"minecraft:play_time":65681,"minecraft:deaths":2,"minecraft:sneak_time":8919,"minecraft:walk_under_water_one_cm":125,"minecraft:boat_one_cm":15958,"minecraft:jump":924,"minecraft:interact_with_blast_furnace":4,"minecraft:walk_on_water_one_cm":2642,"minecraft:total_world_time":65681,"minecraft:fall_one_cm":27031},"minecraft:killed":{"minecraft:sheep":8,"ecologics:coconut_crab":1,"alexsmobs:fly":1},"minecraft:dropped":{"minecraft:prize_pottery_sherd":1,"minecraft:stone_axe":2,"minecraft:brown_dye":1,"minecraft:wheat_seeds":1,"minecraft:orange_dye":1,"minecraft:mourner_pottery_sherd":2,"minecraft:cobblestone":1,"minecraft:red_mushroom":1,"minecraft:gray_wool":1,"minecraft:shield":3,"minecraft:diorite":2,"projectvibrantjourneys:fallen_leaves":2,"minecraft:brown_wool":1,"minecraft:chest":1,"minecraft:miner_pottery_sherd":2,"pointblank:m1911a1":1,"minecraft:skull_pottery_sherd":2},"minecraft:mined":{"minecraft:large_amethyst_bud":1,"projectvibrantjourneys:sea_oats":8,"minecraft:amethyst_cluster":1,"projectvibrantjourneys:rocks":2,"minecraft:crafting_table":3,"projectvibrantjourneys:twigs":1,"minecraft:blast_furnace":2,"minecraft:grass_block":14,"minecraft:decorated_pot":1,"minecraft:brown_wool":1,"minecraft:chest":2,"minecraft:tall_grass":6,"ecologics:coconut_log":6,"projectvibrantjourneys:fallen_leaves":1,"minecraft:diorite":2,"minecraft:gray_wool":1,"minecraft:furnace":3,"minecraft:iron_ore":35,"minecraft:sweet_berry_bush":8,"k_turrets:titanium_ore":20,"minecraft:grass":7,"projectvibrantjourneys:birch_hollow_log":2,"minecraft:coal_ore":56,"minecraft:oak_log":13,"projectvibrantjourneys:short_grass":10,"minecraft:gravel":2,"minecraft:dirt":4,"minecraft:stone":141}},"DataVersion":3465}