{"stats":{"minecraft:killed":{"minecraft:pig":3,"alexsmobs:snow_leopard":1,"minecraft:zombie":2},"minecraft:mined":{"minecraft:blackstone":1,"minecraft:deepslate_diamond_ore":3,"psg:deepslate_sulphur_ore":6,"projectvibrantjourneys:rocks":3,"psg:sulphur_ore":9,"minecraft:clay":1,"minecraft:crafting_table":4,"minecraft:grass_block":5,"minecraft:copper_ore":9,"minecraft:deepslate_coal_ore":10,"minecraft:spruce_leaves":1,"minecraft:lapis_ore":2,"minecraft:moss_block":2,"minecraft:large_fern":1,"minecraft:redstone_ore":5,"minecraft:furnace":1,"k_turrets:deepslate_titanium_ore":1,"minecraft:birch_log":3,"minecraft:iron_ore":11,"projectvibrantjourneys:orange_bark_mushroom":1,"minecraft:grass":2,"k_turrets:titanium_ore":3,"minecraft:coal_ore":11,"projectvibrantjourneys:short_grass":3,"minecraft:deepslate_iron_ore":25,"projectvibrantjourneys:pinecones":1,"minecraft:dirt":8,"projectvibrantjourneys:ice_chunks":1,"minecraft:smooth_basalt":1,"minecraft:stone":31,"minecraft:deepslate":1},"minecraft:crafted":{"minecraft:oak_planks":44,"minecraft:crafting_table":1,"minecraft:spruce_planks":16,"minecraft:wooden_pickaxe":1,"minecraft:bucket":1,"minecraft:birch_planks":26,"minecraft:orange_dye":1,"minecraft:air":0,"minecraft:stick":8,"minecraft:iron_ingot":6,"minecraft:iron_pickaxe":1,"minecraft:stone_pickaxe":1,"minecraft:wooden_axe":3,"minecraft:birch_door":3},"minecraft:picked_up":{"minecraft:birch_log":4,"minecraft:crafting_table":4,"minecraft:clay_ball":4,"projectvibrantjourneys:fallen_leaves":2,"projectvibrantjourneys:birch_hollow_log":5,"minecraft:oak_log":75,"minecraft:lapis_lazuli":14,"minecraft:dirt":5,"minecraft:moss_carpet":4,"minecraft:raw_copper":34,"minecraft:blackstone":1,"minecraft:apple":1,"minecraft:wheat_seeds":2,"minecraft:cobbled_deepslate":1,"minecraft:moss_block":1,"minecraft:birch_sapling":1,"minecraft:flowering_azalea":2,"minecraft:furnace":1,"projectvibrantjourneys:light_brown_bark_mushroom":5,"minecraft:stick":79,"minecraft:raw_iron":42,"minecraft:smooth_basalt":2,"psg:raw_potassium":1,"projectvibrantjourneys:bark_mushroom":2,"minecraft:porkchop":5,"pointblank:gunmetal_nugget":7,"psg:sulphur":74,"minecraft:spruce_sapling":122,"minecraft:spruce_log":324,"minecraft:redstone":21,"minecraft:diamond":3,"k_turrets:raw_titanium":1,"projectvibrantjourneys:orange_bark_mushroom":10,"minecraft:oak_sapling":59,"minecraft:coal":27,"minecraft:cobblestone":20,"projectvibrantjourneys:pinecones":1},"minecraft:custom":{"minecraft:interact_with_furnace":4,"minecraft:mob_kills":7,"minecraft:interact_with_crafting_table":9,"minecraft:time_since_death":28917,"minecraft:climb_one_cm":0,"minecraft:time_since_rest":28917,"minecraft:sprint_one_cm":55634,"minecraft:damage_taken":433,"minecraft:walk_one_cm":83622,"minecraft:drop":25,"minecraft:damage_dealt":1284,"minecraft:swim_one_cm":20235,"minecraft:fly_one_cm":94147,"minecraft:crouch_one_cm":9470,"minecraft:play_time":28917,"minecraft:sneak_time":3882,"minecraft:walk_under_water_one_cm":13026,"minecraft:jump":632,"minecraft:walk_on_water_one_cm":13760,"minecraft:total_world_time":28917,"minecraft:fall_one_cm":16457},"minecraft:dropped":{"minecraft:moss_carpet":4,"minecraft:moss_block":1,"minecraft:blackstone":1,"minecraft:porkchop":5,"minecraft:wheat_seeds":2,"minecraft:orange_dye":1,"minecraft:cobblestone":1,"minecraft:clay_ball":4,"psg:raw_potassium":1,"projectvibrantjourneys:orange_bark_mushroom":9,"projectvibrantjourneys:light_brown_bark_mushroom":5,"projectvibrantjourneys:fallen_leaves":2,"projectvibrantjourneys:pinecones":1,"minecraft:flowering_azalea":2,"minecraft:stone_pickaxe":1,"minecraft:wooden_pickaxe":1,"projectvibrantjourneys:bark_mushroom":2,"minecraft:redstone":1,"minecraft:smooth_basalt":2},"minecraft:used":{"minecraft:water_bucket":2,"minecraft:stone_pickaxe":87,"minecraft:spruce_planks":6,"minecraft:wooden_pickaxe":23,"minecraft:dirt":5,"minecraft:crafting_table":5,"minecraft:birch_door":2,"minecraft:wooden_axe":5,"minecraft:apple":1,"minecraft:iron_pickaxe":31,"minecraft:bread":9,"minecraft:birch_sapling":1,"marbledsarsenal:police_baton":28,"minecraft:furnace":1,"minecraft:bucket":3,"alexsmobs:animal_dictionary":1}},"DataVersion":3465}