{"stats":{"minecraft:killed_by":{"minecraft:zombie":1},"minecraft:picked_up":{"minecraft:crafting_table":2,"projectvibrantjourneys:fallen_leaves":2,"minecraft:brown_wool":2,"minecraft:mourner_pottery_sherd":1,"minecraft:red_mushroom":1,"projectvibrantjourneys:birch_hollow_log":2,"minecraft:oak_log":10,"projectvibrantjourneys:rocks":4,"projectvibrantjourneys:sea_oats":5,"marbledsarsenal:cm6m_gas_mask":1,"minecraft:dirt":8,"minecraft:leather_boots":1,"minecraft:apple":1,"minecraft:wheat_seeds":1,"comforts:sleeping_bag_white":1,"minecraft:chest":1,"ecologics:crab_claw":1,"projectvibrantjourneys:light_brown_bark_mushroom":1,"minecraft:stick":6,"minecraft:raw_iron":34,"marbledsarsenal:police_baton":1,"minecraft:sweet_berries":18,"ecologics:coconut_slice":12,"minecraft:gravel":2,"projectvibrantjourneys:bones":2,"minecraft:amethyst_shard":4,"minecraft:skull_pottery_sherd":1,"minecraft:prize_pottery_sherd":1,"minecraft:spruce_sapling":5,"minecraft:diorite":2,"pointblank:ammo45acp":64,"pointblank:m1911a1":2,"projectvibrantjourneys:seashells":4,"minecraft:miner_pottery_sherd":1,"k_turrets:raw_titanium":20,"ecologics:coconut_log":5,"minecraft:gray_wool":2,"minecraft:bread":9,"projectvibrantjourneys:orange_bark_mushroom":1,"projectvibrantjourneys:twigs":1,"minecraft:mutton":11,"minecraft:coal":56,"minecraft:white_wool":7,"minecraft:cobblestone":78},"minecraft:broken":{"minecraft:stone_pickaxe":1},"minecraft:used":{"projectvibrantjourneys:rocks":4,"minecraft:stone_pickaxe":186,"minecraft:chest":1,"projectvibrantjourneys:birch_hollow_log":1,"minecraft:leather_boots":1,"minecraft:dirt":8,"minecraft:crafting_table":2,"projectvibrantjourneys:seashells":1,"minecraft:brown_wool":1,"marbledsarsenal:police_baton":27,"minecraft:spruce_sapling":5,"minecraft:gravel":2,"minecraft:cobblestone":8,"minecraft:furnace":2,"marbledsarsenal:cm6m_gas_mask":1,"comforts:sleeping_bag_white":1,"minecraft:gray_wool":1},"minecraft:crafted":{"minecraft:oak_planks":40,"minecraft:iron_nugget":9,"minecraft:crafting_table":1,"ecologics:coconut_planks":20,"comforts:sleeping_bag_white":1,"minecraft:brown_dye":1,"minecraft:furnace":2,"minecraft:copper_ingot":41,"minecraft:bone":2,"minecraft:stone_axe":2,"minecraft:orange_dye":1,"minecraft:air":0,"create:copper_nugget":9,"minecraft:stick":4,"minecraft:iron_ingot":29,"minecraft:stone_pickaxe":2,"minecraft:prismarine_shard":3},"minecraft:custom":{"minecraft:interact_with_furnace":9,"minecraft:mob_kills":10,"minecraft:interact_with_crafting_table":10,"minecraft:time_since_death":51469,"minecraft:sleep_in_bed":1,"minecraft:time_since_rest":16221,"minecraft:sprint_one_cm":90402,"minecraft:damage_taken":397,"minecraft:walk_one_cm":78256,"minecraft:drop":12,"minecraft:damage_dealt":948,"minecraft:swim_one_cm":2465,"minecraft:fly_one_cm":137121,"minecraft:open_chest":3,"minecraft:crouch_one_cm":17897,"minecraft:play_time":53681,"minecraft:deaths":2,"minecraft:sneak_time":6494,"minecraft:walk_under_water_one_cm":125,"minecraft:boat_one_cm":15958,"minecraft:jump":749,"minecraft:interact_with_blast_furnace":3,"minecraft:walk_on_water_one_cm":2642,"minecraft:total_world_time":53681,"minecraft:fall_one_cm":22926},"minecraft:killed":{"minecraft:sheep":8,"ecologics:coconut_crab":1,"alexsmobs:fly":1},"minecraft:dropped":{"minecraft:stone_axe":2,"minecraft:brown_dye":1,"minecraft:wheat_seeds":1,"minecraft:orange_dye":1,"minecraft:cobblestone":1,"minecraft:red_mushroom":1,"minecraft:gray_wool":1,"projectvibrantjourneys:fallen_leaves":2,"minecraft:brown_wool":1,"pointblank:m1911a1":1},"minecraft:mined":{"minecraft:large_amethyst_bud":1,"projectvibrantjourneys:sea_oats":8,"minecraft:amethyst_cluster":1,"projectvibrantjourneys:rocks":1,"minecraft:crafting_table":2,"projectvibrantjourneys:twigs":1,"minecraft:grass_block":6,"minecraft:decorated_pot":1,"minecraft:brown_wool":1,"minecraft:chest":1,"minecraft:tall_grass":6,"ecologics:coconut_log":6,"projectvibrantjourneys:fallen_leaves":1,"minecraft:diorite":2,"minecraft:gray_wool":1,"minecraft:iron_ore":35,"minecraft:sweet_berry_bush":7,"k_turrets:titanium_ore":20,"minecraft:grass":7,"projectvibrantjourneys:birch_hollow_log":2,"minecraft:coal_ore":56,"minecraft:oak_log":13,"projectvibrantjourneys:short_grass":7,"minecraft:gravel":2,"minecraft:dirt":2,"minecraft:stone":68}},"DataVersion":3465}