{"stats":{"minecraft:killed_by":{"dweller_dweller:dweller_dweller":1},"minecraft:killed":{"minecraft:pig":3,"alexsmobs:snow_leopard":1,"minecraft:zombie":22,"minecraft:cow":3},"minecraft:crafted":{"minecraft:wooden_sword":1,"minecraft:oak_planks":52,"minecraft:cooked_porkchop":4,"minecraft:crafting_table":3,"minecraft:spruce_planks":16,"minecraft:wooden_pickaxe":1,"minecraft:furnace":1,"minecraft:bucket":1,"minecraft:birch_planks":26,"minecraft:orange_dye":1,"minecraft:air":0,"minecraft:stick":12,"minecraft:iron_ingot":6,"minecraft:iron_pickaxe":1,"minecraft:stone_pickaxe":1,"minecraft:wooden_axe":3,"minecraft:birch_door":3},"minecraft:mined":{"minecraft:deepslate_redstone_ore":3,"minecraft:spruce_planks":1,"minecraft:blackstone":1,"minecraft:deepslate_diamond_ore":3,"psg:deepslate_sulphur_ore":6,"projectvibrantjourneys:rocks":3,"psg:sulphur_ore":9,"minecraft:clay":1,"minecraft:crafting_table":5,"minecraft:grass_block":5,"minecraft:copper_ore":9,"minecraft:deepslate_coal_ore":10,"minecraft:spruce_leaves":1,"minecraft:lapis_ore":2,"minecraft:oak_planks":3,"minecraft:moss_block":2,"minecraft:large_fern":1,"minecraft:redstone_ore":5,"minecraft:furnace":2,"k_turrets:deepslate_titanium_ore":1,"minecraft:birch_log":3,"minecraft:iron_ore":11,"projectvibrantjourneys:orange_bark_mushroom":1,"minecraft:grass":2,"k_turrets:titanium_ore":3,"minecraft:oak_log":2,"minecraft:coal_ore":11,"projectvibrantjourneys:short_grass":4,"minecraft:deepslate_iron_ore":25,"projectvibrantjourneys:pinecones":1,"minecraft:dirt":8,"projectvibrantjourneys:ice_chunks":1,"minecraft:smooth_basalt":1,"minecraft:stone":31,"minecraft:deepslate":1},"minecraft:picked_up":{"minecraft:birch_log":4,"minecraft:crafting_table":7,"minecraft:clay_ball":4,"projectvibrantjourneys:fallen_leaves":2,"minecraft:leather":4,"projectvibrantjourneys:birch_hollow_log":5,"minecraft:oak_log":77,"minecraft:gunpowder":1,"minecraft:lapis_lazuli":14,"minecraft:string":1,"minecraft:dirt":5,"minecraft:moss_carpet":4,"minecraft:raw_copper":34,"minecraft:bone":5,"minecraft:blackstone":1,"minecraft:apple":1,"minecraft:wheat_seeds":2,"minecraft:cobbled_deepslate":1,"minecraft:spruce_planks":1,"minecraft:beef":6,"minecraft:moss_block":1,"minecraft:birch_sapling":1,"minecraft:oak_planks":2,"minecraft:flowering_azalea":2,"minecraft:phantom_membrane":1,"minecraft:furnace":2,"projectvibrantjourneys:light_brown_bark_mushroom":5,"minecraft:stick":79,"minecraft:raw_iron":42,"minecraft:smooth_basalt":2,"minecraft:cooked_porkchop":1,"psg:raw_potassium":1,"projectvibrantjourneys:bark_mushroom":2,"minecraft:porkchop":10,"pointblank:gunmetal_nugget":57,"psg:sulphur":74,"minecraft:spruce_sapling":122,"minecraft:spruce_log":324,"minecraft:redstone":34,"minecraft:spider_eye":1,"minecraft:rotten_flesh":21,"minecraft:diamond":3,"k_turrets:raw_titanium":1,"projectvibrantjourneys:orange_bark_mushroom":10,"minecraft:oak_sapling":59,"minecraft:coal":29,"minecraft:cobblestone":20,"projectvibrantjourneys:pinecones":1},"minecraft:custom":{"minecraft:interact_with_furnace":9,"minecraft:mob_kills":30,"minecraft:interact_with_crafting_table":11,"minecraft:damage_dealt_resisted":147,"minecraft:time_since_death":14300,"minecraft:climb_one_cm":0,"minecraft:time_since_rest":14340,"minecraft:sprint_one_cm":69206,"minecraft:damage_taken":779,"minecraft:walk_one_cm":103915,"minecraft:drop":39,"minecraft:damage_dealt":8433,"minecraft:swim_one_cm":20235,"minecraft:fly_one_cm":115233,"minecraft:crouch_one_cm":28905,"minecraft:deaths":1,"minecraft:play_time":52917,"minecraft:sneak_time":19027,"minecraft:walk_under_water_one_cm":14300,"minecraft:jump":1059,"minecraft:walk_on_water_one_cm":16739,"minecraft:total_world_time":52917,"minecraft:fall_one_cm":20028},"minecraft:dropped":{"minecraft:moss_carpet":4,"minecraft:moss_block":1,"minecraft:blackstone":1,"minecraft:porkchop":5,"minecraft:wheat_seeds":2,"minecraft:orange_dye":1,"minecraft:cobbled_deepslate":1,"minecraft:crafting_table":2,"minecraft:cobblestone":1,"minecraft:clay_ball":4,"minecraft:leather":4,"psg:raw_potassium":1,"projectvibrantjourneys:orange_bark_mushroom":9,"minecraft:coal":1,"minecraft:stick":3,"projectvibrantjourneys:light_brown_bark_mushroom":5,"projectvibrantjourneys:fallen_leaves":2,"k_turrets:raw_titanium":1,"minecraft:oak_sapling":59,"minecraft:wooden_sword":1,"minecraft:phantom_membrane":1,"projectvibrantjourneys:pinecones":1,"minecraft:flowering_azalea":2,"minecraft:beef":6,"minecraft:stone_pickaxe":1,"minecraft:wooden_pickaxe":1,"projectvibrantjourneys:bark_mushroom":2,"minecraft:spruce_sapling":122,"minecraft:redstone":1,"minecraft:smooth_basalt":2},"minecraft:used":{"minecraft:water_bucket":3,"minecraft:stone_pickaxe":87,"minecraft:oak_planks":22,"minecraft:spruce_planks":17,"minecraft:wooden_pickaxe":23,"minecraft:dirt":5,"minecraft:crafting_table":7,"minecraft:birch_door":2,"minecraft:wooden_axe":5,"minecraft:apple":1,"minecraft:iron_pickaxe":35,"minecraft:bread":9,"minecraft:birch_sapling":1,"marbledsarsenal:police_baton":144,"minecraft:wooden_sword":6,"minecraft:cooked_porkchop":2,"minecraft:furnace":2,"minecraft:bucket":3,"alexsmobs:animal_dictionary":1}},"DataVersion":3465}