{"stats":{"minecraft:picked_up":{"minecells:guts":3,"minecraft:iron_chestplate":1,"minecraft:wheat":1,"minecells:monster_cell":7,"minecraft:brown_mushroom":1,"fishofthieves:islehopper":1,"minecraft:red_mushroom":7,"minecells:infected_flesh":6,"sophisticatedbackpacks:backpack":2,"ae2:silicon_press":1,"techreborn:ruby_pickaxe":1,"minecraft:gunpowder":3,"minecraft:dirt":5,"minecraft:arrow":3,"ae2:sky_stone_block":64,"minecraft:iron_leggings":1,"expandeddelight:asparagus":1,"minecraft:rotten_flesh":9,"minecells:explosive_bulb":2,"ae2:certus_quartz_dust":1,"minecraft:wheat_seeds":11,"minecraft:hay_block":22,"minecraft:iron_ingot":5,"paladins:iron_mace":1,"minecraft:iron_pickaxe":1,"twigs:twig":2},"minecraft:mined":{"minecraft:hay_block":22,"minecells:putrid_fence":1,"minecraft:grass":22,"minecraft:grass_block":5,"expandeddelight:wild_asparagus":1,"minecraft:tall_grass":7,"minecells:alchemy_equipment_0":1},"minecraft:broken":{"minecraft:iron_leggings":1},"minecraft:used":{"minecraft:dark_oak_planks":9,"minecraft:bread":30,"minecraft:shield":1,"minecells:broadsword":58,"minecraft:iron_sword":5,"minecraft:dirt":4,"minecraft:goat_horn":3,"paladins:iron_mace":105,"minecraft:experience_bottle":1},"minecraft:killed":{"minecraft:zombie":1,"minecells:shieldbearer":6,"minecells:undead_archer":2,"minecells:leaping_zombie":16,"minecells:grenadier":1},"minecraft:custom":{"minecraft:time_since_rest":60409,"lootr:looted_stat":85,"minecraft:sprint_one_cm":216182,"minecraft:damage_taken":1072,"minecraft:walk_one_cm":164558,"minecraft:damage_blocked_by_shield":15,"minecraft:mob_kills":28,"minecraft:drop":6,"minecraft:damage_dealt":5101,"minecraft:swim_one_cm":661,"minecraft:interact_with_crafting_table":8,"minecraft:fly_one_cm":206661,"minecraft:open_barrel":7,"minecraft:open_chest":10,"minecraft:crouch_one_cm":2345,"minecraft:play_time":60409,"minecraft:sneak_time":845,"minecraft:walk_under_water_one_cm":213,"minecraft:damage_dealt_resisted":0,"minecraft:jump":1109,"minecraft:leave_game":4,"minecraft:time_since_death":60409,"minecraft:walk_on_water_one_cm":289,"minecraft:climb_one_cm":1497,"minecraft:total_world_time":60409,"minecraft:interact_with_smoker":1,"minecraft:damage_resisted":0,"minecraft:hex":0,"minecraft:fall_one_cm":22471},"minecraft:dropped":{"minecraft:filled_map":1,"minecraft:brown_mushroom":1,"minecraft:wheat_seeds":11,"fishofthieves:islehopper":1,"spellbladenext:frost_orb":1,"sophisticatedbackpacks:backpack":1},"minecraft:crafted":{"minecraft:iron_chestplate":1,"sophisticatedbackpacks:gold_backpack":1,"minecraft:dark_oak_planks":36,"minecraft:bread":66,"sophisticatedbackpacks:iron_backpack":1,"minecraft:wheat":198}},"DataVersion":3465}