{"stats":{"minecraft:mined":{"minecells:putrid_fence":2,"minecraft:grass_block":5,"minecraft:tall_grass":7,"minecells:alchemy_equipment_0":1,"minecraft:hay_block":22,"minecells:bloomrock":21,"minecraft:grass":22,"expandeddelight:wild_asparagus":1,"minecells:king_statue":1,"minecells:bloomrock_wilted_grass_block":1},"minecraft:picked_up":{"minecraft:iron_chestplate":1,"minecraft:wheat":1,"minecraft:brown_mushroom":1,"minecraft:red_mushroom":7,"minecraft:enchanted_book":8,"minecells:king_statue":1,"ae2:silicon_press":1,"minecells:bloomrock_tiles":1,"minecraft:gunpowder":3,"minecraft:dirt":5,"minecraft:iron_leggings":1,"minecraft:bow":1,"minecraft:wheat_seeds":11,"minecraft:iron_ingot":5,"fishofthieves:earthworms":1,"minecells:vine_rune":2,"minecraft:iron_pickaxe":1,"twigs:twig":2,"minecells:transposition_core":2,"minecells:guts":23,"minecells:monster_cell":37,"fishofthieves:islehopper":1,"minecells:infected_flesh":27,"minecells:monsters_eye":2,"sophisticatedbackpacks:backpack":2,"techreborn:ruby_pickaxe":1,"minecells:metal_shards":2,"minecells:putrid_fence":1,"ae2:sky_stone_block":64,"minecraft:arrow":7,"minecraft:rotten_flesh":26,"expandeddelight:asparagus":1,"minecells:explosive_bulb":2,"ae2:certus_quartz_dust":1,"minecraft:hay_block":22,"minecells:bloomrock":22,"paladins:iron_mace":1,"minecraft:bread":1},"minecraft:broken":{"mcda:reinforced_mail_helmet":1,"minecraft:iron_chestplate":1,"minecraft:iron_leggings":1},"minecraft:used":{"minecraft:shield":13,"minecraft:iron_sword":5,"simplyswords:diamond_halberd":1,"minecraft:dirt":4,"minecraft:crafting_table":1,"paladins:iron_mace":105,"simplyswords:diamond_sai":7,"minecraft:carrot":3,"minecells:monsters_eye":2,"minecraft:dark_oak_planks":27,"minecraft:apple":2,"techreborn:ruby_pickaxe":22,"minecraft:bread":78,"minecells:broadsword":408,"minecells:guts":10,"minecraft:goat_horn":3,"minecraft:experience_bottle":1},"minecraft:killed":{"minecells:mutated_bat":12,"minecells:runner":9,"minecells:undead_archer":4,"minecraft:zombie":1,"minecells:shieldbearer":6,"minecells:leaping_zombie":50,"minecells:protector":7,"minecells:grenadier":1},"minecraft:custom":{"lootr:looted_stat":114,"minecraft:mob_kills":96,"minecraft:interact_with_crafting_table":9,"minecraft:open_barrel":7,"minecraft:damage_dealt_resisted":0,"minecraft:leave_game":4,"minecraft:time_since_death":108409,"minecraft:climb_one_cm":4890,"minecraft:damage_resisted":0,"minecraft:hex":0,"minecraft:time_since_rest":108409,"minecraft:sprint_one_cm":377223,"minecraft:damage_taken":4089,"minecraft:walk_one_cm":345276,"minecraft:damage_blocked_by_shield":330,"minecraft:drop":7,"minecraft:damage_dealt":16708,"minecraft:swim_one_cm":661,"minecraft:fly_one_cm":442999,"minecraft:open_chest":17,"minecraft:crouch_one_cm":4142,"minecraft:play_time":108409,"minecraft:walk_under_water_one_cm":213,"minecraft:sneak_time":1728,"minecraft:jump":2311,"minecraft:walk_on_water_one_cm":4024,"minecraft:interact_with_smoker":1,"minecraft:total_world_time":108409,"minecraft:fall_one_cm":43496},"minecraft:dropped":{"minecraft:bread":1,"minecraft:brown_mushroom":1,"minecraft:wheat_seeds":11,"fishofthieves:islehopper":1,"spellbladenext:frost_orb":1,"sophisticatedbackpacks:backpack":1,"minecraft:filled_map":1},"minecraft:crafted":{"minecraft:crafting_table":1,"minecraft:iron_helmet":1,"sophisticatedbackpacks:gold_backpack":1,"minecraft:bread":66,"minecraft:iron_boots":1,"minecraft:iron_chestplate":1,"minecraft:iron_leggings":1,"minecraft:dark_oak_planks":36,"minecraft:wheat":198,"sophisticatedbackpacks:iron_backpack":1}},"DataVersion":3465}