{"stats":{"minecraft:picked_up":{"minecraft:wheat_seeds":1,"fishofthieves:islehopper":1,"sophisticatedbackpacks:backpack":1,"minecraft:hay_block":22,"ae2:silicon_press":1,"paladins:iron_mace":1,"twigs:twig":2,"minecraft:dirt":5},"minecraft:mined":{"minecraft:hay_block":22,"minecraft:grass":1,"minecraft:grass_block":5,"minecraft:tall_grass":1},"minecraft:used":{"minecraft:dirt":4,"minecraft:bread":2},"minecraft:custom":{"minecraft:open_barrel":7,"minecraft:time_since_rest":12409,"minecraft:crouch_one_cm":895,"lootr:looted_stat":1,"minecraft:play_time":12409,"minecraft:sprint_one_cm":12791,"minecraft:damage_taken":120,"minecraft:walk_one_cm":31887,"minecraft:sneak_time":324,"minecraft:jump":136,"minecraft:damage_dealt":32,"minecraft:leave_game":4,"minecraft:time_since_death":12409,"minecraft:total_world_time":12409,"minecraft:climb_one_cm":949,"minecraft:hex":0,"minecraft:interact_with_crafting_table":1,"minecraft:fall_one_cm":3236,"minecraft:fly_one_cm":14737},"minecraft:crafted":{"minecraft:bread":66,"minecraft:wheat":198}},"DataVersion":3465}