{"stats":{"minecraft:dropped":{"marbledsarsenal:swat_armor_helmet":1,"minecraft:moss_carpet":4,"minecraft:brown_mushroom":2,"minecraft:wheat_seeds":160,"minecraft:coarse_dirt":9,"marbledsarsenal:swat_armor_chestplate":1,"ecologics:coconut_slice":1,"marbledsarsenal:swat_armor_leggings":1,"minecraft:feather":1,"minecraft:cobblestone":6,"minecraft:rotten_flesh":9,"ecologics:walnut_sapling":21,"marbledsarsenal:swat_armor_boots":1,"projectvibrantjourneys:orange_bark_mushroom":1,"minecraft:carrot":1,"projectvibrantjourneys:light_brown_bark_mushroom":2,"pointblank:xm7":1,"minecraft:gunpowder":1,"projectvibrantjourneys:fallen_leaves":15,"alexsmobs:flying_fish":1,"ecologics:coconut_husk":7,"minecraft:slime_ball":4,"minecraft:string":2,"immersive_aircraft:cargo_airship":1,"projectvibrantjourneys:bark_mushroom":4,"minecraft:bone":3},"minecraft:killed":{"minecraft:husk":1,"minecraft:zombified_piglin":1,"hordes:zombie_player":3,"minecraft:zoglin":1,"minecraft:zombie":12,"minecraft:drowned":1},"minecraft:used":{"ecologics:walnut_log":20,"minecraft:stone_pickaxe":224,"minecraft:baked_potato":3,"minecraft:chest":1,"minecraft:ender_pearl":1,"minecraft:spruce_planks":691,"minecraft:shield":5,"minecraft:stone":1168,"ecologics:walnut_sapling":10,"minecraft:torch":25,"minecraft:dirt":140,"minecraft:crafting_table":1,"minecraft:carrot":134,"minecraft:spruce_stairs":95,"minecraft:stone_stairs":247,"minecraft:spruce_log":4,"marbledsarsenal:police_baton":16,"minecraft:stone_axe":178,"ecologics:coconut_slice":7,"minecraft:cobblestone":1,"minecraft:sweet_berries":3,"ecologics:coconut_log":123,"minecraft:cooked_porkchop":1,"ecologics:walnut":12,"ecologics:coconut_seedling":5,"minecraft:bone_meal":9},"minecraft:crafted":{"minecraft:crafting_table":1,"minecraft:spruce_planks":788,"minecraft:copper_ingot":54,"minecraft:stone":1975,"minecraft:bone_meal":9,"minecraft:stone_axe":4,"minecraft:air":0,"minecraft:stone_stairs":236,"minecraft:spruce_stairs":84,"minecraft:stone_pickaxe":1,"minecraft:chest":1,"minecraft:torch":44,"minecraft:stone_bricks":256},"minecraft:mined":{"minecraft:spruce_planks":48,"ecologics:walnut_sapling":4,"projectvibrantjourneys:rocks":3,"projectvibrantjourneys:twigs":1,"minecraft:grass_block":144,"ecologics:walnut_leaves":1,"minecraft:tall_grass":123,"minecraft:cobblestone":2,"ecologics:coconut_log":5,"projectvibrantjourneys:fallen_leaves":10,"minecraft:oak_planks":1,"minecraft:spruce_stairs":64,"minecraft:stone_stairs":30,"minecraft:sweet_berry_bush":1,"minecraft:spruce_log":1,"minecraft:grass":379,"projectvibrantjourneys:short_grass":59,"minecraft:dirt":42,"minecraft:stone":179},"minecraft:picked_up":{"minecraft:crafting_table":1,"minecraft:coarse_dirt":9,"ecologics:walnut":62,"minecraft:feather":1,"minecraft:chicken":3,"projectvibrantjourneys:fallen_leaves":18,"minecraft:brown_mushroom":2,"marbledsarsenal:swat_armor_boots":4,"marbledsarsenal:swat_armor_chestplate":4,"pointblank:xm7":1,"minecraft:shield":3,"minecraft:gunpowder":1,"projectvibrantjourneys:oak_hollow_log":8,"marbledsarsenal:cm6m_gas_mask":1,"minecraft:dirt":587,"minecraft:string":4,"minecraft:moss_carpet":8,"minecraft:stone_stairs":65,"marbledsarsenal:swat_armor_helmet":4,"minecraft:leather_boots":1,"minecraft:bone":6,"pointblank:deserteagle":1,"ecologics:walnut_sapling":41,"minecraft:wheat_seeds":192,"minecraft:gold_nugget":1,"minecraft:spruce_planks":188,"minecraft:stone_pickaxe":3,"minecraft:oak_planks":51,"projectvibrantjourneys:light_brown_bark_mushroom":2,"minecraft:stick":59,"marbledsarsenal:police_baton":3,"minecraft:stone":130,"marbledsarsenal:swat_armor_leggings":4,"immersive_aircraft:cargo_airship":1,"ecologics:walnut_log":69,"ecologics:coconut_slice":24,"projectvibrantjourneys:bark_mushroom":6,"ecologics:coconut_seedling":50,"minecraft:spruce_stairs":175,"sophisticatedbackpacks:backpack":3,"pointblank:gunmetal_nugget":83,"minecraft:spruce_log":110,"minecraft:carrot":111,"pointblank:m1911a1":2,"pointblank:ammo45acp":16,"pointblank:ak47":1,"minecraft:rotten_flesh":42,"minecraft:slime_ball":2,"minecraft:stone_axe":4,"ecologics:coconut_log":199,"pointblank:ammo50ae":28,"projectvibrantjourneys:orange_bark_mushroom":2,"pointblank:mk14ebr":1,"alexsmobs:flying_fish":4,"minecraft:cobblestone":367,"minecraft:ender_pearl":1},"minecraft:killed_by":{"minecraft:player":2,"minecraft:zombified_piglin":1},"minecraft:custom":{"minecraft:interact_with_furnace":180,"minecraft:mob_kills":20,"minecraft:interact_with_crafting_table":32,"minecraft:damage_dealt_resisted":63,"minecraft:leave_game":3,"minecraft:time_since_death":38939,"minecraft:climb_one_cm":17475,"minecraft:sleep_in_bed":6,"minecraft:time_since_rest":20206,"minecraft:sprint_one_cm":398887,"minecraft:damage_taken":2893,"minecraft:walk_one_cm":779843,"minecraft:damage_blocked_by_shield":305,"minecraft:drop":43,"minecraft:damage_dealt":5582,"minecraft:swim_one_cm":10253,"minecraft:fly_one_cm":570312,"minecraft:player_kills":2,"minecraft:open_chest":112,"minecraft:crouch_one_cm":105174,"minecraft:play_time":250951,"minecraft:deaths":3,"minecraft:sneak_time":29225,"minecraft:walk_under_water_one_cm":1636,"minecraft:jump":3873,"minecraft:interact_with_blast_furnace":3,"minecraft:walk_on_water_one_cm":2596,"minecraft:total_world_time":250951,"minecraft:interact_with_smoker":1,"minecraft:fall_one_cm":95039},"minecraft:broken":{"minecraft:stone_pickaxe":1,"minecraft:stone_axe":2}},"DataVersion":3465}