{"stats":{"minecraft:mined":{"minecells:putrid_fence":2,"farmersdelight:wild_carrots":1,"minecraft:crafting_table":1,"regions_unexplored:red_maple_shrub":1,"minecraft:grass_block":5,"minecraft:tall_grass":7,"minecells:alchemy_equipment_0":1,"minecraft:large_fern":1,"minecraft:hay_block":26,"minecells:bloomrock":21,"regions_unexplored:redstone_bud":1,"minecraft:grass":22,"expandeddelight:wild_asparagus":1,"minecells:king_statue":1,"minecells:bloomrock_wilted_grass_block":1},"minecraft:picked_up":{"minecraft:crafting_table":1,"minecraft:iron_chestplate":1,"minecraft:wheat":1,"minecraft:brown_mushroom":1,"minecraft:red_mushroom":7,"minecraft:birch_planks":1,"minecraft:enchanted_book":8,"minecells:king_statue":1,"ae2:silicon_press":1,"minecells:bloomrock_tiles":1,"minecraft:gunpowder":3,"minecraft:string":2,"minecraft:dirt":5,"minecraft:lantern":1,"minecraft:iron_axe":1,"minecraft:iron_leggings":1,"minecraft:bone":7,"regions_unexplored:red_maple_shrub":1,"minecraft:bow":1,"minecells:sewer_calamari":7,"minecraft:wheat_seeds":12,"minecraft:iron_ingot":5,"fishofthieves:earthworms":1,"minecells:vine_rune":2,"minecraft:iron_pickaxe":1,"twigs:twig":2,"minecells:transposition_core":2,"minecells:guts":28,"simplyswords:diamond_cutlass":1,"minecells:monster_cell":42,"fishofthieves:islehopper":1,"minecells:infected_flesh":27,"minecells:monsters_eye":2,"sophisticatedbackpacks:backpack":2,"techreborn:ruby_pickaxe":1,"minecraft:carrot":1,"minecells:metal_shards":2,"minecells:big_chain":8,"minecells:putrid_fence":1,"ae2:sky_stone_block":64,"minecells:red_putrid_sapling":1,"minecraft:arrow":12,"minecraft:rotten_flesh":33,"expandeddelight:asparagus":1,"minecells:explosive_bulb":2,"ae2:certus_quartz_dust":1,"minecraft:hay_block":26,"minecraft:golden_apple":1,"minecells:bloomrock":22,"paladins:iron_mace":1,"minecraft:emerald":3,"minecraft:bread":1,"minecraft:coal":5,"minecells:boss_stem_cell":1,"minecraft:ender_pearl":1},"minecraft:broken":{"mcda:reinforced_mail_helmet":1,"minecraft:iron_chestplate":2,"minecraft:iron_leggings":1},"minecraft:used":{"minecraft:shield":20,"minecraft:iron_sword":5,"simplyswords:diamond_halberd":1,"minecraft:iron_chestplate":1,"minecraft:dirt":4,"minecraft:crafting_table":3,"paladins:iron_mace":105,"simplyswords:diamond_sai":7,"minecraft:carrot":7,"minecells:monsters_eye":2,"minecraft:dark_oak_planks":27,"minecraft:apple":2,"techreborn:ruby_pickaxe":22,"minecraft:bread":82,"simplyswords:diamond_cutlass":172,"minecells:broadsword":408,"minecells:guts":25,"minecraft:goat_horn":3,"minecraft:experience_bottle":1},"minecraft:killed":{"minecells:mutated_bat":12,"minecells:runner":9,"minecraft:vindicator":1,"minecells:undead_archer":4,"minecraft:pillager":4,"minecraft:zombie":7,"minecells:shieldbearer":6,"minecells:sewers_tentacle":4,"minecells:leaping_zombie":50,"minecells:protector":7,"minecells:grenadier":1,"minecraft:enderman":1},"minecraft:custom":{"lootr:looted_stat":119,"minecraft:mob_kills":112,"minecraft:interact_with_crafting_table":13,"minecraft:open_barrel":7,"minecraft:damage_dealt_resisted":0,"minecraft:leave_game":4,"minecraft:time_since_death":132409,"minecraft:climb_one_cm":4890,"minecraft:damage_resisted":0,"minecraft:hex":0,"minecraft:time_since_rest":132409,"minecraft:sprint_one_cm":442245,"minecraft:damage_taken":4626,"minecraft:walk_one_cm":412849,"minecraft:damage_blocked_by_shield":555,"minecraft:drop":14,"minecraft:damage_dealt":22260,"minecraft:swim_one_cm":3189,"minecraft:fly_one_cm":529119,"minecraft:open_chest":17,"minecraft:crouch_one_cm":5015,"minecraft:play_time":132409,"minecraft:walk_under_water_one_cm":8022,"minecraft:sneak_time":2070,"minecraft:jump":3004,"minecraft:walk_on_water_one_cm":14663,"minecraft:interact_with_smoker":1,"minecraft:total_world_time":132409,"minecraft:fall_one_cm":59314},"minecraft:dropped":{"minecraft:bread":1,"minecraft:brown_mushroom":1,"minecraft:wheat_seeds":12,"regions_unexplored:red_maple_shrub":1,"fishofthieves:islehopper":1,"spellbladenext:frost_orb":1,"sophisticatedbackpacks:backpack":1,"minecraft:filled_map":1,"minecells:bloomrock_tiles":1,"minecells:guts":3,"minecraft:string":2},"minecraft:crafted":{"minecraft:crafting_table":2,"minecraft:iron_helmet":1,"sophisticatedbackpacks:gold_backpack":1,"minecraft:bread":78,"minecraft:iron_boots":1,"minecraft:iron_chestplate":2,"minecraft:iron_leggings":1,"minecraft:dark_oak_planks":36,"minecraft:wheat":234,"sophisticatedbackpacks:iron_backpack":1}},"DataVersion":3465}