{"stats":{"minecraft:picked_up":{"minecraft:wheat":1,"minecraft:brown_mushroom":1,"fishofthieves:islehopper":1,"minecraft:red_mushroom":7,"sophisticatedbackpacks:backpack":2,"ae2:silicon_press":1,"minecraft:dirt":5,"ae2:sky_stone_block":64,"expandeddelight:asparagus":1,"minecraft:rotten_flesh":2,"ae2:certus_quartz_dust":1,"minecraft:wheat_seeds":11,"minecraft:hay_block":22,"minecraft:iron_ingot":5,"paladins:iron_mace":1,"twigs:twig":2},"minecraft:mined":{"minecraft:hay_block":22,"minecraft:grass":22,"minecraft:grass_block":5,"expandeddelight:wild_asparagus":1,"minecraft:tall_grass":7},"minecraft:used":{"minecraft:bread":8,"minecraft:shield":1,"minecraft:dirt":4,"paladins:iron_mace":2,"minecraft:experience_bottle":1},"minecraft:custom":{"minecraft:time_since_rest":24409,"lootr:looted_stat":7,"minecraft:sprint_one_cm":56721,"minecraft:damage_taken":240,"minecraft:walk_one_cm":63554,"minecraft:damage_blocked_by_shield":15,"minecraft:drop":4,"minecraft:damage_dealt":97,"minecraft:swim_one_cm":661,"minecraft:interact_with_crafting_table":3,"minecraft:fly_one_cm":113547,"minecraft:open_barrel":7,"minecraft:crouch_one_cm":1161,"minecraft:play_time":24409,"minecraft:sneak_time":399,"minecraft:walk_under_water_one_cm":213,"minecraft:jump":561,"minecraft:leave_game":4,"minecraft:time_since_death":24409,"minecraft:walk_on_water_one_cm":289,"minecraft:climb_one_cm":949,"minecraft:total_world_time":24409,"minecraft:interact_with_smoker":1,"minecraft:hex":0,"minecraft:fall_one_cm":18268},"minecraft:dropped":{"minecraft:filled_map":1,"minecraft:wheat_seeds":11,"spellbladenext:frost_orb":1,"sophisticatedbackpacks:backpack":1},"minecraft:crafted":{"minecraft:iron_chestplate":1,"minecraft:dark_oak_planks":36,"minecraft:bread":66,"minecraft:wheat":198}},"DataVersion":3465}