{"stats":{"minecraft:mined":{"minecells:putrid_fence":2,"minecraft:grass_block":5,"minecraft:tall_grass":7,"minecells:alchemy_equipment_0":1,"minecraft:hay_block":22,"minecraft:grass":22,"expandeddelight:wild_asparagus":1},"minecraft:picked_up":{"minecraft:iron_chestplate":1,"minecraft:wheat":1,"minecraft:brown_mushroom":1,"minecraft:red_mushroom":7,"ae2:silicon_press":1,"minecells:bloomrock_tiles":1,"minecraft:gunpowder":3,"minecraft:dirt":5,"minecraft:iron_leggings":1,"minecraft:wheat_seeds":11,"minecraft:iron_ingot":5,"minecraft:iron_pickaxe":1,"twigs:twig":2,"minecells:transposition_core":1,"minecells:guts":9,"minecells:monster_cell":17,"fishofthieves:islehopper":1,"minecells:infected_flesh":14,"minecells:monsters_eye":1,"sophisticatedbackpacks:backpack":2,"techreborn:ruby_pickaxe":1,"minecells:metal_shards":2,"ae2:sky_stone_block":64,"minecraft:arrow":3,"minecraft:rotten_flesh":14,"expandeddelight:asparagus":1,"minecells:explosive_bulb":2,"ae2:certus_quartz_dust":1,"minecraft:hay_block":22,"paladins:iron_mace":1},"minecraft:broken":{"minecraft:iron_chestplate":1,"minecraft:iron_leggings":1},"minecraft:used":{"minecraft:shield":7,"minecraft:iron_sword":5,"simplyswords:diamond_halberd":1,"minecraft:dirt":4,"paladins:iron_mace":105,"simplyswords:diamond_sai":7,"minecraft:dark_oak_planks":21,"minecraft:bread":44,"minecells:broadsword":161,"minecraft:goat_horn":3,"minecraft:experience_bottle":1},"minecraft:killed":{"minecells:mutated_bat":8,"minecells:runner":3,"minecells:undead_archer":2,"minecraft:zombie":1,"minecells:shieldbearer":6,"minecells:leaping_zombie":32,"minecells:grenadier":1},"minecraft:custom":{"lootr:looted_stat":93,"minecraft:mob_kills":56,"minecraft:interact_with_crafting_table":8,"minecraft:open_barrel":7,"minecraft:damage_dealt_resisted":0,"minecraft:leave_game":4,"minecraft:time_since_death":72409,"minecraft:climb_one_cm":1497,"minecraft:damage_resisted":0,"minecraft:hex":0,"minecraft:time_since_rest":72409,"minecraft:sprint_one_cm":253133,"minecraft:damage_taken":1892,"minecraft:walk_one_cm":200192,"minecraft:damage_blocked_by_shield":185,"minecraft:drop":6,"minecraft:damage_dealt":8796,"minecraft:swim_one_cm":661,"minecraft:fly_one_cm":266007,"minecraft:open_chest":11,"minecraft:crouch_one_cm":2489,"minecraft:play_time":72409,"minecraft:walk_under_water_one_cm":213,"minecraft:sneak_time":1016,"minecraft:jump":1408,"minecraft:walk_on_water_one_cm":1031,"minecraft:interact_with_smoker":1,"minecraft:total_world_time":72409,"minecraft:fall_one_cm":28035},"minecraft:dropped":{"minecraft:brown_mushroom":1,"minecraft:wheat_seeds":11,"fishofthieves:islehopper":1,"spellbladenext:frost_orb":1,"sophisticatedbackpacks:backpack":1,"minecraft:filled_map":1},"minecraft:crafted":{"sophisticatedbackpacks:gold_backpack":1,"minecraft:bread":66,"minecraft:iron_chestplate":1,"minecraft:dark_oak_planks":36,"minecraft:wheat":198,"sophisticatedbackpacks:iron_backpack":1}},"DataVersion":3465}