{"stats":{"minecraft:picked_up":{"minecells:guts":1,"minecraft:iron_chestplate":1,"minecraft:wheat":1,"minecells:monster_cell":6,"minecraft:brown_mushroom":1,"fishofthieves:islehopper":1,"minecraft:red_mushroom":7,"minecells:infected_flesh":4,"sophisticatedbackpacks:backpack":2,"ae2:silicon_press":1,"techreborn:ruby_pickaxe":1,"minecraft:gunpowder":3,"minecraft:dirt":5,"ae2:sky_stone_block":64,"minecraft:iron_leggings":1,"expandeddelight:asparagus":1,"minecraft:rotten_flesh":7,"minecells:explosive_bulb":2,"ae2:certus_quartz_dust":1,"minecraft:wheat_seeds":11,"minecraft:hay_block":22,"minecraft:iron_ingot":5,"paladins:iron_mace":1,"minecraft:iron_pickaxe":1,"twigs:twig":2},"minecraft:mined":{"minecraft:hay_block":22,"minecraft:grass":22,"minecraft:grass_block":5,"expandeddelight:wild_asparagus":1,"minecraft:tall_grass":7,"minecells:alchemy_equipment_0":1},"minecraft:used":{"minecraft:bread":20,"minecraft:shield":1,"minecells:broadsword":16,"minecraft:iron_sword":5,"minecraft:dirt":4,"minecraft:goat_horn":2,"paladins:iron_mace":105,"minecraft:experience_bottle":1},"minecraft:killed":{"minecraft:zombie":1,"minecells:shieldbearer":4,"minecells:undead_archer":1,"minecells:leaping_zombie":12,"minecells:grenadier":1},"minecraft:custom":{"minecraft:time_since_rest":48409,"lootr:looted_stat":59,"minecraft:sprint_one_cm":139731,"minecraft:damage_taken":715,"minecraft:walk_one_cm":137218,"minecraft:damage_blocked_by_shield":15,"minecraft:mob_kills":19,"minecraft:drop":6,"minecraft:damage_dealt":3617,"minecraft:swim_one_cm":661,"minecraft:interact_with_crafting_table":8,"minecraft:fly_one_cm":158285,"minecraft:open_barrel":7,"minecraft:open_chest":10,"minecraft:crouch_one_cm":2254,"minecraft:play_time":48409,"minecraft:sneak_time":791,"minecraft:walk_under_water_one_cm":213,"minecraft:damage_dealt_resisted":0,"minecraft:jump":840,"minecraft:leave_game":4,"minecraft:time_since_death":48409,"minecraft:walk_on_water_one_cm":289,"minecraft:climb_one_cm":1497,"minecraft:total_world_time":48409,"minecraft:interact_with_smoker":1,"minecraft:hex":0,"minecraft:fall_one_cm":20395},"minecraft:dropped":{"minecraft:filled_map":1,"minecraft:brown_mushroom":1,"minecraft:wheat_seeds":11,"fishofthieves:islehopper":1,"spellbladenext:frost_orb":1,"sophisticatedbackpacks:backpack":1},"minecraft:crafted":{"minecraft:iron_chestplate":1,"sophisticatedbackpacks:gold_backpack":1,"minecraft:dark_oak_planks":36,"minecraft:bread":66,"sophisticatedbackpacks:iron_backpack":1,"minecraft:wheat":198}},"DataVersion":3465}