{"stats":{"minecraft:mined":{"create:white_seat":1,"ecologics:coconut_planks":4,"minecraft:dandelion":6,"projectvibrantjourneys:rocks":2,"projectvibrantjourneys:twigs":2,"minecraft:grass_block":398,"minecraft:poppy":1,"minecraft:tall_grass":91,"ecologics:coconut_log":19,"minecraft:lily_pad":1,"projectvibrantjourneys:fallen_leaves":5,"minecraft:oak_planks":1,"minecraft:oxeye_daisy":1,"minecraft:large_fern":1,"minecraft:pink_petals":5,"minecraft:tall_seagrass":1,"minecraft:coarse_dirt":9,"projectvibrantjourneys:bones":1,"minecraft:spruce_log":1,"minecraft:peony":1,"minecraft:grass":286,"minecraft:oak_log":9,"projectvibrantjourneys:short_grass":58,"minecraft:sand":1,"minecraft:dirt":23,"ecologics:walnut_log":4,"minecraft:stone":7,"minecraft:oak_leaves":4,"minecraft:fern":1},"minecraft:crafted":{"minecraft:cooked_beef":14,"minecraft:oak_planks":36,"minecraft:cooked_porkchop":2,"ecologics:coconut_planks":4,"minecraft:spruce_planks":168,"minecraft:baked_potato":6,"minecraft:air":0,"minecraft:stone_pickaxe":1},"minecraft:used":{"minecraft:stone_pickaxe":8,"minecraft:oak_planks":10,"minecraft:baked_potato":3,"minecraft:shield":20,"marbledsarsenal:swat_armor_boots":1,"ecologics:coconut_planks":4,"minecraft:rotten_flesh":1,"minecraft:dirt":159,"minecraft:crafting_table":1,"marbledsarsenal:swat_armor_helmet":1,"minecraft:spruce_log":1,"minecraft:spruce_boat":1,"marbledsarsenal:swat_armor_chestplate":1,"minecraft:bread":9,"marbledsarsenal:swat_armor_leggings":1,"marbledsarsenal:police_baton":464,"create:white_seat":1,"minecraft:pink_petals":1,"ecologics:coconut_log":61,"minecraft:porkchop":8,"minecraft:cooked_porkchop":7,"ecologics:walnut":9,"minecraft:cooked_beef":14},"minecraft:picked_up":{"minecraft:pink_petals":4,"minecraft:crafting_table":1,"minecraft:coarse_dirt":18,"ecologics:walnut":9,"minecraft:cooked_beef":12,"projectvibrantjourneys:fallen_leaves":14,"ecologics:coconut_planks":8,"minecraft:leather":15,"marbledsarsenal:swat_armor_boots":1,"marbledsarsenal:swat_armor_chestplate":1,"minecraft:oak_log":9,"minecraft:lily_pad":32,"minecraft:shield":4,"minecraft:cornflower":2,"marbledsarsenal:cm6m_gas_mask":4,"minecraft:dirt":669,"minecraft:string":3,"marbledsarsenal:swat_armor_helmet":1,"minecraft:leather_boots":3,"minecraft:bone":6,"ecologics:walnut_sapling":14,"minecraft:wheat_seeds":133,"minecraft:spruce_planks":168,"minecraft:beef":20,"minecraft:stone_pickaxe":3,"create:white_seat":3,"minecraft:poppy":2,"minecraft:oak_planks":81,"minecraft:stick":16,"marbledsarsenal:swat_armor_leggings":1,"marbledsarsenal:police_baton":3,"minecraft:cooked_porkchop":7,"minecraft:sweet_berries":12,"ecologics:walnut_log":8,"minecraft:dandelion":22,"sophisticatedbackpacks:backpack":4,"minecraft:porkchop":19,"pointblank:gunmetal_nugget":29,"ecologics:coconut_husk":1,"minecraft:spruce_log":171,"alexsmobs:animal_dictionary":2,"pointblank:m1911a1":3,"pointblank:ammo45acp":91,"minecraft:rotten_flesh":21,"minecraft:spruce_boat":1,"ecologics:coconut_log":62,"minecraft:baked_potato":3,"minecraft:cobblestone":22,"minecraft:oxeye_daisy":2},"minecraft:dropped":{"minecraft:porkchop":1,"minecraft:cooked_beef":1,"minecraft:cobblestone":13,"ecologics:coconut_husk":1,"minecraft:pink_petals":1},"minecraft:killed_by":{"minecraft:player":1,"minecraft:zombie":1,"minecraft:pillager":1,"hordes:zombie_player":1},"minecraft:custom":{"minecraft:interact_with_furnace":16,"minecraft:mob_kills":34,"minecraft:interact_with_crafting_table":2,"minecraft:damage_dealt_resisted":61,"minecraft:leave_game":4,"minecraft:time_since_death":23548,"minecraft:climb_one_cm":16010,"minecraft:time_since_rest":23574,"minecraft:damage_taken":3187,"minecraft:sprint_one_cm":260290,"minecraft:damage_blocked_by_shield":975,"minecraft:walk_one_cm":499078,"minecraft:drop":5,"minecraft:damage_dealt":6323,"minecraft:damage_dealt_absorbed":19,"minecraft:player_kills":1,"minecraft:swim_one_cm":52042,"minecraft:talked_to_villager":1,"minecraft:fly_one_cm":463103,"minecraft:open_chest":12,"minecraft:crouch_one_cm":54835,"minecraft:play_time":194576,"minecraft:deaths":4,"minecraft:sneak_time":18498,"minecraft:walk_under_water_one_cm":8148,"minecraft:boat_one_cm":334506,"minecraft:jump":2791,"minecraft:interact_with_blast_furnace":1,"minecraft:walk_on_water_one_cm":12128,"minecraft:total_world_time":194576,"minecraft:interact_with_smoker":2,"minecraft:fall_one_cm":65150},"minecraft:killed":{"minecraft:husk":5,"minecraft:pig":8,"hordes:zombie_player":1,"minecraft:pillager":6,"minecraft:zombie":8,"minecraft:cow":6}},"DataVersion":3465}