{"stats":{"minecraft:killed":{"minecraft:pig":5},"minecraft:used":{"minecraft:crafting_table":1,"minecraft:stone_pickaxe":1,"minecraft:bread":5,"marbledsarsenal:police_baton":31},"minecraft:mined":{"create:white_seat":1,"minecraft:grass_block":1,"minecraft:oak_log":9,"projectvibrantjourneys:short_grass":4,"minecraft:sand":1,"minecraft:oak_leaves":4,"minecraft:fern":1},"minecraft:crafted":{"minecraft:oak_planks":36,"minecraft:stone_pickaxe":1},"minecraft:picked_up":{"pointblank:ammo45acp":1,"minecraft:stick":2,"minecraft:crafting_table":1,"minecraft:rotten_flesh":1,"ecologics:coconut_log":43,"minecraft:porkchop":7,"minecraft:oak_log":9,"create:white_seat":1,"minecraft:spruce_log":170,"minecraft:dirt":1,"minecraft:cobblestone":9},"minecraft:custom":{"minecraft:time_since_rest":41541,"minecraft:crouch_one_cm":3328,"minecraft:play_time":41541,"minecraft:sprint_one_cm":42321,"minecraft:damage_taken":169,"minecraft:walk_one_cm":64712,"minecraft:sneak_time":1312,"minecraft:mob_kills":5,"minecraft:jump":405,"minecraft:damage_dealt":494,"minecraft:time_since_death":41541,"minecraft:total_world_time":41541,"minecraft:interact_with_crafting_table":1,"minecraft:fall_one_cm":10726,"minecraft:fly_one_cm":44199}},"DataVersion":3465}