{"stats":{"minecraft:used":{"minecraft:crafting_table":1,"minecraft:bread":2,"marbledsarsenal:police_baton":16},"minecraft:mined":{"minecraft:grass_block":1,"minecraft:oak_log":9,"projectvibrantjourneys:short_grass":1,"minecraft:oak_leaves":4},"minecraft:crafted":{"minecraft:oak_planks":36,"minecraft:stone_pickaxe":1},"minecraft:picked_up":{"minecraft:stick":2,"minecraft:crafting_table":1,"minecraft:oak_log":9,"minecraft:dirt":1,"minecraft:cobblestone":9},"minecraft:custom":{"minecraft:time_since_rest":29541,"minecraft:crouch_one_cm":2832,"minecraft:play_time":29541,"minecraft:sprint_one_cm":3489,"minecraft:damage_taken":129,"minecraft:walk_one_cm":31124,"minecraft:sneak_time":962,"minecraft:jump":172,"minecraft:time_since_death":29541,"minecraft:total_world_time":29541,"minecraft:interact_with_crafting_table":1,"minecraft:fall_one_cm":2720,"minecraft:fly_one_cm":4114}},"DataVersion":3465}