{"stats":{"minecraft:killed":{"minecraft:pig":5},"minecraft:used":{"minecraft:spruce_boat":1,"minecraft:bread":9,"minecraft:stone_pickaxe":1,"marbledsarsenal:police_baton":39,"minecraft:rotten_flesh":1,"minecraft:crafting_table":1,"minecraft:porkchop":6},"minecraft:mined":{"minecraft:large_fern":1,"minecraft:tall_seagrass":1,"create:white_seat":1,"minecraft:grass_block":1,"minecraft:oak_log":9,"projectvibrantjourneys:short_grass":4,"minecraft:sand":1,"minecraft:lily_pad":1,"minecraft:oak_leaves":4,"minecraft:fern":1},"minecraft:crafted":{"minecraft:oak_planks":36,"minecraft:stone_pickaxe":1},"minecraft:dropped":{"ecologics:coconut_husk":1},"minecraft:picked_up":{"minecraft:stick":2,"minecraft:crafting_table":1,"minecraft:sweet_berries":3,"sophisticatedbackpacks:backpack":1,"minecraft:porkchop":7,"ecologics:coconut_husk":1,"minecraft:oak_log":9,"minecraft:lily_pad":8,"minecraft:spruce_log":170,"minecraft:dirt":1,"pointblank:ammo45acp":1,"minecraft:rotten_flesh":1,"minecraft:spruce_boat":1,"ecologics:coconut_log":43,"create:white_seat":1,"minecraft:cobblestone":9},"minecraft:custom":{"minecraft:time_since_rest":59541,"minecraft:sprint_one_cm":54576,"minecraft:damage_taken":622,"minecraft:walk_one_cm":94444,"minecraft:mob_kills":5,"minecraft:drop":1,"minecraft:damage_dealt":793,"minecraft:swim_one_cm":2318,"minecraft:interact_with_crafting_table":1,"minecraft:fly_one_cm":64143,"minecraft:crouch_one_cm":5584,"minecraft:play_time":59541,"minecraft:sneak_time":1657,"minecraft:walk_under_water_one_cm":3677,"minecraft:boat_one_cm":320853,"minecraft:jump":538,"minecraft:damage_dealt_resisted":24,"minecraft:time_since_death":59541,"minecraft:walk_on_water_one_cm":5625,"minecraft:total_world_time":59541,"minecraft:fall_one_cm":12874}},"DataVersion":3465}